NDIME= 2
NELEM= 19860
5 8076 8450 3947 0
5 2545 7049 4495 1
5 3605 9623 3673 2
5 1343 4949 1342 3
5 1862 5401 3935 4
5 2573 9556 5056 5
5 5340 5942 1941 6
5 1477 8966 3444 7
5 3259 8990 1932 8
5 1638 4107 4011 9
5 603 4384 602 10
5 4709 5736 2318 11
5 1358 7866 1357 12
5 4075 9211 3479 13
5 2399 4355 4235 14
5 3445 4487 2169 15
5 3109 8101 4210 16
5 4239 6006 3434 17
5 3365 10178 5037 18
5 3882 8860 1874 19
5 2195 4248 3438 20
5 4488 6241 2474 21
5 2337 4668 2972 22
5 1910 6426 2757 23
5 4080 4440 1685 24
5 5027 6078 1411 25
5 4587 9933 3961 26
5 5025 6203 1907 27
5 3035 6368 3531 28
5 2056 2057 1719 29
5 3774 9582 2510 30
5 3615 8924 4889 31
5 3714 4835 1450 32
5 3959 5150 1864 33
5 2491 6909 6357 34
5 4432 7236 3017 35
5 3533 3943 1587 36
5 4626 4627 2239 37
5 2503 6792 5137 38
5 5692 6672 1981 39
5 4235 5502 2399 40
5 3632 4587 1792 41
5 3185 8623 4298 42
5 5540 8103 3266 43
5 1499 6416 3528 44
5 4115 6230 2295 45
5 2324 5811 4982 46
5 2984 4964 2341 47
5 2309 4768 3687 48
5 1542 4902 4419 49
5 4610 8134 1408 50
5 4086 7449 4085 51
5 1544 3770 3538 52
5 3475 9794 4580 53
5 3102 8798 2309 54
5 2844 6432 6181 55
5 2757 6549 1910 56
5 4011 4107 2462 57
5 6779 10233 4271 58
5 2618 5207 3216 59
5 641 4450 640 60
5 4500 8130 2278 61
5 81 4473 80 62
5 1239 4456 1238 63
5 439 8005 7492 64
5 4871 6499 4077 65
5 3968 5711 1726 66
5 2001 8091 3342 67
5 5233 7717 4847 68
5 4705 6436 2045 69
5 1740 9853 3718 70
5 3944 5143 2107 71
5 1590 9317 8062 72
5 3007 7064 4775 73
5 1908 7272 2555 74
5 2509 5937 4533 75
5 6662 9659 2732 76
5 3914 7317 2635 77
5 2810 8804 4458 78
5 2699 6394 4871 79
5 2204 9371 5546 80
5 5173 7714 2613 81
5 6356 7018 2510 82
5 4075 8251 1780 83
5 2483 8708 4635 84
5 4038 7623 2498 85
5 2046 4816 4000 86
5 3833 4422 2580 87
5 1555 5780 4637 88
5 1827 4739 3939 89
5 4191 7115 1709 90
5 1834 5837 3787 91
5 4855 6434 6074 92
5 4927 8971 1707 93
5 1617 5436 3579 94
5 15 5292 14 95
5 5288 5806 2860 96
5 2350 3847 3205 97
5 3780 8783 1753 98
5 1560 10456 4830 99
5 3721 4391 2399 100
5 4118 6288 2445 101
5 1715 9842 3566 102
5 2149 5222 4593 103
5 4761 5453 2566 104
5 2845 7937 4364 105
5 2920 9770 5654 106
5 2452 4787 4545 107
5 1848 5268 3832 108
5 3082 7259 2605 109
5 6177 6668 2871 110
5 96 4469 95 111
5 2676 8388 6759 112
5 3876 6455 1787 113
5 1512 4461 3290 114
5 3122 7465 4087 115
5 1969 7195 4709 116
5 4251 8305 6375 117
5 1581 9716 5364 118
5 4731 8107 6600 119
5 1760 5299 3597 120
5 1944 7207 4588 121
5 2429 5325 5305 122
5 3412 5270 3413 123
5 2251 3688 3676 124
5 4993 5688 3438 125
5 3468 5559 2688 126
5 73 4511 72 127
5 1286 4738 1285 128
5 5445 7259 2175 129
5 5058 8736 2508 130
5 3524 5373 1972 131
5 2863 8426 2282 132
5 4988 7386 2997 133
5 2398 7942 6047 134
5 2157 9499 4344 135
5 1274 4696 1273 136
5 2941 9963 4893 137
5 1890 8572 5837 138
5 4351 4966 1837 139
5 1563 4025 3576 140
5 4804 4809 2869 141
5 2134 5556 5027 142
5 2004 6344 4080 143
5 4934 7571 1993 144
5 6528 8109 2751 145
5 3809 3810 1660 146
5 6395 8369 4288 147
5 4967 5224 2419 148
5 3557 10356 1720 149
5 2138 8450 8076 150
5 4468 7080 3201 151
5 6979 7221 2530 152
5 3645 8512 1679 153
5 1600 4778 3270 154
5 278 4404 277 155
5 3775 7271 4078 156
5 2987 6437 4959 157
5 2818 6889 2055 158
5 3578 4648 1892 159
5 2775 7968 7268 160
5 2459 7260 2998 161
5 2333 6376 5647 162
5 3887 7339 1749 163
5 1836 6641 4430 164
5 1772 4670 3983 165
5 683 4609 682 166
5 1956 7556 4628 167
5 781 4518 780 168
5 1663 7297 4109 169
5 3989 5467 1869 170
5 1554 6075 3296 171
5 1958 6532 4646 172
5 6762 8286 2761 173
5 4115 5605 3414 174
5 6144 7039 2629 175
5 3521 3522 2126 176
5 4871 6394 1666 177
5 2580 4633 3833 178
5 4956 8654 2880 179
5 2309 6636 3102 180
5 3967 9083 1726 181
5 2028 6040 3277 182
5 2592 6488 2723 183
5 142 4486 141 184
5 2688 8885 3468 185
5 1472 4757 3052 186
5 2245 4962 3670 187
5 140 4485 139 188
5 1480 4086 4085 189
5 731 4532 730 190
5 3543 4121 2440 191
5 3879 4466 3150 192
5 2754 5413 3587 193
5 2576 5472 4991 194
5 3009 9950 4528 195
5 2760 8098 6587 196
5 3153 5027 1411 197
5 3177 8635 4321 198
5 3510 10111 4608 199
5 4301 6262 1705 200
5 5541 9984 2741 201
5 2542 6860 4691 202
5 4009 6300 1629 203
5 1983 6360 4707 204
5 1629 6300 4280 205
5 2510 9582 6859 206
5 3498 5611 5130 207
5 2859 6935 2060 208
5 4596 5671 3418 209
5 4104 7462 1711 210
5 3629 9547 5143 211
5 2248 5374 4577 212
5 5253 7966 2768 213
5 164 4489 163 214
5 4149 6990 1850 215
5 3476 4309 2212 216
5 2929 6106 4568 217
5 4573 4590 2655 218
5 3027 4894 4801 219
5 2613 7714 4520 220
5 3767 8456 1713 221
5 2113 8361 3581 222
5 5118 9264 8086 223
5 4451 8019 1939 224
5 4294 6889 2818 225
5 3315 5195 1589 226
5 6359 7453 2897 227
5 1547 10189 3875 228
5 2420 5562 3708 229
5 3836 4538 1728 230
5 3309 8492 2637 231
5 4841 7098 6225 232
5 4156 9475 1423 233
5 3709 5562 2420 234
5 4247 4885 1475 235
5 3365 6364 6031 236
5 1590 8062 3793 237
5 3231 8469 4519 238
5 2731 7799 6590 239
5 4053 5534 2525 240
5 4102 8564 2729 241
5 2686 7217 5609 242
5 3534 4132 2329 243
5 4675 5353 1412 244
5 2051 5395 5210 245
5 3892 6628 2494 246
5 4023 6144 1997 247
5 3770 5407 3538 248
5 3960 7942 2704 249
5 8156 9506 3742 250
5 4627 4638 2239 251
5 5782 9777 2152 252
5 3766 4600 2415 253
5 1864 6886 3959 254
5 4991 5472 1566 255
5 3169 5025 1766 256
5 3788 4963 1752 257
5 4083 5273 1868 258
5 1082 4536 1081 259
5 3804 4661 1477 260
5 5560 6548 3206 261
5 3479 8251 4075 262
5 3115 9222 5086 263
5 2469 6254 5005 264
5 1861 5659 4096 265
5 4270 6102 5973 266
5 2201 4256 3519 267
5 3984 6299 1691 268
5 1094 4544 1093 269
5 2115 9853 5531 270
5 1424 5282 3407 271
5 1460 7135 3232 272
5 1910 7078 4711 273
5 2213 6195 4188 274
5 1690 5435 3494 275
5 4959 6437 2852 276
5 3375 3924 2638 277
5 2251 4346 3688 278
5 4924 5178 1503 279
5 5139 6080 2177 280
5 6031 6364 1628 281
5 6341 8289 2805 282
5 2989 4766 2444 283
5 2434 6212 3930 284
5 1405 4674 4504 285
5 6535 6981 4689 286
5 3498 4275 2214 287
5 3918 9629 2403 288
5 2886 8568 2295 289
5 3594 5285 1612 290
5 2351 4756 2999 291
5 2733 7771 6554 292
5 4093 7353 1858 293
5 4145 5307 1510 294
5 2514 3783 3038 295
5 3228 4743 2364 296
5 1651 6289 4428 297
5 2913 8457 6709 298
5 3450 4458 2233 299
5 2464 4658 4382 300
5 6521 8329 3920 301
5 4508 9357 1697 302
5 4801 4894 2676 303
5 4448 7106 1918 304
5 3916 6340 1583 305
5 3476 5810 5051 306
5 4225 5798 1913 307
5 3650 10284 4464 308
5 5834 9402 1718 309
5 4361 6322 3113 310
5 1906 4883 3555 311
5 4679 6445 2591 312
5 2549 7396 4435 313
5 6584 7819 2745 314
5 2586 6168 3306 315
5 2224 4767 4710 316
5 3504 4283 2216 317
5 2837 6989 2064 318
5 2997 6624 4987 319
5 5058 6866 3660 320
5 3640 5771 5488 321
5 2059 2707 2037 322
5 5356 7035 2413 323
5 3267 8103 4976 324
5 1450 7489 3714 325
5 3342 5160 2001 326
5 5192 6708 4893 327
5 1480 5708 4086 328
5 2415 4403 4366 329
5 3174 6293 4311 330
5 5841 7252 1574 331
5 2654 4639 3480 332
5 5113 5566 1569 333
5 4443 5227 2136 334
5 3840 9849 4576 335
5 2477 5069 4188 336
5 5047 8251 6882 337
5 2731 8720 4172 338
5 29 5176 28 339
5 1428 4844 4041 340
5 3518 4251 2215 341
5 2548 7054 4954 342
5 5464 7123 2417 343
5 1794 9415 4150 344
5 2183 7757 1845 345
5 3951 4500 1466 346
5 5467 8869 2139 347
5 2845 7144 2090 348
5 3207 9238 4392 349
5 2943 6416 4265 350
5 5724 6209 2804 351
5 3606 7749 2098 352
5 1769 8748 5305 353
5 3520 4255 2217 354
5 1201 4492 1200 355
5 3348 4913 1453 356
5 3687 6636 2309 357
5 4087 7130 3122 358
5 3608 8722 7081 359
5 5243 10629 1859 360
5 3449 9357 4508 361
5 3844 8905 2286 362
5 4686 4719 3154 363
5 1887 5695 4281 364
5 4506 9008 7679 365
5 3758 4505 1710 366
5 2665 7615 5291 367
5 1530 5239 3197 368
5 3484 5169 1796 369
5 3148 7336 5525 370
5 1717 7170 5313 371
5 2321 5192 4893 372
5 2245 3670 2505 373
5 4614 5895 3610 374
5 2014 5343 4187 375
5 1452 4517 4348 376
5 5055 6249 2272 377
5 3554 5460 2468 378
5 4342 6989 2837 379
5 1615 7274 3169 380
5 3577 8801 2076 381
5 2192 8168 3970 382
5 2571 6677 4506 383
5 3052 5346 1472 384
5 1750 6082 4213 385
5 4658 8923 1368 386
5 3473 6942 1558 387
5 3889 6412 2471 388
5 4281 5703 1887 389
5 4025 5390 3576 390
5 4125 5303 1873 391
5 5973 6102 2879 392
5 2990 7283 3309 393
5 4351 4933 2034 394
5 6552 7618 2734 395
5 5030 7518 2070 396
5 3971 10068 2633 397
5 3595 6120 1628 398
5 4596 6874 3795 399
5 531 4554 530 400
5 1575 6093 4590 401
5 4689 6981 2328 402
5 3569 10517 4779 403
5 2373 8827 2908 404
5 4558 4559 2243 405
5 2682 5794 5298 406
5 6165 7685 2917 407
5 1805 7323 4149 408
5 323 4622 322 409
5 6068 7496 2899 410
5 1406 9472 3911 411
5 3310 4935 1616 412
5 3914 10288 7317 413
5 3649 5866 5503 414
5 5973 6144 2629 415
5 2372 7165 5964 416
5 3412 3413 2296 417
5 5531 9853 3937 418
5 6032 6415 2558 419
5 4397 8490 6482 420
5 1617 4552 4551 421
5 1760 5414 5299 422
5 1688 10235 3695 423
5 4284 5055 2000 424
5 3938 6772 1799 425
5 2206 5805 3896 426
5 2366 6922 5349 427
5 5790 7220 1745 428
5 3192 7589 6372 429
5 5459 8312 3285 430
5 1874 8860 3906 431
5 2998 5966 2459 432
5 3662 9051 2761 433
5 1611 6987 4529 434
5 2729 7381 5079 435
5 438 7492 437 436
5 1877 6539 5544 437
5 6476 8165 3212 438
5 3549 5067 1611 439
5 4677 6762 2761 440
5 2275 5510 4343 441
5 4767 9328 4710 442
5 1421 4783 4618 443
5 4169 6759 1830 444
5 4155 9904 4386 445
5 2750 5122 3071 446
5 2608 7386 4988 447
5 639 7352 638 448
5 3006 9919 2478 449
5 4962 6980 3670 450
5 1442 8118 5199 451
5 5456 7124 3316 452
5 3663 6211 1808 453
5 2096 7810 5325 454
5 4982 5811 3146 455
5 2083 8101 3109 456
5 4987 6624 2868 457
5 4035 7217 2686 458
5 6487 7472 2718 459
5 4986 7143 1420 460
5 5339 6159 2241 461
5 3169 6493 1615 462
5 4683 9484 3271 463
5 4815 4895 2286 464
5 3939 4341 1827 465
5 5291 6441 2665 466
5 4458 8475 6644 467
5 4712 7442 7235 468
5 5488 5771 3011 469
5 1080 7443 1079 470
5 5746 8030 4082 471
5 4046 6796 2008 472
5 1925 4966 4351 473
5 1556 6721 3610 474
5 4964 8904 2341 475
5 1092 7460 1091 476
5 4769 5728 2369 477
5 2320 6262 5753 478
5 4853 7285 4553 479
5 2034 5107 4351 480
5 3251 10071 4390 481
5 3189 4537 1798 482
5 2421 3302 2532 483
5 3825 7351 4202 484
5 2448 4969 3652 485
5 4543 8606 6822 486
5 1721 4459 3724 487
5 3114 7449 4086 488
5 3660 6866 1646 489
5 4508 8061 3449 490
5 4700 8901 1647 491
5 2649 7462 4104 492
5 2701 6300 4009 493
5 6673 7919 2782 494
5 5322 8527 4106 495
5 3977 9088 1722 496
5 4530 8169 1415 497
5 2508 8736 7467 498
5 4358 6840 1974 499
5 4501 5527 2090 500
5 2077 6476 3796 501
5 1321 4994 1320 502
5 1509 6385 4164 503
5 4414 8833 1912 504
5 426 4606 425 505
5 6964 7754 561 506
5 3683 5552 2936 507
5 2220 4234 3548 508
5 1983 6268 4008 509
5 6586 7660 2759 510
5 3556 4082 1535 511
5 3896 5255 2206 512
5 4343 4979 2275 513
5 3752 9629 3918 514
5 1892 8216 4684 515
5 3993 4018 2240 516
5 4109 7297 2614 517
5 3699 6525 1994 518
5 3878 7536 2649 519
5 4877 6220 2950 520
5 3788 9361 4963 521
5 2960 5364 4014 522
5 2962 6920 5301 523
5 86 4613 85 524
5 4014 4549 2960 525
5 1800 9482 5329 526
5 439 7492 438 527
5 2342 7138 5279 528
5 1939 5453 4761 529
5 1987 6963 2724 530
5 4188 5069 2213 531
5 3688 9287 3676 532
5 2236 5895 4614 533
5 2785 7847 6618 534
5 1682 2019 1748 535
5 1609 10233 6779 536
5 2498 7623 7029 537
5 3139 7711 2188 538
5 6821 8594 4580 539
5 1826 4523 3651 540
5 3259 6078 5027 541
5 3150 7423 3879 542
5 1732 7546 6458 543
5 652 4625 651 544
5 5739 6109 4166 545
5 1932 6140 3720 546
5 6372 7589 3016 547
5 3801 8869 1764 548
5 1647 7074 4700 549
5 2542 4691 4623 550
5 1361 9048 1360 551
5 4347 5724 2804 552
5 3815 8372 6494 553
5 4913 10035 3017 554
5 4490 5260 2328 555
5 3457 8044 4393 556
5 1922 6662 2732 557
5 3684 6247 1809 558
5 2303 5568 4252 559
5 3372 6445 4546 560
5 3656 8630 1702 561
5 3536 4378 2231 562
5 5298 5794 3238 563
5 5846 7892 4260 564
5 2726 6340 3916 565
5 4044 4858 1828 566
5 1654 7021 4316 567
5 2086 7575 4581 568
5 3444 5094 1477 569
5 4340 4584 3355 570
5 1429 4314 3748 571
5 990 4624 989 572
5 1482 8946 4188 573
5 1713 7085 6355 574
5 2637 6833 3309 575
5 6824 9116 3350 576
5 2232 5774 5312 577
5 5289 6748 2380 578
5 2805 6220 4877 579
5 4667 9475 4156 580
5 1555 9938 5780 581
5 5918 9282 2409 582
5 5943 6912 2442 583
5 2334 4442 4062 584
5 4188 6195 1482 585
5 4452 5845 2824 586
5 7081 9276 3608 587
5 4655 7270 1875 588
5 4717 4718 1543 589
5 2718 7472 4074 590
5 4707 5457 2556 591
5 5503 5866 3023 592
5 4785 7078 3840 593
5 1753 8783 3898 594
5 606 7769 6984 595
5 4774 5099 2407 596
5 3320 5012 1531 597
5 5790 10478 3614 598
5 150 4604 149 599
5 5307 9205 2362 600
5 3577 8833 4414 601
5 3402 6117 4650 602
5 5531 5533 2453 603
5 2984 5450 3616 604
5 1729 4740 3949 605
5 2244 10055 8851 606
5 5460 9260 2468 607
5 4467 8574 6543 608
5 6657 8146 2822 609
5 1850 6990 4742 610
5 1308 4755 1307 611
5 3833 9861 4422 612
5 3689 6272 1810 613
5 5312 5774 1897 614
5 3066 9659 6662 615
5 4837 7104 1707 616
5 4149 10190 1805 617
5 3084 5061 4162 618
5 4797 9399 1562 619
5 2241 5835 5339 620
5 6202 7354 1879 621
5 1622 6241 4488 622
5 7441 10595 3634 623
5 6526 7591 2763 624
5 1503 6005 4924 625
5 104 4621 103 626
5 3034 4875 4793 627
5 7316 8189 3091 628
5 1717 9382 4305 629
5 3053 6900 3928 630
5 2797 7904 6650 631
5 1314 4759 1313 632
5 4129 5773 2122 633
5 1362 5504 1361 634
5 4383 6935 2859 635
5 2633 10068 6858 636
5 3002 10043 4980 637
5 4442 8946 4062 638
5 3760 9122 5782 639
5 1522 4297 3523 640
5 6960 7061 1749 641
5 9228 9512 4385 642
5 5556 8735 2781 643
5 1805 10190 4659 644
5 1988 6405 2755 645
5 5454 6130 4386 646
5 2109 6730 5316 647
5 2594 9071 3409 648
5 2435 6500 5421 649
5 2282 7046 4077 650
5 2472 8513 4385 651
5 5898 8523 3358 652
5 2803 7947 6684 653
5 3911 10210 1406 654
5 4996 9092 5313 655
5 3414 7216 4115 656
5 6579 7696 2780 657
5 4169 9052 2386 658
5 3017 7236 4913 659
5 6616 7709 2784 660
5 2439 5299 5177 661
5 2744 8295 6299 662
5 65 4672 64 663
5 373 4695 372 664
5 3235 8562 5320 665
5 1644 7078 4785 666
5 5507 7167 2423 667
5 5364 9716 4014 668
5 2005 8868 4960 669
5 3888 7798 2720 670
5 3295 9595 2466 671
5 6707 8425 4739 672
5 1411 7288 3153 673
5 3651 8194 2766 674
5 3528 6416 5295 675
5 1533 3702 3396 676
5 5118 9209 5069 677
5 2751 8109 4184 678
5 4001 9645 2882 679
5 2781 8735 5353 680
5 896 5749 895 681
5 1702 8630 3655 682
5 2242 5480 5303 683
5 4482 8581 6555 684
5 2704 5874 3960 685
5 3138 8914 6120 686
5 2432 8654 4956 687
5 4366 6823 2415 688
5 2821 6228 5938 689
5 5339 5835 1898 690
5 4096 7459 1861 691
5 5816 7432 2771 692
5 2021 6050 5297 693
5 7321 7997 432 694
5 2720 9086 3888 695
5 3555 7165 1906 696
5 1884 7569 5165 697
5 2836 8185 6682 698
5 4393 8044 1593 699
5 3528 5137 1499 700
5 4504 5288 1405 701
5 2559 4810 4084 702
5 2844 6181 4394 703
5 2286 8905 4054 704
5 3837 4732 2073 705
5 2595 7512 6140 706
5 1948 6908 5257 707
5 1761 7894 4705 708
5 1809 5127 3684 709
5 3371 7399 3973 710
5 6985 10554 2929 711
5 437 7492 6107 712
5 3132 4962 2245 713
5 2895 6361 5701 714
5 1899 8061 4508 715
5 2339 6089 4934 716
5 3775 4078 1783 717
5 4505 6500 1920 718
5 3815 10209 6868 719
5 3728 6947 2033 720
5 4764 7168 3045 721
5 4747 7299 1506 722
5 2354 5179 4980 723
5 3942 8257 1616 724
5 4332 7144 2845 725
5 1883 5675 4142 726
5 3630 8907 3966 727
5 6961 6962 4432 728
5 5308 9397 3643 729
5 4897 7087 2359 730
5 1992 6367 4060 731
5 4945 5782 1464 732
5 3257 8883 7426 733
5 5525 7070 3176 734
5 1589 9628 3315 735
5 3575 8134 4610 736
5 3194 7740 5528 737
5 2540 6732 3972 738
5 3570 7087 4897 739
5 5207 6387 3216 740
5 1980 7171 5894 741
5 4190 5108 1886 742
5 2338 9755 6089 743
5 5096 9846 1752 744
5 7126 9977 2828 745
5 6299 8295 1691 746
5 4019 9254 1739 747
5 6536 8187 2548 748
5 1992 6524 4856 749
5 2498 4693 4038 750
5 4642 7672 2094 751
5 3277 4557 2028 752
5 4468 7832 3243 753
5 5656 7054 2548 754
5 3563 4455 1564 755
5 1527 6643 4021 756
5 4217 8036 3129 757
5 3339 9264 2070 758
5 4300 5943 2442 759
5 562 6964 561 760
5 6532 7559 4646 761
5 5532 7500 2765 762
5 3746 8518 2130 763
5 4061 5346 3052 764
5 1510 9742 3593 765
5 2107 8585 3944 766
5 1713 5341 3767 767
5 1360 9048 1359 768
5 4493 5482 1488 769
5 173 4822 172 770
5 3772 10133 4791 771
5 2295 7241 4115 772
5 2389 4549 4014 773
5 4280 6033 1629 774
5 1135 5899 1134 775
5 1757 8333 3769 776
5 6265 7213 2067 777
5 2624 5174 4165 778
5 4702 9513 1858 779
5 3025 5711 3968 780
5 2162 5449 4588 781
5 4791 10133 1822 782
5 4501 7510 1800 783
5 3623 6689 1543 784
5 1426 6317 4679 785
5 4215 7771 2733 786
5 6035 7352 639 787
5 3781 5648 2457 788
5 2457 5648 3782 789
5 3579 5198 2379 790
5 2132 8807 5401 791
5 1439 5839 4542 792
5 2335 3895 3316 793
5 1939 8019 5453 794
5 5459 7119 4754 795
5 2323 3771 3770 796
5 4839 5749 4196 797
5 2525 5534 4373 798
5 2734 7618 4192 799
5 2370 4885 4247 800
5 2560 9176 4103 801
5 2030 10136 7987 802
5 3946 5726 2371 803
5 7607 8130 3951 804
5 5938 6228 4106 805
5 4419 7406 1542 806
5 4439 5694 1930 807
5 5227 8231 2136 808
5 8831 9448 1533 809
5 4458 8804 2233 810
5 5179 7116 4980 811
5 3329 8367 5161 812
5 4265 7761 3717 813
5 47 4863 46 814
5 1740 6387 5207 815
5 4045 5410 3058 816
5 6333 9735 4217 817
5 6869 8641 4608 818
5 4540 9111 2487 819
5 2876 7177 4438 820
5 3758 6500 4505 821
5 3698 4419 2409 822
5 3545 4640 1695 823
5 1658 6799 4449 824
5 6686 8084 2839 825
5 1372 5896 4502 826
5 4828 5910 4207 827
5 2311 6006 4239 828
5 2578 8675 3672 829
5 2018 8877 5192 830
5 4740 6978 2996 831
5 4750 7812 2108 832
5 4533 5937 1979 833
5 3951 8130 4500 834
5 2763 7591 4127 835
5 2936 8987 2322 836
5 3903 6108 1806 837
5 2081 7177 2876 838
5 3444 8966 5006 839
5 4370 7986 5961 840
5 5261 7006 4515 841
5 6681 7704 2804 842
5 4627 8388 2676 843
5 3282 8940 5306 844
5 6570 6851 2616 845
5 4092 6488 2592 846
5 1997 6242 4023 847
5 7571 7906 6497 848
5 3628 4416 1586 849
5 2701 8230 6266 850
5 4273 7799 2731 851
5 3761 6986 2638 852
5 2462 7187 4986 853
5 1592 6976 3550 854
5 4103 4231 2560 855
5 5179 9344 1803 856
5 1744 8240 3814 857
5 6112 7443 1080 858
5 2740 5831 4761 859
5 5914 6068 2899 860
5 2426 9183 6510 861
5 1744 4733 4220 862
5 4272 8098 2760 863
5 2105 9694 3386 864
5 2282 8049 2863 865
5 4126 8846 1432 866
5 1747 8193 4389 867
5 1469 7180 5231 868
5 1727 9392 4693 869
5 606 6984 605 870
5 3506 4632 2280 871
5 5289 8061 1899 872
5 1803 9344 3442 873
5 1683 6951 6900 874
5 4156 10156 4667 875
5 2333 5482 4493 876
5 3489 7281 5294 877
5 4582 7163 1537 878
5 4093 8333 1757 879
5 4896 6920 2962 880
5 1867 7529 4322 881
5 1887 5703 4781 882
5 2995 6776 6632 883
5 6128 7460 1092 884
5 1806 5144 3903 885
5 3369 7106 4448 886
5 4735 10045 1865 887
5 3841 5369 1634 888
5 4384 5836 602 889
5 4452 6255 2451 890
5 2772 6607 5563 891
5 4734 7926 1906 892
5 4353 6940 2401 893
5 4364 7937 2263 894
5 603 5842 4384 895
5 5217 6929 2585 896
5 2382 5848 5780 897
5 3922 7354 6202 898
5 3243 4777 4468 899
5 2743 5386 4616 900
5 4495 7049 1450 901
5 5047 7441 3634 902
5 4921 9842 1715 903
5 3686 7360 5382 904
5 4055 4478 2237 905
5 1235 4881 1234 906
5 1583 6340 4516 907
5 1369 4658 1368 908
5 2745 7819 4254 909
5 2130 8518 3859 910
5 1481 5602 4851 911
5 4173 7246 2296 912
5 1617 4551 4026 913
5 4252 5397 2303 914
5 1508 4991 3375 915
5 2691 8650 8193 916
5 6602 8752 2703 917
5 2809 7723 6614 918
5 7005 9448 3924 919
5 436 4727 435 920
5 6089 9755 4655 921
5 2044 7130 4087 922
5 5251 9943 8420 923
5 1811 5201 3694 924
5 1900 6299 5289 925
5 1352 5564 1351 926
5 3888 9017 1820 927
5 2088 7587 3626 928
5 4011 9105 8833 929
5 1840 9819 4823 930
5 3998 8675 2578 931
5 630 4721 629 932
5 2114 8623 3185 933
5 4266 7361 1492 934
5 1658 6319 3747 935
5 4663 6538 1610 936
5 5895 8339 8072 937
5 2522 8189 7316 938
5 6558 7608 2799 939
5 6639 7797 2818 940
5 5798 7102 1914 941
5 1705 6262 5926 942
5 4359 9050 2782 943
5 1709 6916 4191 944
5 2500 8859 3765 945
5 4638 4894 1417 946
5 1454 6389 4204 947
5 634 4728 633 948
5 3119 8577 5389 949
5 1758 4957 3759 950
5 2256 4379 3568 951
5 3541 9482 1800 952
5 4187 5343 3234 953
5 2805 8289 4497 954
5 6152 6474 1925 955
5 4593 8515 2149 956
5 1524 5744 3271 957
5 3372 10113 6445 958
5 2306 6646 5226 959
5 2848 7584 4297 960
5 2485 7539 6043 961
5 2779 6920 4896 962
5 1726 9083 3968 963
5 6034 8051 4415 964
5 4408 7065 2262 965
5 3482 6672 5692 966
5 4334 9472 1406 967
5 4924 9234 5178 968
5 3667 9865 4830 969
5 4683 6316 1577 970
5 3603 9262 1492 971
5 5809 9773 2944 972
5 1668 9533 5908 973
5 1722 4647 4278 974
5 4198 8694 6453 975
5 2605 7259 3726 976
5 6727 7996 2843 977
5 3215 6566 6009 978
5 1473 5138 3716 979
5 2552 8118 3687 980
5 5907 10513 7318 981
5 1559 7087 3570 982
5 2366 4497 3624 983
5 1903 5011 3719 984
5 4607 5493 2430 985
5 2942 9448 7005 986
5 663 4762 662 987
5 6913 8925 1428 988
5 5952 9350 4494 989
5 5380 8529 1893 990
5 5046 5937 2509 991
5 4876 4879 2677 992
5 5045 9859 3590 993
5 2060 6509 2859 994
5 4657 10285 4312 995
5 4799 5848 2382 996
5 3720 7016 1932 997
5 3937 8591 5531 998
5 1745 10478 5790 999
5 2786 6480 1941 1000
5 4354 9229 2127 1001
5 2671 7247 4032 1002
5 1561 6851 4965 1003
5 6597 7574 2795 1004
5 3337 8922 2166 1005
5 4229 9115 2778 1006
5 2356 5773 4528 1007
5 2759 7660 4233 1008
5 4446 8655 1554 1009
5 6937 7948 3263 1010
5 4839 5733 2730 1011
5 4318 5717 1777 1012
5 2560 8464 3973 1013
5 4710 9328 1484 1014
5 810 5910 809 1015
5 3548 5301 2220 1016
5 1513 4999 4611 1017
5 2090 7937 2845 1018
5 4421 5050 2147 1019
5 3288 4767 2224 1020
5 5611 8415 2490 1021
5 4448 5376 2543 1022
5 6084 6384 4105 1023
5 5322 5457 3777 1024
5 6151 6985 3125 1025
5 6745 9558 6512 1026
5 4068 7215 2991 1027
5 2016 8228 4583 1028
5 3723 4556 2567 1029
5 3290 5029 1512 1030
5 4666 5116 2396 1031
5 2510 7018 3774 1032
5 2073 7307 3837 1033
5 2466 8114 3668 1034
5 1877 9375 5567 1035
5 4033 10297 2683 1036
5 3970 8168 5602 1037
5 1930 7572 5907 1038
5 3713 8872 2651 1039
5 2532 4333 2533 1040
5 1631 3819 1719 1041
5 5410 8645 1570 1042
5 5380 8379 3645 1043
5 2285 9484 4683 1044
5 1721 6952 6873 1045
5 2483 8891 8708 1046
5 1339 4962 1338 1047
5 1487 7503 4802 1048
5 1858 8334 4093 1049
5 3392 4732 3837 1050
5 4090 6068 5914 1051
5 3502 10222 3501 1052
5 5005 8119 2003 1053
5 3642 8906 7658 1054
5 2756 10291 8420 1055
5 2579 6318 4261 1056
5 2474 9613 4488 1057
5 4590 6093 2655 1058
5 3631 5544 1624 1059
5 4373 10189 1547 1060
5 2158 6704 3703 1061
5 4538 8465 2029 1062
5 3847 6561 3205 1063
5 4032 8768 2671 1064
5 6029 7650 2845 1065
5 2372 4288 3601 1066
5 6077 6756 3069 1067
5 3699 5018 1909 1068
5 3832 9382 1717 1069
5 7009 9634 3313 1070
5 3764 5654 4354 1071
5 2686 10318 4035 1072
5 3364 8466 6269 1073
5 2460 5688 4993 1074
5 1913 7111 4225 1075
5 2296 7191 4173 1076
5 2844 7821 6723 1077
5 4851 4903 1481 1078
5 5074 10526 3398 1079
5 4014 7686 2389 1080
5 1656 5448 3562 1081
5 3766 7018 6356 1082
5 2416 7911 4747 1083
5 1493 3816 3434 1084
5 3779 5035 2013 1085
5 2780 7696 4215 1086
5 4737 8917 2447 1087
5 1258 4985 1257 1088
5 8492 10452 4549 1089
5 3306 5159 2586 1090
5 4263 6735 2870 1091
5 6680 7828 2837 1092
5 1882 4785 3840 1093
5 4893 9963 2321 1094
5 4393 5535 3457 1095
5 2889 8268 6831 1096
5 2116 8635 3177 1097
5 5000 8405 2087 1098
5 1468 9208 4189 1099
5 1290 4818 1289 1100
5 4074 9053 2718 1101
5 1968 7137 4784 1102
5 5596 7620 3232 1103
5 4883 6849 1664 1104
5 1861 6170 5659 1105
5 2799 7608 4174 1106
5 1409 5807 4571 1107
5 433 7321 432 1108
5 5931 6165 2917 1109
5 5606 7027 3557 1110
5 3592 4364 2263 1111
5 4001 4858 2289 1112
5 2323 8030 5746 1113
5 4141 5005 1909 1114
5 1704 8372 4491 1115
5 3642 7658 2053 1116
5 4187 5776 2014 1117
5 1679 8512 3646 1118
5 5253 7849 3983 1119
5 4760 9857 2291 1120
5 2772 5563 3709 1121
5 3989 8869 5467 1122
5 3359 8523 5250 1123
5 2965 7607 5549 1124
5 6147 7374 1585 1125
5 3484 9284 5169 1126
5 6721 8315 3240 1127
5 2443 5215 4476 1128
5 1755 5050 4421 1129
5 4666 10053 3062 1130
5 3530 6415 6032 1131
5 3556 5220 4082 1132
5 3566 9266 1697 1133
5 3195 7711 3674 1134
5 8833 9105 1912 1135
5 2543 7305 4448 1136
5 2426 6510 3990 1137
5 3585 4397 2267 1138
5 7168 7372 3045 1139
5 4216 4845 1462 1140
5 1556 8315 6721 1141
5 6117 7401 1493 1142
5 2946 8007 6380 1143
5 5476 7984 3190 1144
5 3531 6091 3035 1145
5 4805 5288 2860 1146
5 6628 9647 2494 1147
5 1843 4871 4077 1148
5 1587 5100 3533 1149
5 2509 10428 4410 1150
5 4363 4777 2225 1151
5 3589 7221 6979 1152
5 2055 6227 2818 1153
5 4611 8647 3869 1154
5 5364 10388 2463 1155
5 2920 5439 3691 1156
5 1710 8773 3758 1157
5 5556 8990 3259 1158
5 4428 7789 1651 1159
5 1739 9000 4019 1160
5 1505 8661 4050 1161
5 5945 7330 2532 1162
5 7271 9553 4078 1163
5 4551 9613 4026 1164
5 4464 10284 1415 1165
5 1582 6256 5524 1166
5 2633 7402 3971 1167
5 2341 8120 2984 1168
5 3547 5812 1645 1169
5 4730 5510 2872 1170
5 2445 7256 4118 1171
5 5261 7946 3619 1172
5 5780 5848 2522 1173
5 5130 5611 2490 1174
5 4521 4586 3085 1175
5 4704 7410 1865 1176
5 4707 8447 5457 1177
5 1896 5546 4352 1178
5 2069 7607 3951 1179
5 2606 7357 5536 1180
5 3588 4405 2271 1181
5 3890 4992 2007 1182
5 1722 5629 3977 1183
5 3559 4522 2380 1184
5 4450 6035 640 1185
5 2771 7432 4205 1186
5 2048 6020 3797 1187
5 3824 7252 5841 1188
5 2173 6041 5076 1189
5 2855 10497 9505 1190
5 2435 4846 3792 1191
5 4294 7847 2785 1192
5 4494 7557 3497 1193
5 1440 6697 3642 1194
5 4058 10622 2695 1195
5 2188 7214 3139 1196
5 641 6054 4450 1197
5 4430 5002 1836 1198
5 4435 9011 2549 1199
5 1525 4514 3495 1200
5 1523 5710 3294 1201
5 4528 9950 2356 1202
5 2057 2736 2515 1203
5 2554 9399 4545 1204
5 2337 5489 4920 1205
5 2436 6498 4773 1206
5 2130 7545 5010 1207
5 5401 8807 3935 1208
5 6876 7310 3107 1209
5 4693 9392 4038 1210
5 3075 7145 5422 1211
5 4509 6475 2284 1212
5 3825 4202 1788 1213
5 2386 9052 4623 1214
5 2793 10602 4010 1215
5 3086 5236 4320 1216
5 1701 10396 3397 1217
5 3497 7110 4494 1218
5 4258 5733 1931 1219
5 3620 4590 2401 1220
5 5988 10213 5870 1221
5 3912 8859 2500 1222
5 2784 7709 4273 1223
5 3537 4746 2325 1224
5 1786 4662 4591 1225
5 6327 8596 3639 1226
5 4674 5475 2596 1227
5 1543 6689 4717 1228
5 2067 7213 4464 1229
5 4089 7526 1593 1230
5 2688 5147 4591 1231
5 5002 9110 2246 1232
5 6412 9271 2471 1233
5 1250 4788 1249 1234
5 4632 8660 6810 1235
5 6 3934 5 1236
5 1462 10274 4724 1237
5 4545 4797 2452 1238
5 2683 6407 4033 1239
5 5686 6344 2004 1240
5 1764 8869 3989 1241
5 4223 5899 4981 1242
5 3860 9160 4180 1243
5 4797 8180 2944 1244
5 1856 6773 4537 1245
5 4802 7503 3082 1246
5 1478 4494 4163 1247
5 5754 9270 3632 1248
5 5173 7056 1606 1249
5 3816 8811 3434 1250
5 3355 9104 4340 1251
5 4865 5097 1893 1252
5 6296 9996 3298 1253
5 5279 7138 1942 1254
5 6722 7859 2859 1255
5 4446 6511 5743 1256
5 1396 7020 3846 1257
5 3049 7079 6630 1258
5 3618 8111 3526 1259
5 2477 5871 5069 1260
5 3424 6358 4455 1261
5 5294 7281 2810 1262
5 2334 5707 4460 1263
5 2795 7574 4214 1264
5 5422 7108 3075 1265
5 1497 6986 3761 1266
5 4824 7048 2737 1267
5 1785 9553 5533 1268
5 2393 4866 3050 1269
5 2192 9116 6824 1270
5 1792 4587 3961 1271
5 5226 7624 2015 1272
5 4033 4914 2538 1273
5 4558 9864 8272 1274
5 1993 7571 6497 1275
5 3561 4543 2384 1276
5 2669 6745 6512 1277
5 1493 7401 6504 1278
5 7950 7984 5476 1279
5 1756 10035 4913 1280
5 3025 6318 5711 1281
5 4597 8467 2752 1282
5 1923 8542 4546 1283
5 0 3988 1363 1284
5 6357 6909 3879 1285
5 1223 4940 1222 1286
5 2032 5671 4596 1287
5 3197 6069 1530 1288
5 3341 8091 2001 1289
5 4351 5107 1925 1290
5 2539 4917 4035 1291
5 1588 9514 4028 1292
5 3370 4629 2235 1293
5 5056 9556 1896 1294
5 4592 6677 2571 1295
5 5311 8619 3352 1296
5 1659 6634 3817 1297
5 2359 6814 4678 1298
5 5631 7090 3848 1299
5 4292 5371 1861 1300
5 4292 7459 6050 1301
5 4333 7174 5564 1302
5 1799 9765 5576 1303
5 4316 7021 2482 1304
5 6040 7676 3565 1305
5 5143 9547 2107 1306
5 1850 8734 4149 1307
5 8081 10602 2793 1308
5 4637 9388 1555 1309
5 1522 6013 3311 1310
5 2958 9047 5041 1311
5 1930 5694 5693 1312
5 4765 6703 2322 1313
5 2931 7048 4824 1314
5 4422 8674 2580 1315
5 2800 5216 3117 1316
5 1787 8179 3876 1317
5 1542 10178 3365 1318
5 2021 5777 4292 1319
5 2553 4680 3734 1320
5 4108 6165 5931 1321
5 2117 6003 3461 1322
5 2847 7775 6623 1323
5 4165 8771 2624 1324
5 2948 5369 3841 1325
5 4667 10156 2449 1326
5 3645 8529 5380 1327
5 7308 8262 3127 1328
5 2286 9957 3844 1329
5 4714 7643 5874 1330
5 1865 9560 4704 1331
5 8 3785 7 1332
5 1937 5800 4570 1333
5 3077 7620 5596 1334
5 21 5857 20 1335
5 3896 9399 2554 1336
5 4837 10587 3505 1337
5 2244 7811 1834 1338
5 1946 7630 4307 1339
5 3422 8673 1457 1340
5 4591 5013 2688 1341
5 1892 8843 3578 1342
5 4628 7556 3388 1343
5 3411 7035 5356 1344
5 2457 7927 5491 1345
5 2680 10399 3663 1346
5 2782 7919 4394 1347
5 2085 9979 9625 1348
5 1633 6735 4263 1349
5 7935 8046 2790 1350
5 4342 7904 2797 1351
5 4678 6814 3517 1352
5 6125 7815 1937 1353
5 4909 6985 2929 1354
5 3750 6207 2015 1355
5 4591 5147 1786 1356
5 1473 9844 5138 1357
5 1711 6124 4104 1358
5 6851 8065 4965 1359
5 5536 7357 3120 1360
5 1739 4583 4365 1361
5 4504 4674 2596 1362
5 4254 7723 2809 1363
5 4244 8118 2552 1364
5 4024 9661 9409 1365
5 5056 7092 2008 1366
5 2033 9589 3728 1367
5 4000 8890 2046 1368
5 1829 9856 4735 1369
5 1991 4861 3958 1370
5 5297 7097 2766 1371
5 1815 7098 4841 1372
5 4514 5496 3495 1373
5 3729 8240 1744 1374
5 7290 7642 1547 1375
5 3861 7155 5211 1376
5 6050 7700 5297 1377
5 2119 8103 5540 1378
5 4148 4935 1766 1379
5 6144 6585 1998 1380
5 1492 8085 4266 1381
5 5231 7180 3140 1382
5 3407 7397 1424 1383
5 1774 6836 3880 1384
5 5291 7615 1444 1385
5 3778 5545 1636 1386
5 4251 6375 2773 1387
5 5086 5601 3115 1388
5 3954 8351 5130 1389
5 1416 8920 4810 1390
5 4705 7894 3863 1391
5 1783 8861 3775 1392
5 3952 7078 1644 1393
5 3003 6109 5739 1394
5 2440 7313 3543 1395
5 5726 6919 2371 1396
5 2812 5045 4135 1397
5 1738 9167 7818 1398
5 8393 9357 3449 1399
5 3651 5428 1826 1400
5 2466 4961 3295 1401
5 4375 5458 1557 1402
5 3564 8405 5000 1403
5 4145 9205 5307 1404
5 5194 8013 3406 1405
5 3742 9506 1746 1406
5 1762 8889 5932 1407
5 4376 6782 1932 1408
5 5062 9585 3349 1409
5 5052 6363 2572 1410
5 3241 9234 1538 1411
5 2970 7266 4911 1412
5 6204 6899 3079 1413
5 2548 8187 5656 1414
5 2029 5988 5870 1415
5 4172 5867 2731 1416
5 3732 10194 5821 1417
5 7374 7485 1585 1418
5 1554 6511 4446 1419
5 5324 6752 2604 1420
5 1682 7347 6733 1421
5 4516 6126 1583 1422
5 4828 6178 2798 1423
5 5691 6685 1802 1424
5 2822 8146 4349 1425
5 4614 7325 1665 1426
5 4593 8736 1825 1427
5 5051 5810 2473 1428
5 4055 9251 4478 1429
5 2030 7987 4506 1430
5 8190 9668 3807 1431
5 4963 9361 3841 1432
5 2090 6062 4501 1433
5 1537 6613 4582 1434
5 3899 5149 1455 1435
5 4096 5659 3056 1436
5 2036 7179 6994 1437
5 4684 8216 3831 1438
5 2389 5251 4820 1439
5 1642 5646 5148 1440
5 4323 9357 8393 1441
5 1475 9606 3503 1442
5 4798 10451 3740 1443
5 6275 7451 1572 1444
5 5947 7062 2316 1445
5 2574 3618 3526 1446
5 1474 8715 4582 1447
5 8808 10165 1857 1448
5 4410 5046 2509 1449
5 2905 7551 6704 1450
5 5861 5965 1659 1451
5 1557 6842 4375 1452
5 1489 5260 4490 1453
5 3808 7398 3371 1454
5 2439 7603 5299 1455
5 2064 6342 2837 1456
5 2606 5937 5046 1457
5 2129 9238 3207 1458
5 4599 5630 2199 1459
5 4499 4500 2278 1460
5 1932 6782 3259 1461
5 4742 9747 1850 1462
5 4593 5222 1866 1463
5 2030 6548 5560 1464
5 2614 5487 4109 1465
5 4058 4930 2543 1466
5 2695 6435 4058 1467
5 2901 8901 4700 1468
5 2436 4773 3739 1469
5 2162 8543 5449 1470
5 2605 4802 3082 1471
5 2705 8824 4344 1472
5 1635 7090 4589 1473
5 4911 7266 2773 1474
5 3643 9397 2363 1475
5 2729 5079 4102 1476
5 4187 9060 1384 1477
5 1942 7138 2922 1478
5 3703 9025 2158 1479
5 2833 8918 3457 1480
5 3861 5211 2185 1481
5 4172 8720 2186 1482
5 4656 8728 6738 1483
5 4536 6112 1081 1484
5 2818 7797 4294 1485
5 5172 6289 1651 1486
5 4005 7857 3477 1487
5 1875 6089 4655 1488
5 1082 6115 4536 1489
5 4383 7947 2803 1490
5 4168 6773 1856 1491
5 3768 8470 1643 1492
5 3491 7123 5464 1493
5 6756 6840 2593 1494
5 2277 4466 3879 1495
5 4654 6542 1737 1496
5 2735 7392 4094 1497
5 5084 6969 2527 1498
5 5963 6361 2895 1499
5 2876 7944 6755 1500
5 2003 9572 7064 1501
5 3146 9025 4982 1502
5 3992 7825 2279 1503
5 2853 5008 5007 1504
5 5144 8854 3594 1505
5 2804 7704 4347 1506
5 3129 8036 6176 1507
5 2399 4391 4157 1508
5 4595 6809 2076 1509
5 5549 7607 2069 1510
5 7221 8831 2530 1511
5 2527 6969 4345 1512
5 4960 9676 1873 1513
5 2160 8959 4401 1514
5 4557 7995 2028 1515
5 1903 5055 4284 1516
5 2330 5262 3822 1517
5 6704 7551 3703 1518
5 8838 10573 4234 1519
5 3056 5490 4096 1520
5 2475 6033 4280 1521
5 4544 6128 1093 1522
5 1855 6230 4115 1523
5 4986 7187 3707 1524
5 1858 7353 4702 1525
5 4295 7707 1945 1526
5 3270 5740 1600 1527
5 3973 9176 2560 1528
5 2922 7178 1942 1529
5 2419 5252 4563 1530
5 1406 10210 3912 1531
5 2821 6268 6228 1532
5 5492 9902 2155 1533
5 3887 7220 5790 1534
5 1868 10526 5074 1535
5 7726 8643 2465 1536
5 6358 6808 1564 1537
5 4678 6941 1624 1538
5 2342 5279 5154 1539
5 3726 7259 5445 1540
5 3579 5755 1617 1541
5 2311 4239 3637 1542
5 2031 8846 5323 1543
5 7856 9288 4635 1544
5 2347 6136 4821 1545
5 4103 10182 4231 1546
5 3550 6168 2586 1547
5 2833 8066 4572 1548
5 4712 7235 1521 1549
5 5086 9222 2065 1550
5 5129 5461 2538 1551
5 5382 7360 2101 1552
5 4346 9190 3463 1553
5 8252 9926 4037 1554
5 7378 7711 3195 1555
5 2350 5371 4292 1556
5 3752 6169 3051 1557
5 2331 7329 4537 1558
5 4975 5001 2703 1559
5 2498 5131 4693 1560
5 2862 5094 3796 1561
5 4433 7059 1597 1562
5 4551 4552 2696 1563
5 1889 6255 4452 1564
5 580 4834 579 1565
5 4300 9360 1550 1566
5 4623 9762 1409 1567
5 2538 4914 4039 1568
5 4109 6129 1663 1569
5 3937 9853 1740 1570
5 2522 7316 4637 1571
5 4104 5885 2649 1572
5 3113 5217 2585 1573
5 4385 8034 2472 1574
5 896 10409 5749 1575
5 2572 6363 4990 1576
5 5293 7169 1523 1577
5 4798 6041 1883 1578
5 3019 5557 4862 1579
5 2300 5419 4803 1580
5 3494 5494 1690 1581
5 1516 5502 5429 1582
5 4866 9016 7022 1583
5 4420 6358 2360 1584
5 1620 4535 3656 1585
5 2539 5471 5133 1586
5 4946 5923 2022 1587
5 5997 8747 1922 1588
5 4374 8185 2836 1589
5 2946 6380 6002 1590
5 4292 5777 2350 1591
5 4870 5884 2632 1592
5 3556 7374 6147 1593
5 4699 8999 2017 1594
5 4280 4821 2475 1595
5 2262 5587 4408 1596
5 60 4880 59 1597
5 1627 6617 4036 1598
5 2448 7523 4969 1599
5 3028 5778 3852 1600
5 7115 9413 3166 1601
5 1552 7740 4331 1602
5 2667 7625 4566 1603
5 1001 6008 1000 1604
5 4034 8320 1943 1605
5 979 4892 978 1606
5 2085 9625 4241 1607
5 5012 6707 2511 1608
5 2254 7708 3639 1609
5 2556 9385 4707 1610
5 3216 8082 2618 1611
5 4040 4917 2539 1612
5 1357 7866 1356 1613
5 5997 9127 8747 1614
5 2108 7846 3685 1615
5 2001 5160 3810 1616
5 1704 9163 6494 1617
5 2993 6608 3078 1618
5 5604 7543 1976 1619
5 4104 6124 2491 1620
5 3993 8791 4018 1621
5 1666 6499 4871 1622
5 3408 6895 4449 1623
5 3108 8550 6769 1624
5 5314 8056 2024 1625
5 5036 9861 3180 1626
5 5377 5994 2930 1627
5 4495 6151 2545 1628
5 2382 5780 3913 1629
5 1463 9926 7957 1630
5 1405 5013 4674 1631
5 6695 7887 2865 1632
5 4121 8633 2440 1633
5 1531 9114 3320 1634
5 4807 9913 1701 1635
5 738 6179 737 1636
5 2460 7032 5688 1637
5 816 4752 815 1638
5 3710 7518 5030 1639
5 7081 8722 1636 1640
5 5728 7227 2369 1641
5 4951 5198 3199 1642
5 1417 7411 4638 1643
5 7195 9042 3925 1644
5 5233 6523 1607 1645
5 1738 9113 4641 1646
5 2196 5166 4751 1647
5 5546 9371 4352 1648
5 4151 6977 2482 1649
5 1372 4502 1371 1650
5 4260 7775 2847 1651
5 8361 9726 3581 1652
5 4420 6744 2520 1653
5 3196 6180 1668 1654
5 2789 9546 3904 1655
5 1415 8719 4530 1656
5 3843 6816 1580 1657
5 5239 7768 3145 1658
5 3551 4050 2332 1659
5 2491 6124 5826 1660
5 1416 4810 4626 1661
5 1929 7764 6042 1662
5 2839 8084 4372 1663
5 4792 5535 2408 1664
5 7764 8565 6042 1665
5 1719 7356 1631 1666
5 564 5823 563 1667
5 5958 6359 2897 1668
5 6047 7942 3960 1669
5 7426 8883 2328 1670
5 3095 9977 7126 1671
5 6559 7073 3962 1672
5 5029 5140 2326 1673
5 3499 6474 6152 1674
5 2884 9848 4632 1675
5 4204 9921 1454 1676
5 1586 8154 3628 1677
5 4545 4787 2554 1678
5 4815 5509 1407 1679
5 3419 5432 1521 1680
5 1935 5349 4287 1681
5 2528 7148 4563 1682
5 3617 4482 2305 1683
5 1717 4305 4007 1684
5 3316 7124 6542 1685
5 5893 9568 9051 1686
5 1246 5105 1245 1687
5 6417 10600 4958 1688
5 1950 7126 2828 1689
5 2659 5268 4811 1690
5 1737 5259 4654 1691
5 5907 7572 3380 1692
5 4297 7889 2848 1693
5 1788 8988 3825 1694
5 2679 6085 5307 1695
5 1820 9017 4322 1696
5 1569 5566 4586 1697
5 4594 6776 2995 1698
5 2025 6668 5016 1699
5 1707 7146 4837 1700
5 5108 9364 2010 1701
5 3463 9190 1642 1702
5 4428 6289 2633 1703
5 4752 9785 2913 1704
5 1462 7101 5763 1705
5 3965 4770 1725 1706
5 3402 4650 1457 1707
5 5079 7381 3897 1708
5 4549 8799 2960 1709
5 5598 7569 1884 1710
5 2837 7828 4342 1711
5 4261 9906 3105 1712
5 4724 10274 3664 1713
5 2635 5710 3914 1714
5 7740 9824 4331 1715
5 4626 5751 1416 1716
5 6697 8906 3642 1717
5 6461 10061 4065 1718
5 1558 9030 3473 1719
5 5066 9294 6448 1720
5 1455 8701 3899 1721
5 4461 5524 3290 1722
5 4449 6895 2377 1723
5 2518 4530 3004 1724
5 2323 5746 3771 1725
5 1733 9610 4160 1726
5 6840 9149 1973 1727
5 4204 7543 5604 1728
5 1620 6517 3286 1729
5 2543 4930 4068 1730
5 2813 6285 4500 1731
5 2288 10439 4726 1732
5 2096 7673 3711 1733
5 4174 9152 2799 1734
5 4950 7038 2988 1735
5 5275 8182 3420 1736
5 6240 8176 4688 1737
5 3804 6912 1980 1738
5 3001 9566 4460 1739
5 4535 8648 3656 1740
5 2827 6395 4288 1741
5 6494 8372 1704 1742
5 602 5836 601 1743
5 4806 5483 2693 1744
5 2941 8246 6885 1745
5 1720 5606 3557 1746
5 7767 9064 3443 1747
5 2118 7547 5083 1748
5 4188 4442 2477 1749
5 6002 6380 4167 1750
5 4953 9271 6412 1751
5 604 5842 603 1752
5 3718 8929 1740 1753
5 6120 8914 1628 1754
5 4202 7779 3549 1755
5 2727 7643 4714 1756
5 487 4910 486 1757
5 788 6190 787 1758
5 2224 7464 3288 1759
5 2991 7215 6529 1760
5 990 6096 4624 1761
5 3232 7135 3945 1762
5 4830 5031 1560 1763
5 4624 6097 989 1764
5 7500 10431 3978 1765
5 2076 5902 4595 1766
5 541 5881 540 1767
5 3503 7468 1475 1768
5 924 6092 923 1769
5 5285 8473 1612 1770
5 1873 5882 4125 1771
5 1709 4445 3908 1772
5 2105 5747 4618 1773
5 9027 9422 2067 1774
5 9274 9819 1840 1775
5 5161 8734 1850 1776
5 5167 5575 1474 1777
5 2389 8492 4549 1778
5 4846 8219 3792 1779
5 2333 7911 5482 1780
5 4344 9499 8774 1781
5 4162 7497 3084 1782
5 6315 6450 684 1783
5 2122 7116 4129 1784
5 1492 6017 3603 1785
5 4120 8562 1813 1786
5 4956 8213 2128 1787
5 2815 6841 5420 1788
5 2393 5661 5110 1789
5 4149 7323 3317 1790
5 6979 9972 3589 1791
5 4078 7554 3488 1792
5 7351 9765 4202 1793
5 3205 7394 2350 1794
5 5964 7165 3555 1795
5 4662 4904 2690 1796
5 4386 6130 2450 1797
5 2657 7871 4933 1798
5 3456 9317 7109 1799
5 3633 4483 2302 1800
5 5899 10435 1134 1801
5 1800 5527 4501 1802
5 5093 9303 6466 1803
5 4347 7840 5573 1804
5 1518 4860 4849 1805
5 5506 10523 1751 1806
5 3135 5277 2864 1807
5 3434 6006 1493 1808
5 3650 7062 5947 1809
5 5544 6539 3265 1810
5 4180 8559 1535 1811
5 5595 8471 7114 1812
5 7941 9420 2685 1813
5 3914 10519 6326 1814
5 3004 4807 2518 1815
5 2163 8469 3231 1816
5 4411 5028 1790 1817
5 7268 7968 2054 1818
5 4617 9965 3226 1819
5 3853 4499 2278 1820
5 2007 7480 5465 1821
5 3676 7471 1659 1822
5 1861 7459 4292 1823
5 1477 10180 3804 1824
5 1021 4942 1020 1825
5 2802 7038 4950 1826
5 3609 9100 3532 1827
5 4563 7148 1643 1828
5 3639 8892 6327 1829
5 3603 7375 4353 1830
5 4693 9500 3193 1831
5 3458 9162 8754 1832
5 1798 6962 3189 1833
5 2783 6070 4981 1834
5 330 6274 329 1835
5 4077 8049 2282 1836
5 7658 8906 3514 1837
5 1631 7573 3819 1838
5 5511 6053 2776 1839
5 2845 7650 4332 1840
5 4151 9076 6977 1841
5 2974 5952 4494 1842
5 6416 7761 4265 1843
5 6925 9629 4037 1844
5 2543 5376 4058 1845
5 6716 8317 2939 1846
5 1798 9147 5057 1847
5 4394 7821 2844 1848
5 33 5211 32 1849
5 4041 9073 1428 1850
5 1752 9846 3788 1851
5 1997 6144 5973 1852
5 4909 10084 2235 1853
5 1978 7685 6165 1854
5 2525 8518 6453 1855
5 2361 7264 3941 1856
5 3022 3211 2146 1857
5 3109 7932 2083 1858
5 4811 5268 1848 1859
5 6372 8150 3192 1860
5 3860 4315 2319 1861
5 3369 7841 3772 1862
5 4081 9816 2748 1863
5 1667 7491 4665 1864
5 1638 6809 4595 1865
5 2674 5233 4847 1866
5 4013 8740 5317 1867
5 3957 8789 1671 1868
5 4640 5972 1904 1869
5 2708 7308 5673 1870
5 3941 7665 2580 1871
5 560 4914 559 1872
5 6234 6246 1734 1873
5 3482 7815 6125 1874
5 2146 3211 3020 1875
5 4476 7654 2443 1876
5 608 4917 607 1877
5 6734 9609 1631 1878
5 1966 7496 6068 1879
5 4633 10027 3833 1880
5 519 4930 518 1881
5 4774 6023 1536 1882
5 3591 4656 2320 1883
5 5609 8152 4146 1884
5 4028 5364 2960 1885
5 4213 5508 1750 1886
5 2655 8947 3757 1887
5 3530 6475 4509 1888
5 3507 6323 2953 1889
5 4540 9834 2877 1890
5 3582 5878 2445 1891
5 5547 8922 3336 1892
5 4691 9762 4623 1893
5 3168 9381 4826 1894
5 2036 9071 2594 1895
5 2724 7004 5281 1896
5 2401 5295 4353 1897
5 3535 5440 1583 1898
5 1838 8812 7633 1899
5 4155 9229 4354 1900
5 4683 8930 2285 1901
5 2070 10271 3339 1902
5 1104 4973 1103 1903
5 3939 8425 3516 1904
5 1931 5733 4839 1905
5 4725 8431 2954 1906
5 1799 8422 3938 1907
5 2137 5519 2855 1908
5 3731 6672 1665 1909
5 1683 6652 3996 1910
5 3049 6630 6012 1911
5 2843 7996 4438 1912
5 3663 9825 6211 1913
5 4157 4355 2399 1914
5 6117 10078 4650 1915
5 3874 5981 2410 1916
5 5332 6273 2164 1917
5 3570 7664 1559 1918
5 4150 9415 4092 1919
5 7237 10283 3722 1920
5 1043 6046 1042 1921
5 1045 6051 1044 1922
5 2403 9629 6925 1923
5 3962 9680 1511 1924
5 3840 4576 1882 1925
5 3836 8157 6210 1926
5 3845 7260 2459 1927
5 5459 8927 1596 1928
5 3641 4441 2298 1929
5 3480 9125 2654 1930
5 1488 10525 4493 1931
5 2655 7431 4573 1932
5 4845 7101 1462 1933
5 4115 7216 1855 1934
5 4339 7440 1539 1935
5 3169 6203 5025 1936
5 3469 7167 5507 1937
5 2746 5855 4829 1938
5 4414 9619 8801 1939
5 4206 6548 2030 1940
5 1593 6933 4393 1941
5 4808 5794 1484 1942
5 640 6035 639 1943
5 2558 6659 6032 1944
5 2013 6158 3779 1945
5 5159 8044 2586 1946
5 5890 7088 1587 1947
5 4154 8773 1710 1948
5 1698 7098 3905 1949
5 3605 3673 2723 1950
5 1824 8555 4335 1951
5 2460 4993 3856 1952
5 8260 8740 4013 1953
5 1865 7410 4735 1954
5 2568 8276 4056 1955
5 2859 7859 4383 1956
5 2686 5609 4146 1957
5 1959 10420 5479 1958
5 6860 9191 4691 1959
5 6548 7512 2595 1960
5 6736 8347 2947 1961
5 3694 7151 1811 1962
5 1705 8877 4301 1963
5 642 6054 641 1964
5 4980 10043 2354 1965
5 5799 5800 1937 1966
5 6191 8349 4519 1967
5 1408 8448 4610 1968
5 6093 7792 4795 1969
5 4153 6361 5963 1970
5 5271 8881 5381 1971
5 3826 8154 1586 1972
5 1760 8910 4229 1973
5 3344 8951 5567 1974
5 3985 8915 1673 1975
5 4316 6076 1654 1976
5 2882 9794 4001 1977
5 6032 8141 3530 1978
5 200 4873 199 1979
5 4976 8103 2119 1980
5 4787 9272 2554 1981
5 5839 7658 2967 1982
5 1431 4809 4804 1983
5 2732 5997 1922 1984
5 1776 9814 4346 1985
5 4424 9282 5918 1986
5 2594 3861 2185 1987
5 3139 7214 5344 1988
5 2774 5846 4260 1989
5 630 6066 4721 1990
5 1671 8789 4083 1991
5 3792 4616 2435 1992
5 4845 10054 3051 1993
5 1825 8515 4593 1994
5 6255 9410 2451 1995
5 6407 7688 4033 1996
5 2761 9051 4677 1997
5 3697 9034 4185 1998
5 3693 4725 2413 1999
5 1567 4534 3754 2000
5 4557 9920 7995 2001
5 3991 8019 4451 2002
5 289 5043 288 2003
5 4728 6073 633 2004
5 4902 6136 2347 2005
5 2583 8225 4918 2006
5 5030 9054 3710 2007
5 3954 5130 2490 2008
5 4506 7987 2571 2009
5 5027 5556 3259 2010
5 2391 8906 6697 2011
5 1967 7453 6359 2012
5 3271 9484 1524 2013
5 1488 7080 4468 2014
5 4919 8231 2584 2015
5 3044 6851 6570 2016
5 2077 8165 6476 2017
5 6206 7290 2535 2018
5 1544 5936 5789 2019
5 1684 9279 4795 2020
5 3795 9295 4596 2021
5 3764 4354 2127 2022
5 1428 4906 4844 2023
5 4862 8440 3019 2024
5 3731 7926 4734 2025
5 5031 8110 1560 2026
5 4990 7834 2572 2027
5 2028 7676 6040 2028
5 1699 8335 3787 2029
5 2953 8429 3507 2030
5 3644 10611 4651 2031
5 1803 5181 4129 2032
5 268 5060 267 2033
5 2916 7953 6747 2034
5 1842 5116 4666 2035
5 4775 7064 2276 2036
5 1960 7720 6021 2037
5 4054 9257 1760 2038
5 4770 7032 1938 2039
5 4529 7262 1611 2040
5 4618 4783 2712 2041
5 6311 6879 1451 2042
5 3259 6782 6078 2043
5 2166 4884 3337 2044
5 3640 4467 2304 2045
5 3696 8877 1705 2046
5 2638 3924 3761 2047
5 3787 5443 1699 2048
5 3440 8920 4555 2049
5 3018 7990 2467 2050
5 2632 7879 4870 2051
5 436 6107 4727 2052
5 2879 7312 5973 2053
5 4192 9951 2734 2054
5 2538 5461 4033 2055
5 2817 7231 4886 2056
5 4727 6110 435 2057
5 3970 9756 2192 2058
5 2430 6676 3799 2059
5 5798 8873 1913 2060
5 1749 7061 3887 2061
5 4491 8372 3223 2062
5 7399 9176 3973 2063
5 2649 5885 3878 2064
5 3367 7102 1700 2065
5 1683 6900 6652 2066
5 6270 7323 2547 2067
5 4904 7308 2708 2068
5 3692 4713 2417 2069
5 4546 7107 1923 2070
5 2379 5198 4951 2071
5 1750 5442 4046 2072
5 2118 5083 3753 2073
5 1643 8470 4044 2074
5 720 5034 719 2075
5 3076 7016 3720 2076
5 2136 8711 4443 2077
5 1425 9904 4354 2078
5 3017 7745 4432 2079
5 1717 5313 3832 2080
5 2502 6133 4490 2081
5 5890 8257 1698 2082
5 3756 9329 1711 2083
5 1857 10165 5020 2084
5 2548 6592 5221 2085
5 1478 7557 4494 2086
5 4035 5471 2539 2087
5 4555 10420 1959 2088
5 1932 7016 4376 2089
5 5808 6659 2558 2090
5 1657 6599 3831 2091
5 3479 9637 6882 2092
5 2507 6161 6142 2093
5 6246 7243 4181 2094
5 1081 6112 1080 2095
5 4747 6850 2554 2096
5 2167 7601 4502 2097
5 4918 6390 2583 2098
5 1083 6115 1082 2099
5 3232 7641 5596 2100
5 5567 6539 1877 2101
5 3163 9494 5212 2102
5 3488 8471 4078 2103
5 4886 7231 2954 2104
5 1673 8915 4125 2105
5 5444 10575 2106 2106
5 2798 5910 4828 2107
5 2584 6392 4919 2108
5 7137 8628 4784 2109
5 1468 9054 5030 2110
5 1904 6419 4640 2111
5 2098 6372 3606 2112
5 4458 6644 2810 2113
5 1093 6128 1092 2114
5 1576 6288 6121 2115
5 3670 6798 4949 2116
5 4546 8542 3372 2117
5 2540 10059 6732 2118
5 6080 6108 2495 2119
5 4424 5918 1489 2120
5 1973 7258 6840 2121
5 2517 6118 5239 2122
5 4941 7529 1867 2123
5 2730 5749 4839 2124
5 3574 4813 1670 2125
5 3727 7675 2106 2126
5 3684 9922 6247 2127
5 2865 7887 4370 2128
5 2500 5382 4356 2129
5 3154 9008 4686 2130
5 1874 7333 3882 2131
5 3425 6901 5927 2132
5 4520 7486 2613 2133
5 3854 4139 1756 2134
5 3422 6449 6004 2135
5 2114 9553 7271 2136
5 810 10410 5910 2137
5 3078 9142 2993 2138
5 3891 5001 2503 2139
5 5647 6376 4062 2140
5 1317 5078 1316 2141
5 3888 9086 2179 2142
5 3307 7445 5782 2143
5 1796 8281 3484 2144
5 4322 9103 1867 2145
5 3447 8290 5359 2146
5 9514 10388 4028 2147
5 1576 4323 3582 2148
5 1886 6159 5339 2149
5 3717 9319 4265 2150
5 3593 6327 1510 2151
5 2419 5224 4503 2152
5 4353 9262 3603 2153
5 8559 10321 1535 2154
5 5687 8755 7262 2155
5 1499 5137 3540 2156
5 3122 7984 6762 2157
5 4268 5254 1935 2158
5 4010 7526 2793 2159
5 2225 6174 4363 2160
5 6452 6880 2923 2161
5 2547 7323 4716 2162
5 5199 10517 2424 2163
5 4255 8307 5846 2164
5 7423 7553 5394 2165
5 4658 10427 4382 2166
5 5744 9184 3300 2167
5 4249 8671 1774 2168
5 4537 7359 1856 2169
5 2590 8640 4533 2170
5 4422 5183 1514 2171
5 3649 4479 2310 2172
5 5396 7871 2657 2173
5 4292 6050 2021 2174
5 3290 5140 5029 2175
5 3129 6333 4217 2176
5 991 6096 990 2177
5 3947 9731 8076 2178
5 9051 9568 1418 2179
5 989 6097 988 2180
5 2177 6142 5139 2181
5 1812 5320 4120 2182
5 4512 6236 2607 2183
5 1765 8379 5175 2184
5 2430 8060 4607 2185
5 2239 5751 4626 2186
5 2309 5651 4768 2187
5 1653 7009 3862 2188
5 2381 6748 5314 2189
5 5810 7157 2473 2190
5 4674 5013 2689 2191
5 3973 8464 4916 2192
5 4319 10335 9360 2193
5 1792 5754 3632 2194
5 4789 8505 2968 2195
5 5484 8076 1869 2196
5 4665 7224 1667 2197
5 2708 5361 5280 2198
5 2703 8752 4975 2199
5 1850 9207 5161 2200
5 1859 10629 9778 2201
5 5197 6477 2617 2202
5 2042 7966 5253 2203
5 1876 9261 5368 2204
5 1556 8072 4814 2205
5 1972 6494 3524 2206
5 3706 9676 4960 2207
5 3397 5352 1701 2208
5 1828 6086 4044 2209
5 1295 5059 1294 2210
5 8710 9440 4008 2211
5 2781 5353 4675 2212
5 3926 9015 1736 2213
5 4282 8087 5619 2214
5 4022 8973 1773 2215
5 3880 8588 1774 2216
5 5172 7486 3289 2217
5 4210 7415 3109 2218
5 6360 8697 4707 2219
5 1917 5461 5129 2220
5 2583 6390 4852 2221
5 5451 8239 2150 2222
5 2520 6744 6451 2223
5 1786 4904 4662 2224
5 4747 7911 3982 2225
5 4430 6641 3354 2226
5 4348 5016 2411 2227
5 1662 7181 3929 2228
5 3689 9964 6272 2229
5 2235 6949 3370 2230
5 5525 7336 2713 2231
5 3686 5565 2747 2232
5 4869 7430 2742 2233
5 1502 7616 4388 2234
5 3485 6381 1448 2235
5 2685 9929 3625 2236
5 3111 5979 5596 2237
5 5919 8678 2735 2238
5 3247 7620 2102 2239
5 2390 9861 5036 2240
5 3219 5610 4454 2241
5 6085 9742 1510 2242
5 1663 8907 3630 2243
5 631 6066 630 2244
5 4205 5190 2607 2245
5 2385 5528 4685 2246
5 2607 8101 4512 2247
5 5303 5480 1873 2248
5 4800 9562 3404 2249
5 1777 5696 4318 2250
5 7050 7393 2972 2251
5 633 6073 632 2252
5 1856 4431 2878 2253
5 4397 6482 2854 2254
5 2772 9832 6607 2255
5 4960 8868 3706 2256
5 3624 4811 2366 2257
5 3698 7406 4419 2258
5 2194 5347 4805 2259
5 4159 6359 5958 2260
5 5133 5471 1921 2261
5 4710 5408 2224 2262
5 2913 6709 6026 2263
5 2556 5322 4106 2264
5 3868 7872 1506 2265
5 2981 8586 5873 2266
5 4438 7944 2876 2267
5 4735 8899 1829 2268
5 3663 8198 2680 2269
5 4425 10253 1465 2270
5 4619 9701 1779 2271
5 1521 7235 5462 2272
5 4887 5624 2715 2273
5 3965 7032 4770 2274
5 3225 6903 2170 2275
5 4182 6668 6177 2276
5 1998 7039 6144 2277
5 3505 10587 1575 2278
5 5324 7557 1478 2279
5 5210 5395 1762 2280
5 4744 6928 1928 2281
5 5146 6462 2615 2282
5 2483 4635 4398 2283
5 4709 7195 3925 2284
5 903 4852 902 2285
5 4745 5499 1470 2286
5 1914 7102 4484 2287
5 2625 8158 4562 2288
5 6210 8157 2180 2289
5 2289 9645 4001 2290
5 5771 7475 3011 2291
5 4008 6360 1983 2292
5 3928 8499 2377 2293
5 437 6107 436 2294
5 3461 6563 2117 2295
5 1974 5737 4358 2296
5 2243 6079 4558 2297
5 435 6110 434 2298
5 571 4824 570 2299
5 2719 7154 4989 2300
5 3894 5051 2473 2301
5 3018 6384 6084 2302
5 1491 5031 4830 2303
5 5139 8854 6080 2304
5 3477 7856 4635 2305
5 3416 8913 5521 2306
5 4850 5879 2801 2307
5 5027 7077 2134 2308
5 3488 10146 7114 2309
5 3897 4071 1438 2310
5 7957 9926 4556 2311
5 1721 5628 5057 2312
5 1944 6070 4477 2313
5 1805 10242 4716 2314
5 2765 7500 7134 2315
5 2680 8473 5285 2316
5 5210 5815 2051 2317
5 4214 9627 2795 2318
5 1593 5159 4089 2319
5 3056 7288 4657 2320
5 6009 8903 3215 2321
5 2359 8314 4897 2322
5 3515 10441 6514 2323
5 3833 7042 3180 2324
5 4538 5870 3034 2325
5 3813 6312 1961 2326
5 2834 7342 4915 2327
5 9215 10443 1871 2328
5 4765 8466 7200 2329
5 4932 8517 2603 2330
5 5037 6291 2791 2331
5 4368 5226 1926 2332
5 2345 6434 4855 2333
5 5160 9668 3810 2334
5 4455 6358 1564 2335
5 3489 8995 2238 2336
5 1646 10303 3660 2337
5 5046 10003 1789 2338
5 2603 6423 4932 2339
5 4889 8924 1574 2340
5 6009 6566 1977 2341
5 1966 7183 4840 2342
5 5131 9500 4693 2343
5 3069 6756 6024 2344
5 3623 10006 6266 2345
5 2147 9115 3600 2346
5 1128 4872 1127 2347
5 1738 8228 4699 2348
5 5239 5950 2517 2349
5 6600 8107 2867 2350
5 3796 6074 2862 2351
5 1428 5638 4906 2352
5 4385 8513 3764 2353
5 4216 8709 6827 2354
5 5654 9770 4354 2355
5 4343 5510 1949 2356
5 2071 7313 4262 2357
5 6874 9358 3795 2358
5 4879 6911 2945 2359
5 2618 8229 6472 2360
5 2351 5815 5032 2361
5 3815 6868 3223 2362
5 2199 6003 4599 2363
5 5120 8374 2600 2364
5 3886 6352 2024 2365
5 3832 9092 1848 2366
5 4915 7342 2963 2367
5 2954 8431 6349 2368
5 3841 6104 2948 2369
5 2727 6878 5400 2370
5 2076 6809 3577 2371
5 6873 6952 3893 2372
5 4411 10428 2509 2373
5 4918 8225 3210 2374
5 2524 6226 6211 2375
5 4901 6030 2769 2376
5 3210 8231 4919 2377
5 5795 8899 8222 2378
5 1621 7653 3087 2379
5 5250 8334 1858 2380
5 2314 6159 5108 2381
5 6933 7526 4010 2382
5 1712 7960 6560 2383
5 1815 8875 4236 2384
5 2116 9765 7351 2385
5 1586 9737 3826 2386
5 3566 6277 6104 2387
5 2671 5474 4228 2388
5 4872 6423 2603 2389
5 6535 9280 3629 2390
5 2534 6126 4516 2391
5 3011 7475 5021 2392
5 3521 7158 3522 2393
5 4830 9865 1491 2394
5 3107 7310 4363 2395
5 4460 9566 2334 2396
5 4421 7334 2484 2397
5 1550 5943 4300 2398
5 6709 8457 2017 2399
5 3806 9858 2564 2400
5 4565 9722 1731 2401
5 2951 7430 4869 2402
5 4654 5259 2766 2403
5 1596 8312 5459 2404
5 3375 7005 3924 2405
5 3217 7487 4140 2406
5 4275 8318 5816 2407
5 3481 8304 2237 2408
5 4164 6427 4769 2409
5 4589 7090 2447 2410
5 5932 8889 4067 2411
5 2876 6750 2081 2412
5 4864 5742 2420 2413
5 3705 4598 1672 2414
5 3909 5304 1926 2415
5 3043 7418 5515 2416
5 8633 10447 4139 2417
5 9360 10335 1550 2418
5 4713 8463 2963 2419
5 2127 4385 3764 2420
5 1492 7361 6017 2421
5 4779 10517 4848 2422
5 2068 8252 4037 2423
5 4993 8341 3856 2424
5 1985 9509 4706 2425
5 3533 9966 3943 2426
5 2170 6729 3225 2427
5 4440 7192 1685 2428
5 4172 5155 2012 2429
5 1734 9396 4059 2430
5 3767 5341 2043 2431
5 3863 6436 4705 2432
5 6435 7756 4058 2433
5 4233 10123 2759 2434
5 3009 8689 6958 2435
5 4080 6714 2004 2436
5 2585 6929 4105 2437
5 6253 9352 3839 2438
5 1826 9473 4409 2439
5 3791 8276 2568 2440
5 1685 7192 4936 2441
5 1475 7468 4247 2442
5 3549 8755 4202 2443
5 1751 5849 5506 2444
5 3166 6461 4065 2445
5 1650 8775 4701 2446
5 2288 6826 4921 2447
5 3350 9116 4086 2448
5 4858 6845 2289 2449
5 1867 10099 4941 2450
5 2663 9302 4006 2451
5 3052 8667 5486 2452
5 3725 4789 2423 2453
5 6777 8437 2978 2454
5 2841 6984 4040 2455
5 545 4857 544 2456
5 624 4869 623 2457
5 4960 5480 2313 2458
5 4344 7144 2705 2459
5 4835 9011 3172 2460
5 2070 7518 5298 2461
5 2790 9718 7935 2462
5 1431 9828 4809 2463
5 2602 8543 4931 2464
5 7886 8910 3072 2465
5 5558 8913 3417 2466
5 3898 10165 8808 2467
5 4638 7411 2239 2468
5 4191 6916 5515 2469
5 4988 6464 2608 2470
5 4039 6964 2829 2471
5 4028 10388 5364 2472
5 3748 3749 1429 2473
5 3108 7039 6691 2474
5 4127 6413 2684 2475
5 4705 5652 2201 2476
5 4533 8640 2509 2477
5 3807 5337 1559 2478
5 4732 5271 2073 2479
5 6564 9424 5230 2480
5 1883 6041 5690 2481
5 4499 5791 1512 2482
5 4205 10414 2771 2483
5 5144 5335 3903 2484
5 4386 10331 4155 2485
5 4931 6430 2602 2486
5 4364 8443 6029 2487
5 4907 10191 2052 2488
5 3196 7774 6180 2489
5 2782 6181 4359 2490
5 2728 7262 4529 2491
5 1707 8971 7146 2492
5 4074 6131 2632 2493
5 4949 6790 3301 2494
5 3243 9107 4777 2495
5 5199 8118 4244 2496
5 2531 6251 6247 2497
5 4897 6896 1639 2498
5 4907 7718 1701 2499
5 4913 7236 1453 2500
5 496 4877 495 2501
5 3797 10076 2048 2502
5 4243 6963 6248 2503
5 1626 7790 3987 2504
5 2665 6671 3609 2505
5 2615 6462 5071 2506
5 4641 9167 1738 2507
5 2458 5459 4754 2508
5 3897 6296 4071 2509
5 4435 7396 2072 2510
5 2605 6565 4802 2511
5 2019 2059 1748 2512
5 5181 6180 4129 2513
5 4078 8471 1783 2514
5 2331 6156 3621 2515
5 2228 7788 5661 2516
5 2617 6477 5081 2517
5 4169 10386 6759 2518
5 3814 9281 1744 2519
5 3613 9466 1500 2520
5 5474 7997 4228 2521
5 2185 5211 3224 2522
5 3983 9557 5253 2523
5 4826 9986 3299 2524
5 478 4886 477 2525
5 3097 6912 5943 2526
5 5287 6905 2100 2527
5 2040 7984 7950 2528
5 4639 6578 1414 2529
5 4116 8861 1783 2530
5 3199 9002 4951 2531
5 6339 8301 2951 2532
5 4952 7520 2985 2533
5 1871 10443 5202 2534
5 2832 7520 4952 2535
5 7679 9008 3154 2536
5 3616 4899 2352 2537
5 3647 6022 2921 2538
5 5133 7630 1946 2539
5 2906 5118 5069 2540
5 4594 8268 2889 2541
5 5712 8270 4248 2542
5 3294 5293 1523 2543
5 4415 7953 2916 2544
5 5757 6884 1504 2545
5 4090 6448 2546 2546
5 1514 8674 4422 2547
5 453 4896 452 2548
5 1960 5850 3722 2549
5 2032 9295 5391 2550
5 5021 7475 2875 2551
5 6012 6630 4194 2552
5 4013 9716 8260 2553
5 1130 4932 1129 2554
5 3445 6123 4487 2555
5 1587 7088 3789 2556
5 3990 6556 2921 2557
5 4013 5317 2910 2558
5 8018 9816 6506 2559
5 2362 9205 4520 2560
5 4476 10255 3088 2561
5 4018 5135 2240 2562
5 4595 5902 2624 2563
5 5224 5936 1544 2564
5 5313 7170 4026 2565
5 5524 6256 3290 2566
5 2535 7290 5781 2567
5 2617 8163 5197 2568
5 1578 7412 4682 2569
5 4101 7571 4934 2570
5 3904 9546 5107 2571
5 5203 6008 1001 2572
5 1132 4931 1131 2573
5 4164 4769 2369 2574
5 6774 6809 1638 2575
5 2211 9050 4359 2576
5 3153 7077 5027 2577
5 2755 7031 5315 2578
5 901 4918 900 2579
5 4260 9486 2774 2580
5 5362 5363 2353 2581
5 899 4919 898 2582
5 2127 9228 4385 2583
5 7207 8592 4588 2584
5 2147 7334 4421 2585
5 6175 8586 1753 2586
5 2906 9264 5118 2587
5 1901 5378 4527 2588
5 3057 6947 3728 2589
5 3894 8391 5051 2590
5 1731 6908 4066 2591
5 4577 5847 2248 2592
5 2321 6787 5192 2593
5 970 4911 969 2594
5 2938 7903 6717 2595
5 5006 5007 2078 2596
5 2943 9262 4353 2597
5 3127 8262 5427 2598
5 2552 6122 4244 2599
5 3866 5309 2039 2600
5 2939 8317 4400 2601
5 2689 5013 4591 2602
5 2142 6486 4841 2603
5 2809 9544 4254 2604
5 5866 7558 3023 2605
5 1904 5972 5022 2606
5 3653 10260 5719 2607
5 3388 10349 4628 2608
5 2676 6759 4801 2609
5 3566 6104 1715 2610
5 2387 9383 3028 2611
5 2535 6076 4316 2612
5 4748 8091 3341 2613
5 2537 6278 6272 2614
5 3905 5890 1698 2615
5 2413 4806 3693 2616
5 5056 9946 7092 2617
5 3878 5885 1568 2618
5 4031 9722 4565 2619
5 9409 9661 3993 2620
5 6140 7512 3720 2621
5 4614 9249 2236 2622
5 2724 5281 3174 2623
5 4021 8329 2346 2624
5 1012 4915 1011 2625
5 1443 9996 6296 2626
5 4635 9288 4398 2627
5 3995 8547 1426 2628
5 4341 8415 5611 2629
5 7810 9944 5325 2630
5 4503 5252 2419 2631
5 5446 8343 2730 2632
5 4795 7792 1684 2633
5 6108 9015 2163 2634
5 2286 5509 4815 2635
5 6892 9427 5143 2636
5 2169 7945 3445 2637
5 2069 9515 5549 2638
5 4018 8791 1517 2639
5 597 6131 596 2640
5 5839 9176 2053 2641
5 4011 6774 1638 2642
5 3222 8517 4932 2643
5 4582 8715 3298 2644
5 5136 9105 9068 2645
5 2511 6707 4739 2646
5 5907 7318 3032 2647
5 2599 6779 4271 2648
5 2827 7530 4938 2649
5 1412 7637 4675 2650
5 1616 6143 3310 2651
5 2500 9321 3912 2652
5 3368 7792 6093 2653
5 4809 9828 4113 2654
5 4372 7903 2938 2655
5 3523 6013 1522 2656
5 3698 10152 4792 2657
5 951 4926 950 2658
5 3513 7363 5012 2659
5 4191 5515 2519 2660
5 4739 7544 2511 2661
5 2965 5549 4425 2662
5 4282 5619 2720 2663
5 3732 7021 1654 2664
5 5317 8740 2459 2665
5 5549 10253 4425 2666
5 2396 10053 4666 2667
5 5695 6936 4281 2668
5 2944 9773 4797 2669
5 4937 7602 2807 2670
5 5453 8019 3999 2671
5 2903 6849 4883 2672
5 3540 5010 1499 2673
5 2106 10575 9439 2674
5 737 6179 5128 2675
5 2651 5875 3713 2676
5 536 6185 535 2677
5 2963 8463 6371 2678
5 4390 10071 2406 2679
5 396 4937 395 2680
5 3023 7558 5040 2681
5 2951 8301 4256 2682
5 993 4929 992 2683
5 3137 7652 4282 2684
5 4938 7530 2979 2685
5 3696 10158 6978 2686
5 3233 7093 4971 2687
5 300 5196 299 2688
5 1113 4938 1112 2689
5 3903 9015 6108 2690
5 4545 9399 4797 2691
5 2556 5457 5322 2692
5 5740 8233 1600 2693
5 4571 7796 1409 2694
5 3872 7194 6896 2695
5 4931 8543 3222 2696
5 1695 8763 3545 2697
5 6948 8297 2637 2698
5 4996 5313 2474 2699
5 4347 5573 2722 2700
5 1685 6714 4080 2701
5 4184 7677 3220 2702
5 4836 9953 1676 2703
5 3309 6833 2990 2704
5 5659 6170 3153 2705
5 4370 5961 2840 2706
5 5203 8209 2621 2707
5 3652 5919 5672 2708
5 2982 7602 4937 2709
5 4335 8555 3604 2710
5 4052 9694 2105 2711
5 2968 8505 6383 2712
5 1455 4629 4457 2713
5 2141 7798 3888 2714
5 3956 5901 2404 2715
5 2281 9794 3475 2716
5 3948 6762 2040 2717
5 2738 6196 4864 2718
5 1792 8322 5754 2719
5 1837 4933 4351 2720
5 2666 8428 5042 2721
5 3918 9081 3752 2722
5 2191 5505 5372 2723
5 6900 6951 3928 2724
5 2572 7000 5540 2725
5 3149 7728 4272 2726
5 2144 8298 4812 2727
5 2607 5190 4210 2728
5 849 4950 848 2729
5 5421 6500 3758 2730
5 5461 10297 4033 2731
5 4147 6993 4396 2732
5 5904 9538 5387 2733
5 4177 7533 3258 2734
5 1773 8973 4012 2735
5 4591 4662 2689 2736
5 1507 7150 4241 2737
5 3172 7994 4835 2738
5 7633 8812 3992 2739
5 4452 6127 1889 2740
5 3583 7270 4655 2741
5 1870 9967 5184 2742
5 5042 6335 2666 2743
5 868 4952 867 2744
5 866 4953 865 2745
5 5672 7451 3204 2746
5 3079 6899 6065 2747
5 1122 4948 1121 2748
5 1702 6517 3656 2749
5 1945 7707 5129 2750
5 2007 5971 3890 2751
5 2325 6662 5498 2752
5 1428 8925 5638 2753
5 5445 10313 3726 2754
5 3869 8647 2349 2755
5 5633 6269 4095 2756
5 787 6190 5106 2757
5 4968 5166 2196 2758
5 3445 7059 4433 2759
5 3724 10565 1923 2760
5 4108 6466 2551 2761
5 2335 8194 4523 2762
5 1414 8556 4639 2763
5 2047 6533 4809 2764
5 5330 10440 3256 2765
5 2404 5901 3955 2766
5 4232 5474 2671 2767
5 2046 10058 4816 2768
5 2236 9249 3473 2769
5 4191 9413 7115 2770
5 6038 6381 2574 2771
5 7151 9984 5541 2772
5 2947 8347 4418 2773
5 4773 6498 3104 2774
5 1996 8537 3886 2775
5 5090 6457 2627 2776
5 837 4958 836 2777
5 835 4959 834 2778
5 4127 9695 2763 2779
5 3838 8390 5550 2780
5 5173 7980 7056 2781
5 1038 6287 1037 2782
5 2627 6457 5087 2783
5 4035 10318 5471 2784
5 4188 8946 4442 2785
5 2072 5539 4435 2786
5 7387 9124 4027 2787
5 2043 6920 3767 2788
5 4989 7154 3246 2789
5 2571 9365 4592 2790
5 4491 7043 1704 2791
5 244 4998 243 2792
5 4060 6524 1992 2793
5 1858 9401 5250 2794
5 4441 8550 3108 2795
5 5776 6854 2014 2796
5 5719 10260 2506 2797
5 3288 5135 4767 2798
5 5140 6256 2534 2799
5 3839 10058 6253 2800
5 2328 6981 4490 2801
5 2748 9816 4854 2802
5 2053 7658 5839 2803
5 2670 4627 4626 2804
5 4516 5140 2534 2805
5 4387 6267 2475 2806
5 2591 7296 4679 2807
5 4389 5817 1747 2808
5 2851 5806 5288 2809
5 4543 6822 2888 2810
5 5068 6841 2815 2811
5 1774 8588 4249 2812
5 3655 5942 5340 2813
5 2132 8768 4032 2814
5 4345 7027 2527 2815
5 1942 8201 5279 2816
5 238 5004 237 2817
5 2419 4563 3730 2818
5 1457 8111 6449 2819
5 1470 5344 4745 2820
5 236 5003 235 2821
5 4945 9777 5782 2822
5 3945 7135 6408 2823
5 5961 8452 4379 2824
5 771 4972 770 2825
5 8186 9632 4801 2826
5 2880 8213 4956 2827
5 5385 5479 2449 2828
5 2504 5458 4375 2829
5 2527 7027 5606 2830
5 3600 7334 2147 2831
5 923 6092 5242 2832
5 2692 5572 4192 2833
5 1452 10315 4517 2834
5 1466 10424 4398 2835
5 4142 5921 1883 2836
5 2408 10168 4792 2837
5 2153 8773 5463 2838
5 1721 5057 4459 2839
5 3516 7786 3939 2840
5 6793 8367 3330 2841
5 1642 8389 3463 2842
5 2434 7243 6246 2843
5 4273 10231 2784 2844
5 2778 9115 7541 2845
5 5637 6862 1446 2846
5 2690 5342 4662 2847
5 4166 6914 2623 2848
5 3394 6246 6234 2849
5 4174 6444 2694 2850
5 2348 9745 5195 2851
5 6856 8969 2612 2852
5 5040 7558 2907 2853
5 2029 5870 4538 2854
5 1769 9689 8748 2855
5 2401 4590 4573 2856
5 4422 9861 2390 2857
5 1774 8439 6836 2858
5 4981 5899 2783 2859
5 3975 9863 2006 2860
5 5089 7689 3047 2861
5 6336 6696 2451 2862
5 4255 5846 2774 2863
5 6021 7720 3578 2864
5 2740 5712 4248 2865
5 5349 6922 4287 2866
5 4050 6993 1505 2867
5 4502 5896 2167 2868
5 4094 10212 5919 2869
5 2039 6582 3866 2870
5 5508 7021 3732 2871
5 4632 9848 2280 2872
5 2417 4833 3692 2873
5 748 4988 747 2874
5 746 4987 745 2875
5 2503 5001 4975 2876
5 4555 8920 1416 2877
5 5047 6882 2952 2878
5 3859 7642 7290 2879
5 2619 9914 5380 2880
5 3356 5965 5861 2881
5 4472 10282 1818 2882
5 4598 5598 1884 2883
5 3268 8909 7162 2884
5 5137 6792 3540 2885
5 4714 6855 1459 2886
5 4405 8497 6034 2887
5 3505 5900 5878 2888
5 2669 5111 3565 2889
5 762 6431 761 2890
5 4641 9113 3462 2891
5 2752 6729 4597 2892
5 3002 8365 6957 2893
5 2159 8523 5898 2894
5 3848 7090 1635 2895
5 4803 6832 2300 2896
5 5586 8995 3490 2897
5 2128 8269 3814 2898
5 3771 9239 3770 2899
5 2929 10554 6106 2900
5 1821 5727 4643 2901
5 4921 10439 2288 2902
5 4171 8988 1788 2903
5 1702 7200 6930 2904
5 2637 8492 4820 2905
5 3532 5141 3609 2906
5 5880 9844 4195 2907
5 711 4997 710 2908
5 2437 9181 7578 2909
5 3707 5655 2626 2910
5 5466 7093 3233 2911
5 1659 5965 3676 2912
5 4565 9286 4031 2913
5 4805 5347 1405 2914
5 1853 5218 4173 2915
5 4474 7477 1666 2916
5 1818 10282 5698 2917
5 5826 6124 3173 2918
5 5376 10622 4058 2919
5 3522 10436 2126 2920
5 5753 8877 2018 2921
5 2882 6821 4580 2922
5 3619 7946 1526 2923
5 3204 6489 5672 2924
5 2484 6094 4421 2925
5 2714 9226 4669 2926
5 564 10461 5823 2927
5 6141 8000 2577 2928
5 2462 6036 4011 2929
5 415 5190 414 2930
5 4506 6677 1838 2931
5 2487 9111 4745 2932
5 2863 8049 6037 2933
5 3235 9953 4776 2934
5 5884 9053 4074 2935
5 2761 8286 4744 2936
5 6607 9832 4152 2937
5 1411 10285 7288 2938
5 5432 6779 2599 2939
5 1838 9008 4506 2940
5 3581 8156 2113 2941
5 1836 8895 7877 2942
5 4160 6171 1733 2943
5 2297 6257 5423 2944
5 3774 9827 5976 2945
5 4482 6555 2902 2946
5 5394 7553 2468 2947
5 5966 7734 2459 2948
5 4754 6399 2458 2949
5 1725 9384 3965 2950
5 1634 4963 3841 2951
5 5028 8640 2590 2952
5 2329 5398 3534 2953
5 4467 6543 2907 2954
5 3485 6671 6441 2955
5 4414 8801 3577 2956
5 3386 6910 2105 2957
5 1899 6748 5289 2958
5 5373 7279 2471 2959
5 2131 7881 4842 2960
5 4307 7125 1946 2961
5 1867 9103 5328 2962
5 3639 8596 2254 2963
5 186 5068 185 2964
5 1734 9345 4496 2965
5 5548 8680 3493 2966
5 4885 5627 1475 2967
5 2099 8611 4567 2968
5 1849 5736 4709 2969
5 3530 8141 1518 2970
5 2343 5235 3902 2971
5 4745 5344 2487 2972
5 5430 7476 3487 2973
5 2452 6393 4787 2974
5 2857 6034 4415 2975
5 2451 5845 4452 2976
5 1922 8747 5498 2977
5 1852 9041 4715 2978
5 657 6428 656 2979
5 4297 8250 3523 2980
5 4508 5314 1899 2981
5 6859 9630 3427 2982
5 5081 8203 2617 2983
5 8260 9716 1581 2984
5 7024 10565 3724 2985
5 4005 9515 7857 2986
5 1658 7140 6319 2987
5 2685 4718 4717 2988
5 1461 5630 4599 2989
5 4781 7390 2842 2990
5 3661 4668 2337 2991
5 2234 6819 4561 2992
5 4275 5816 2771 2993
5 4433 4898 2526 2994
5 2755 5315 3184 2995
5 2889 9660 4726 2996
5 2850 7511 4926 2997
5 2455 5410 4045 2998
5 4356 9321 2500 2999
5 4939 7190 1447 3000
5 6026 6709 4208 3001
5 1421 8500 3797 3002
5 5336 6280 1525 3003
5 6285 10424 1466 3004
5 4805 5725 2194 3005
5 2279 5559 3992 3006
5 1945 7058 4295 3007
5 1666 6394 4474 3008
5 320 5017 319 3009
5 1735 9520 4110 3010
5 1155 5021 1154 3011
5 2564 9858 5026 3012
5 502 6252 501 3013
5 4349 7848 3156 3014
5 5342 5475 2689 3015
5 4981 6070 1944 3016
5 3983 5403 1781 3017
5 314 5019 313 3018
5 4665 5472 2576 3019
5 5711 6318 2579 3020
5 2823 8986 4569 3021
5 55 5217 54 3022
5 4688 7050 2972 3023
5 1701 5352 4907 3024
5 4286 6870 5370 3025
5 9363 9967 1870 3026
5 541 10606 5881 3027
5 3676 5965 2251 3028
5 4229 6388 1760 3029
5 4417 7360 2747 3030
5 329 6274 5189 3031
5 2568 10421 3791 3032
5 3730 8046 7935 3033
5 3534 7635 4132 3034
5 3317 6990 4149 3035
5 3707 7143 4986 3036
5 3609 7542 2665 3037
5 1758 10440 5330 3038
5 1476 5848 4799 3039
5 2482 7661 4151 3040
5 2851 5288 4504 3041
5 5236 9143 2363 3042
5 1749 7339 4277 3043
5 1939 5831 4451 3044
5 4588 9108 2162 3045
5 4192 6425 2692 3046
5 5465 7480 4007 3047
5 3326 10086 2964 3048
5 1630 9793 8230 3049
5 2538 7206 5129 3050
5 4870 9196 5884 3051
5 4320 7543 3086 3052
5 3019 6292 3611 3053
5 4298 7524 3185 3054
5 3924 9448 8831 3055
5 2720 5619 4276 3056
5 1764 4840 3801 3057
5 4202 8755 1788 3058
5 6816 7695 1580 3059
5 4711 7078 3952 3060
5 5733 10021 2186 3061
5 1583 6126 3535 3062
5 2708 7414 4974 3063
5 2658 9736 4178 3064
5 4198 6453 1548 3065
5 5673 7414 2708 3066
5 4716 10242 3622 3067
5 4464 7213 3650 3068
5 6514 10441 1714 3069
5 5316 6730 4065 3070
5 4926 7511 2968 3071
5 5371 6170 1861 3072
5 1501 7375 7355 3073
5 3823 5517 2663 3074
5 4195 9844 1473 3075
5 7047 8634 2022 3076
5 6711 7764 1929 3077
5 4935 6493 1766 3078
5 5161 8367 2140 3079
5 4523 6119 2335 3080
5 4253 8645 5410 3081
5 4820 5251 1515 3082
5 4449 9078 1658 3083
5 9004 9560 2160 3084
5 6959 8350 3010 3085
5 3903 5335 1736 3086
5 5133 7211 2539 3087
5 2971 8911 5888 3088
5 5489 10626 3949 3089
5 1162 5040 1161 3090
5 4793 4875 2523 3091
5 4494 9350 4163 3092
5 4589 5883 1635 3093
5 4139 10447 2026 3094
5 3657 7584 2848 3095
5 4345 6969 1633 3096
5 5388 7067 2786 3097
5 1405 5288 4805 3098
5 2214 6016 4628 3099
5 2008 7092 4046 3100
5 5372 6224 2190 3101
5 2422 9388 4637 3102
5 3723 7957 4556 3103
5 242 5049 241 3104
5 7099 9047 2958 3105
5 259 5044 258 3106
5 1685 8155 6714 3107
5 2030 7679 4206 3108
5 4321 7525 3177 3109
5 3264 7561 4232 3110
5 240 5048 239 3111
5 2693 6547 5537 3112
5 4955 5980 1608 3113
5 2881 6869 4608 3114
5 1746 8410 4754 3115
5 2908 5418 2373 3116
5 7317 9270 5754 3117
5 5335 6147 4436 3118
5 6095 10601 3160 3119
5 7417 7946 2647 3120
5 4431 5594 2878 3121
5 2001 3810 3809 3122
5 3786 4547 2291 3123
5 2332 9844 5880 3124
5 2488 6449 3618 3125
5 4131 9902 5492 3126
5 6759 10386 3291 3127
5 6043 7539 3881 3128
5 2074 6151 4495 3129
5 3836 8465 4538 3130
5 3796 7212 2077 3131
5 5083 7547 3486 3132
5 1882 5498 4575 3133
5 7230 7746 3010 3134
5 5076 8496 1962 3135
5 2478 7083 3006 3136
5 1686 7571 4101 3137
5 7587 8838 3626 3138
5 2511 7544 5987 3139
5 5875 9173 7222 3140
5 5071 8364 2615 3141
5 2300 10111 3510 3142
5 3611 8023 3019 3143
5 2006 10114 3975 3144
5 2291 9857 5583 3145
5 4409 9473 6154 3146
5 4487 8267 2169 3147
5 1781 9557 3983 3148
5 4307 7630 3432 3149
5 589 4989 588 3150
5 2552 7667 6122 3151
5 587 4990 586 3152
5 4496 9345 3374 3153
5 1423 10611 4156 3154
5 4133 7061 6960 3155
5 2965 6559 3858 3156
5 5619 8247 4276 3157
5 3054 9171 5429 3158
5 3708 4864 2420 3159
5 1909 9434 3699 3160
5 8425 9540 3516 3161
5 2423 4887 3725 3162
5 2370 5499 4745 3163
5 3361 7455 6064 3164
5 4966 5920 1837 3165
5 4651 7105 3644 3166
5 4512 7556 1956 3167
5 2641 6546 5003 3168
5 6074 6434 2862 3169
5 4562 8724 2625 3170
5 4845 6983 1961 3171
5 3064 8732 4712 3172
5 5143 9982 1471 3173
5 250 5064 249 3174
5 2783 8412 5501 3175
5 5882 9676 8288 3176
5 6024 6756 4211 3177
5 1659 7471 6634 3178
5 3487 8729 5430 3179
5 2304 5771 3640 3180
5 1536 5099 4774 3181
5 2522 5848 5362 3182
5 2526 6514 4381 3183
5 3364 6269 1677 3184
5 4447 10315 1452 3185
5 2571 10601 9365 3186
5 2913 9785 8457 3187
5 3793 6415 1590 3188
5 3172 5478 4943 3189
5 4096 5490 2375 3190
5 5882 8102 4125 3191
5 1736 9015 3903 3192
5 4898 9815 3179 3193
5 7492 8005 4296 3194
5 1512 6264 4499 3195
5 5212 9494 4197 3196
5 4479 8599 6191 3197
5 4795 9279 3218 3198
5 7113 7550 12 3199
5 1670 5520 3574 3200
5 6366 9164 1975 3201
5 6105 7039 3108 3202
5 1213 5089 1212 3203
5 3229 7500 3978 3204
5 4802 6565 2764 3205
5 2411 9616 4348 3206
5 170 5122 169 3207
5 2883 7689 5089 3208
5 1568 9007 3878 3209
5 2713 7070 5525 3210
5 2690 5343 5342 3211
5 2446 7699 7058 3212
5 6448 9294 2546 3213
5 6348 7074 1647 3214
5 5112 8418 1730 3215
5 7877 8895 4976 3216
5 3984 8061 5289 3217
5 5268 9382 3832 3218
5 2636 8417 5242 3219
5 3424 10480 6358 3220
5 2546 6068 4090 3221
5 4823 7488 2849 3222
5 3860 5936 4315 3223
5 2284 7864 4509 3224
5 6355 7085 4045 3225
5 1176 5085 1175 3226
5 3234 9060 4187 3227
5 2988 8421 6414 3228
5 6533 7666 2869 3229
5 5061 9235 2398 3230
5 3351 9047 5812 3231
5 4448 7305 1954 3232
5 4761 5831 1939 3233
5 4665 7491 2631 3234
5 4757 8667 3052 3235
5 6455 8738 1787 3236
5 5653 8671 2791 3237
5 2747 7360 3686 3238
5 5076 5724 2722 3239
5 1591 6996 4525 3240
5 4189 6595 1468 3241
5 4742 6990 3560 3242
5 3719 9438 1903 3243
5 3921 5183 2758 3244
5 3819 5834 1719 3245
5 1854 5605 4115 3246
5 4366 4403 2770 3247
5 6408 7135 2483 3248
5 4849 4860 2725 3249
5 2690 6374 5343 3250
5 1182 5092 1181 3251
5 3856 4829 2460 3252
5 5774 9162 3459 3253
5 1639 7663 4897 3254
5 2444 4766 3659 3255
5 4179 6827 2697 3256
5 6880 7646 2923 3257
5 2504 8487 7060 3258
5 1566 7005 4991 3259
5 4957 8949 3759 3260
5 2566 6359 4159 3261
5 3004 9913 4807 3262
5 2716 5686 4233 3263
5 4609 6880 6452 3264
5 4566 7625 2033 3265
5 3519 5370 2201 3266
5 6380 8007 1995 3267
5 3030 8093 5044 3268
5 4170 9395 6784 3269
5 1513 8493 3517 3270
5 3182 7895 4374 3271
5 6966 8919 3228 3272
5 6856 9012 8969 3273
5 4854 6379 2748 3274
5 2010 9364 6894 3275
5 5011 7663 1639 3276
5 1805 4659 4268 3277
5 3185 8063 2114 3278
5 2613 7486 5172 3279
5 1447 5745 4939 3280
5 3155 9535 4855 3281
5 224 5104 223 3282
5 6129 6502 3175 3283
5 3296 6511 1554 3284
5 2978 8437 4475 3285
5 4688 8246 2941 3286
5 2632 5884 4074 3287
5 5870 8837 3034 3288
5 5259 5888 2766 3289
5 3031 9031 5003 3290
5 4419 4902 2911 3291
5 1188 5098 1187 3292
5 2575 6564 4167 3293
5 1851 8263 4681 3294
5 7870 9853 2115 3295
5 5345 9598 2952 3296
5 1766 6493 3169 3297
5 4864 6196 1863 3298
5 2033 5439 4566 3299
5 222 5103 221 3300
5 4874 7959 3046 3301
5 5894 7171 4329 3302
5 5305 5325 1769 3303
5 3930 7485 2434 3304
5 3812 5257 1730 3305
5 4334 5673 3127 3306
5 2688 5559 5147 3307
5 5584 9912 7941 3308
5 3996 10341 1683 3309
5 1791 5514 3590 3310
5 1194 5102 1193 3311
5 1672 10342 3705 3312
5 1763 7858 7416 3313
5 1043 10597 6046 3314
5 4718 9894 1543 3315
5 3354 8265 7056 3316
5 5923 9031 2022 3317
5 5306 8940 2139 3318
5 3201 10625 4468 3319
5 6051 10597 1044 3320
5 5004 8926 3031 3321
5 2559 9186 4810 3322
5 2220 8838 4234 3323
5 5238 7879 2632 3324
5 4086 5708 3350 3325
5 2608 9573 7386 3326
5 3249 7940 4279 3327
5 168 5158 167 3328
5 1760 6388 4054 3329
5 1726 10400 3967 3330
5 3116 9409 4819 3331
5 5003 9031 2641 3332
5 1439 10182 5839 3333
5 3797 6020 1421 3334
5 4572 8066 1541 3335
5 2449 5479 4667 3336
5 166 5157 165 3337
5 692 5182 691 3338
5 3720 8852 3076 3339
5 3008 7962 4997 3340
5 3982 7299 4747 3341
5 4089 5159 3306 3342
5 1508 7513 4991 3343
5 5782 9122 1464 3344
5 3456 7109 5506 3345
5 4232 8174 5474 3346
5 3347 7604 4242 3347
5 1521 5462 3419 3348
5 5252 8414 1627 3349
5 4430 9110 5002 3350
5 4466 5191 1511 3351
5 3442 6685 5691 3352
5 4838 10498 3567 3353
5 4472 9141 7461 3354
5 423 5053 422 3355
5 4596 9295 2032 3356
5 2101 9788 5610 3357
5 4997 7962 2854 3358
5 2551 6165 4108 3359
5 1401 10364 5944 3360
5 3922 6202 1655 3361
5 5238 6131 597 3362
5 1832 8784 4700 3363
5 2921 6556 3647 3364
5 2980 7727 4231 3365
5 4346 9814 3688 3366
5 8119 9572 2003 3367
5 6458 7546 4371 3368
5 5603 8449 2480 3369
5 4767 5135 2990 3370
5 2415 6823 3766 3371
5 3748 8787 3749 3372
5 2226 8011 5327 3373
5 3464 7353 4093 3374
5 5194 9747 2293 3375
5 4354 9904 4155 3376
5 4233 6518 2716 3377
5 7319 9266 3566 3378
5 5893 6544 2866 3379
5 1813 5633 4095 3380
5 1300 5281 1299 3381
5 6440 9430 1950 3382
5 3292 7592 4274 3383
5 647 5066 646 3384
5 3177 8245 2116 3385
5 6466 9303 2551 3386
5 8065 9089 3593 3387
5 1653 9634 7009 3388
5 2723 6488 3605 3389
5 4158 4761 2566 3390
5 2447 5631 4412 3391
5 5420 9258 2815 3392
5 2310 5866 3649 3393
5 4012 10443 9215 3394
5 1868 7128 4083 3395
5 4685 6063 2604 3396
5 649 5065 648 3397
5 4468 4777 1488 3398
5 5591 8309 2798 3399
5 2625 4657 4312 3400
5 1419 8644 4088 3401
5 3198 7980 5172 3402
5 2465 8643 5316 3403
5 2994 8596 6327 3404
5 2555 6172 1908 3405
5 4582 6613 1474 3406
5 1535 8030 4180 3407
5 4558 8272 1775 3408
5 4163 7609 6752 3409
5 4682 7336 1578 3410
5 3590 9859 1791 3411
5 4790 6711 1855 3412
5 3105 6313 4261 3413
5 4442 8212 2477 3414
5 2638 7015 3375 3415
5 4513 6244 1776 3416
5 5103 9647 6628 3417
5 3466 9193 5832 3418
5 2661 8926 5004 3419
5 6877 8069 2995 3420
5 2330 5441 5262 3421
5 4666 5097 1842 3422
5 1380 4454 1379 3423
5 4037 9926 6925 3424
5 5328 9583 1867 3425
5 4032 7247 2092 3426
5 5528 5623 3194 3427
5 3302 5945 2532 3428
5 9505 10497 3278 3429
5 1967 8579 4574 3430
5 5647 8946 1482 3431
5 5437 5438 1524 3432
5 4927 6321 1971 3433
5 5044 8093 2902 3434
5 7874 9070 3283 3435
5 5926 6262 1915 3436
5 1617 9161 4552 3437
5 1994 7898 3699 3438
5 2134 8735 5556 3439
5 5835 9198 3471 3440
5 4111 7461 1817 3441
5 1028 5071 1027 3442
5 4004 10571 10487 3443
5 1030 5070 1029 3444
5 4936 7192 3081 3445
5 2921 7122 4977 3446
5 984 6465 983 3447
5 1697 6277 3566 3448
5 2715 6593 5569 3449
5 195 5171 194 3450
5 5097 7763 1893 3451
5 3088 8089 4476 3452
5 1818 7762 4472 3453
5 4581 7416 2086 3454
5 83 5216 82 3455
5 3246 7834 4990 3456
5 2016 5877 4699 3457
5 94 5209 93 3458
5 4378 8421 2988 3459
5 193 5170 192 3460
5 3308 9868 8260 3461
5 1532 8917 4737 3462
5 3365 6136 1542 3463
5 8420 10291 4567 3464
5 1432 8846 5009 3465
5 3086 9143 5236 3466
5 4286 10536 2020 3467
5 4714 6878 2727 3468
5 1456 10106 5039 3469
5 7181 10098 3382 3470
5 2972 7393 2337 3471
5 3591 9258 5420 3472
5 4840 7183 3801 3473
5 4344 8824 2157 3474
5 5249 6185 536 3475
5 4280 6300 3159 3476
5 2937 5397 4922 3477
5 4563 5252 2528 3478
5 1916 5483 4806 3479
5 5001 8577 1673 3480
5 5200 6330 2874 3481
5 3808 8953 7398 3482
5 3545 5972 4640 3483
5 3843 7734 5966 3484
5 3289 6289 5172 3485
5 4685 5528 1552 3486
5 4239 8002 3637 3487
5 3190 8127 5476 3488
5 2451 6696 5845 3489
5 92 5208 91 3490
5 5845 8018 2824 3491
5 2392 9167 4641 3492
5 3138 6786 5272 3493
5 3339 6273 5332 3494
5 4205 7773 5190 3495
5 2083 5404 4983 3496
5 3705 5598 4598 3497
5 2632 6131 5238 3498
5 4746 9578 2325 3499
5 446 5082 445 3500
5 3928 7588 3053 3501
5 2290 8163 4772 3502
5 2743 8149 5386 3503
5 1076 5087 1075 3504
5 3679 4756 2351 3505
5 444 5081 443 3506
5 5516 7590 3147 3507
5 3323 5224 4967 3508
5 4569 6903 2823 3509
5 4632 6810 2884 3510
5 585 5052 584 3511
5 1072 5091 1071 3512
5 3977 5629 2055 3513
5 4390 9537 3251 3514
5 1074 5090 1073 3515
5 1575 5900 3505 3516
5 3987 8981 1626 3517
5 3956 7320 5903 3518
5 583 5054 582 3519
5 2567 8252 4179 3520
5 2071 6495 5213 3521
5 3084 9235 5061 3522
5 1088 5093 1087 3523
5 2678 6645 5266 3524
5 2964 7208 5670 3525
5 3687 6297 2552 3526
5 4157 7374 4355 3527
5 5528 7740 1552 3528
5 6065 6899 4237 3529
5 2274 9013 5014 3530
5 2419 8580 4967 3531
5 5301 6920 2043 3532
5 3296 7300 2885 3533
5 4529 8250 7377 3534
5 5675 10083 4142 3535
5 4588 5449 1944 3536
5 3460 9743 7084 3537
5 1845 5387 2183 3538
5 4049 5334 2762 3539
5 2621 6008 5203 3540
5 4180 9160 8559 3541
5 7578 8837 2806 3542
5 4618 5747 1421 3543
5 6156 9834 1441 3544
5 8076 8326 1869 3545
5 4033 7583 4914 3546
5 2486 6667 5220 3547
5 5266 8754 2678 3548
5 2597 7109 4509 3549
5 6524 9248 4856 3550
5 1804 5773 4129 3551
5 2932 6896 4897 3552
5 5781 6076 2535 3553
5 2490 5511 3954 3554
5 1826 5428 5219 3555
5 1305 5315 1304 3556
5 4314 6503 3748 3557
5 1609 6779 5345 3558
5 2596 9352 6253 3559
5 5147 8262 1786 3560
5 2158 8765 6704 3561
5 5443 7088 1699 3562
5 468 6425 467 3563
5 2130 10074 3746 3564
5 4809 6533 2869 3565
5 787 5106 786 3566
5 4917 7586 4035 3567
5 2295 6230 2886 3568
5 4908 10084 4909 3569
5 5861 8180 3356 3570
5 4040 10085 2841 3571
5 2226 7948 6937 3572
5 4147 9847 1505 3573
5 5381 6729 2752 3574
5 9107 9282 4424 3575
5 2530 5883 4589 3576
5 3370 6949 5409 3577
5 1563 5024 4025 3578
5 5131 8237 1365 3579
5 5368 9261 4098 3580
5 1920 5772 4505 3581
5 3248 10150 6740 3582
5 4235 10321 8559 3583
5 4364 6029 2845 3584
5 1577 6502 4683 3585
5 1618 4853 4553 3586
5 4490 6133 1489 3587
5 4140 6185 2640 3588
5 6816 9174 3032 3589
5 2201 6870 4705 3590
5 1728 10368 3836 3591
5 6453 8518 3746 3592
5 3560 9502 8306 3593
5 2840 9907 4370 3594
5 4791 7346 3772 3595
5 2676 4894 4638 3596
5 3846 8790 1396 3597
5 4271 10520 2599 3598
5 5067 7160 1611 3599
5 2960 8994 4028 3600
5 8193 8650 4389 3601
5 4566 10484 1445 3602
5 2506 9548 5719 3603
5 376 5119 375 3604
5 5393 6547 2693 3605
5 2828 6440 1950 3606
5 4547 4760 2291 3607
5 1928 5906 4744 3608
5 3939 10097 4341 3609
5 4262 6495 2071 3610
5 1484 5794 4710 3611
5 4765 7200 1872 3612
5 4974 5361 2708 3613
5 2722 5724 4347 3614
5 737 5128 736 3615
5 2627 8603 5090 3616
5 4036 9112 1627 3617
5 4004 10487 6541 3618
5 5894 6915 2412 3619
5 3935 8652 1862 3620
5 4392 7579 3207 3621
5 4751 7809 1580 3622
5 5176 7013 3861 3623
5 2473 4850 3894 3624
5 4936 8155 1685 3625
5 6940 7375 1501 3626
5 5640 9443 3183 3627
5 4796 8209 2297 3628
5 2719 6485 5580 3629
5 4731 9077 3026 3630
5 7690 8197 2833 3631
5 5348 7089 2496 3632
5 3067 8043 5170 3633
5 1753 5115 3780 3634
5 2829 10142 4039 3635
5 2195 9170 4248 3636
5 1928 9168 5234 3637
5 5250 8523 2159 3638
5 2532 7330 4333 3639
5 5459 9767 8927 3640
5 1826 9838 4523 3641
5 4555 7988 3440 3642
5 7461 9141 1817 3643
5 4470 6175 2563 3644
5 5005 6254 1909 3645
5 1701 7718 4807 3646
5 5701 6361 1982 3647
5 1863 5742 4864 3648
5 2722 5573 4357 3649
5 5531 8591 1785 3650
5 3223 9830 4491 3651
5 5579 6487 2718 3652
5 4161 8585 2107 3653
5 3830 6368 3035 3654
5 2415 7549 4403 3655
5 4744 8286 1412 3656
5 2581 4730 4193 3657
5 9778 10629 3919 3658
5 3418 10432 4596 3659
5 4562 8158 2355 3660
5 658 5124 657 3661
5 2604 6064 5324 3662
5 4077 7046 1843 3663
5 1672 8810 6602 3664
5 2570 6361 4153 3665
5 7101 7110 3497 3666
5 8420 9943 3596 3667
5 660 5123 659 3668
5 282 5163 281 3669
5 876 5125 875 3670
5 1831 9200 4539 3671
5 941 6518 940 3672
5 874 5126 873 3673
5 280 5162 279 3674
5 2796 7575 5070 3675
5 4214 6287 2666 3676
5 5352 10191 4907 3677
5 2052 5377 4907 3678
5 2156 9471 9104 3679
5 5249 8020 2640 3680
5 4525 7066 1591 3681
5 3058 6355 4045 3682
5 3202 7452 3673 3683
5 2791 8671 7702 3684
5 4839 5227 1931 3685
5 3847 9874 6561 3686
5 2788 7587 5082 3687
5 4248 7678 3438 3688
5 6577 8864 3342 3689
5 5049 6569 2662 3690
5 7596 9109 3333 3691
5 666 5132 665 3692
5 9085 9575 4903 3693
5 5134 6530 1613 3694
5 2512 4895 4815 3695
5 2840 5961 4379 3696
5 6665 7652 3137 3697
5 2450 10331 4386 3698
5 2928 7150 5036 3699
5 2937 8387 5397 3700
5 5809 7760 1625 3701
5 1856 7359 4431 3702
5 1999 6570 3962 3703
5 4618 7172 2105 3704
5 5260 7426 2328 3705
5 4685 7326 2385 3706
5 2466 9595 8114 3707
5 5540 7540 2119 3708
5 2572 8858 5052 3709
5 1558 8345 4890 3710
5 7117 8621 2492 3711
5 7350 8951 3343 3712
5 1279 5274 1278 3713
5 2599 10520 4698 3714
5 5386 8149 2202 3715
5 4542 5839 2967 3716
5 1530 7768 5239 3717
5 3455 9780 4978 3718
5 7640 10592 3553 3719
5 1277 5277 1276 3720
5 2013 8104 5526 3721
5 1750 8037 5442 3722
5 2766 7097 3651 3723
5 2360 6744 4420 3724
5 4659 10493 4268 3725
5 3303 7992 4330 3726
5 5680 6612 2746 3727
5 2527 9737 5084 3728
5 2661 6574 5048 3729
5 3468 7633 3992 3730
5 7934 9912 2237 3731
5 2700 10366 7307 3732
5 5485 10228 4061 3733
5 490 5117 489 3734
5 1453 6420 3348 3735
5 4708 6386 3016 3736
5 2471 4901 3889 3737
5 1889 10181 4376 3738
5 3156 7848 6675 3739
5 6891 9566 3001 3740
5 9104 9471 4340 3741
5 8229 8882 6472 3742
5 2257 8662 5169 3743
5 4827 5993 2468 3744
5 2053 9176 7399 3745
5 3386 6905 5287 3746
5 4043 9272 4787 3747
5 2788 8838 7587 3748
5 6150 7450 1764 3749
5 4601 10554 6985 3750
5 50 5388 49 3751
5 4148 5088 1767 3752
5 3227 9679 5994 3753
5 3178 7411 5073 3754
5 1496 4649 4063 3755
5 3180 10018 5036 3756
5 7256 7355 4118 3757
5 3919 8278 1759 3758
5 2251 9190 4346 3759
5 1384 9060 3 3760
5 4234 7752 3548 3761
5 1374 4602 2 3762
5 5448 8201 4209 3763
5 5842 9976 6984 3764
5 5177 9511 3877 3765
5 4751 7695 2196 3766
5 5884 9196 1934 3767
5 5402 5487 2614 3768
5 5124 6428 657 3769
5 5242 6092 2636 3770
5 5284 6287 1038 3771
5 4700 8784 2901 3772
5 3657 7169 5293 3773
5 3595 8671 4249 3774
5 2052 6154 5377 3775
5 2408 5535 4393 3776
5 4058 7594 4930 3777
5 5380 7914 2619 3778
5 4059 6234 1734 3779
5 3751 6301 2959 3780
5 6625 7728 3149 3781
5 2984 6059 4964 3782
5 2335 6542 4654 3783
5 1660 7413 3809 3784
5 1820 6067 3888 3785
5 4497 7873 3624 3786
5 3465 7707 4295 3787
5 2285 8687 7449 3788
5 1980 5894 3804 3789
5 3305 8004 4338 3790
5 3325 8467 5445 3791
5 2092 5750 4032 3792
5 4963 7112 1752 3793
5 4781 5703 2104 3794
5 5390 9354 2508 3795
5 3553 9026 4000 3796
5 5391 6094 2484 3797
5 157 5240 156 3798
5 4429 10235 1688 3799
5 3219 9342 7697 3800
5 976 5142 975 3801
5 3526 6879 2574 3802
5 3109 7415 6626 3803
5 5971 9152 4174 3804
5 1809 9964 8797 3805
5 6284 6764 4755 3806
5 5400 6878 3509 3807
5 2640 6185 5249 3808
5 1872 6703 4765 3809
5 4826 9381 1519 3810
5 2327 5097 4666 3811
5 3468 8885 4686 3812
5 3083 3272 2190 3813
5 4577 5374 1829 3814
5 2847 5850 4260 3815
5 6961 7745 1491 3816
5 90 5265 89 3817
5 2670 9186 4541 3818
5 4566 8780 2667 3819
5 2659 6252 4177 3820
5 4700 7074 2646 3821
5 1024 5145 1023 3822
5 2482 6977 4316 3823
5 1026 5146 1025 3824
5 2694 5971 4174 3825
5 4794 7230 3010 3826
5 4605 7079 2425 3827
5 4977 8665 2921 3828
5 2297 9059 6257 3829
5 4559 6331 2243 3830
5 2237 5584 3481 3831
5 4043 10064 7287 3832
5 3517 8493 6279 3833
5 2382 7708 4799 3834
5 1765 8512 8379 3835
5 2121 9382 5268 3836
5 516 6435 515 3837
5 3518 7738 4251 3838
5 5622 6531 2743 3839
5 1754 8800 5109 3840
5 3630 7297 1663 3841
5 5025 7240 1908 3842
5 3200 5388 2786 3843
5 1559 7664 3807 3844
5 1480 7479 5708 3845
5 2722 9150 5076 3846
5 512 6444 511 3847
5 88 5264 87 3848
5 6904 9137 5075 3849
5 2647 5261 4515 3850
5 2696 9824 7740 3851
5 5782 7445 3760 3852
5 2731 5867 4273 3853
5 1883 5921 4798 3854
5 3520 7743 4255 3855
5 329 5189 328 3856
5 1908 6173 5025 3857
5 1478 6752 5324 3858
5 3443 9064 5530 3859
5 1464 5409 4945 3860
5 4216 10054 4845 3861
5 2094 8330 4642 3862
5 2318 6304 4709 3863
5 5197 8163 3393 3864
5 2788 10573 8838 3865
5 4125 8102 1673 3866
5 3438 5688 2195 3867
5 3056 7366 5490 3868
5 2662 6569 4998 3869
5 4229 8910 7886 3870
5 4604 8426 2863 3871
5 3462 10527 4641 3872
5 2616 6851 4827 3873
5 353 5187 352 3874
5 2055 6889 3977 3875
5 2066 9916 7831 3876
5 351 5186 350 3877
5 5251 8420 1515 3878
5 4323 8393 3582 3879
5 2102 7447 7380 3880
5 4502 7601 2861 3881
5 2536 6458 4371 3882
5 4115 7241 1854 3883
5 4499 10236 4500 3884
5 1006 6540 1005 3885
5 5756 8714 2193 3886
5 4296 8005 3393 3887
5 1949 5510 4730 3888
5 5148 6223 1642 3889
5 1736 9549 3926 3890
5 1566 4474 3763 3891
5 2161 8619 5311 3892
5 7289 8390 3838 3893
5 1903 6249 5055 3894
5 5927 6901 1830 3895
5 4357 7648 3340 3896
5 3160 10601 7987 3897
5 5163 6645 2678 3898
5 5927 7599 3425 3899
5 1881 9999 9411 3900
5 5275 9513 2307 3901
5 6352 8537 2494 3902
5 3944 9982 5143 3903
5 5806 9816 1801 3904
5 3948 8286 6762 3905
5 3190 7130 6784 3906
5 1597 9815 4433 3907
5 1894 5397 4252 3908
5 3822 7105 4651 3909
5 5343 6374 3234 3910
5 2456 4882 4102 3911
5 2293 8013 5194 3912
5 2584 4839 4196 3913
5 2709 9817 4356 3914
5 2848 7889 3744 3915
5 4405 6034 2857 3916
5 111 5270 110 3917
5 3498 7744 4275 3918
5 2020 7089 5115 3919
5 1842 5097 4865 3920
5 6202 7776 1655 3921
5 557 6407 556 3922
5 5147 5559 2279 3923
5 5004 6574 2661 3924
5 2766 8194 4654 3925
5 6292 8440 3304 3926
5 2584 8231 5227 3927
5 5740 9652 8233 3928
5 553 6413 552 3929
5 4410 10003 5046 3930
5 1505 9847 4446 3931
5 3232 8485 1460 3932
5 4157 7485 7374 3933
5 5656 8265 3221 3934
5 4206 7512 6548 3935
5 3550 8626 1592 3936
5 2409 10152 3698 3937
5 4870 7879 2104 3938
5 6595 7658 3514 3939
5 5313 9092 3832 3940
5 3629 9427 6535 3941
5 4560 5730 1485 3942
5 781 6149 4518 3943
5 1498 5600 3433 3944
5 4518 6148 780 3945
5 3959 6886 3163 3946
5 1971 6321 6320 3947
5 2953 6323 3878 3948
5 1445 5141 3532 3949
5 7175 7714 3552 3950
5 6252 8535 5431 3951
5 6080 8854 1806 3952
5 4611 4999 2762 3953
5 5572 9951 4192 3954
5 5073 9911 3284 3955
5 5091 7672 2808 3956
5 5415 6593 2715 3957
5 4211 6756 2593 3958
5 2057 2515 1724 3959
5 4801 9632 3027 3960
5 3525 7264 2361 3961
5 4662 5342 2689 3962
5 4287 6749 1935 3963
5 6181 6432 2035 3964
5 1579 9965 4617 3965
5 2554 9272 4747 3966
5 4556 8252 2567 3967
5 3504 7753 4283 3968
5 1714 6635 6514 3969
5 2364 7793 3228 3970
5 5994 9074 2930 3971
5 4616 5386 1920 3972
5 1645 7099 5390 3973
5 8257 9966 1616 3974
5 5895 8072 1556 3975
5 4269 7039 6105 3976
5 3881 7539 2270 3977
5 577 5153 576 3978
5 3563 6348 4455 3979
5 3871 6162 1975 3980
5 3638 7361 4266 3981
5 5010 7545 3717 3982
5 1938 5855 4212 3983
5 4565 6030 1947 3984
5 1430 8034 4385 3985
5 4243 7004 2724 3986
5 2677 6598 5162 3987
5 2108 7301 4750 3988
5 2776 6637 5770 3989
5 3947 6534 1823 3990
5 5389 8577 3891 3991
5 3331 8712 8656 3992
5 3715 7269 1648 3993
5 4951 9002 1632 3994
5 2322 6328 4765 3995
5 3192 7666 6533 3996
5 2334 9566 6888 3997
5 3853 5791 4499 3998
5 1365 8237 1364 3999
5 2293 9747 9559 4000
5 2761 5906 3662 4001
5 1368 5426 1367 4002
5 5584 7941 3625 4003
5 5006 7455 3444 4004
5 2676 4638 4627 4005
5 3787 8335 1834 4006
5 3983 7849 1772 4007
5 7910 9604 4123 4008
5 4150 8825 1794 4009
5 1484 8297 4808 4010
5 1629 8509 4009 4011
5 8011 10141 5327 4012
5 2315 8417 4878 4013
5 2238 7281 3489 4014
5 3399 8209 5203 4015
5 5026 9720 2564 4016
5 4982 9025 3703 4017
5 4656 6738 2940 4018
5 2486 6147 5335 4019
5 3593 9742 8065 4020
5 5016 6116 2411 4021
5 4451 9384 1725 4022
5 2000 7413 4284 4023
5 5073 7411 1417 4024
5 3668 7176 2466 4025
5 7554 9553 1785 4026
5 5273 6683 1868 4027
5 2743 6531 5582 4028
5 3714 5213 4835 4029
5 2035 5435 4359 4030
5 2564 9720 9447 4031
5 4462 6150 2534 4032
5 4209 8904 4964 4033
5 7779 9765 1799 4034
5 5743 6511 2885 4035
5 4063 9369 1496 4036
5 2754 6893 5413 4037
5 4094 5919 2735 4038
5 2995 8069 4594 4039
5 4673 5550 2355 4040
5 5573 8296 4357 4041
5 2277 5191 4466 4042
5 731 6167 4532 4043
5 9447 9720 4461 4044
5 3458 8754 5266 4045
5 4165 5174 2437 4046
5 3968 6184 3025 4047
5 3743 8368 6301 4048
5 4256 8079 3519 4049
5 3793 5112 2558 4050
5 4532 6166 730 4051
5 2991 10458 4068 4052
5 4299 7451 6275 4053
5 5170 8043 2940 4054
5 3476 7750 4309 4055
5 2589 4828 4207 4056
5 3551 6884 5757 4057
5 1947 7279 6382 4058
5 7422 10089 3627 4059
5 1846 9538 5904 4060
5 1961 7101 4845 4061
5 4208 6709 2589 4062
5 7401 7616 2340 4063
5 2350 5375 5371 4064
5 2145 7781 4812 4065
5 2487 8980 4540 4066
5 2769 6658 5718 4067
5 4529 6987 3523 4068
5 1610 7441 4663 4069
5 278 6598 4404 4070
5 4112 8670 2861 4071
5 8072 8339 3481 4072
5 2087 6354 5000 4073
5 2291 10314 3786 4074
5 3925 9042 1664 4075
5 2045 5652 4705 4076
5 2684 6158 4127 4077
5 6772 9045 1799 4078
5 2517 5109 3910 4079
5 3013 8597 6520 4080
5 4196 6392 2584 4081
5 4026 5436 1617 4082
5 2900 8575 7829 4083
5 1793 9552 3605 4084
5 5318 6431 762 4085
5 7112 7682 3021 4086
5 2724 7484 1987 4087
5 442 5197 441 4088
5 7287 9852 4043 4089
5 2915 6191 4519 4090
5 5621 6528 2751 4091
5 2070 9264 5030 4092
5 2468 5993 3554 4093
5 4832 9940 2065 4094
5 2620 7310 6876 4095
5 4010 5711 2579 4096
5 4420 6808 6358 4097
5 7036 8828 3062 4098
5 5070 7575 3345 4099
5 1657 6556 6510 4100
5 3070 6677 4592 4101
5 3958 6898 1991 4102
5 5903 7320 3134 4103
5 4382 9522 2464 4104
5 5483 9952 2151 4105
5 2458 6399 5913 4106
5 1506 6850 4747 4107
5 3092 9936 7717 4108
5 3052 5485 4061 4109
5 4520 9205 3913 4110
5 2214 5611 3498 4111
5 1931 6852 4258 4112
5 3902 9565 2343 4113
5 4190 9364 5108 4114
5 3867 8461 2870 4115
5 2626 10432 3707 4116
5 3644 9512 9228 4117
5 1772 6007 4670 4118
5 3674 8850 3195 4119
5 2503 8629 3891 4120
5 5593 10449 1775 4121
5 5664 6526 2763 4122
5 4050 5138 2332 4123
5 5561 6604 2738 4124
5 1543 10006 3623 4125
5 3547 8736 4593 4126
5 1951 8379 5380 4127
5 2379 5755 3579 4128
5 1002 5203 1001 4129
5 1261 5321 1260 4130
5 1854 7246 4173 4131
5 4670 5403 3983 4132
5 5075 9137 2869 4133
5 4714 5874 2704 4134
5 2575 9424 6564 4135
5 4983 10540 3387 4136
5 7150 10599 4241 4137
5 1094 6145 4544 4138
5 3616 6059 2984 4139
5 7412 7549 4682 4140
5 1654 10194 3732 4141
5 5523 6552 2734 4142
5 4050 8661 5138 4143
5 4129 6180 1804 4144
5 2327 7763 5097 4145
5 2355 5660 4562 4146
5 7543 10569 1976 4147
5 4744 5906 2761 4148
5 4258 10021 5733 4149
5 2584 5227 4839 4150
5 3016 7922 4708 4151
5 501 6252 5431 4152
5 4123 8336 7910 4153
5 725 5230 724 4154
5 4628 5840 2214 4155
5 1974 6756 6077 4156
5 2199 6439 3933 4157
5 723 5229 722 4158
5 4963 7682 7112 4159
5 4689 9420 7941 4160
5 4404 6200 277 4161
5 5581 6537 2742 4162
5 6146 8144 2344 4163
5 3607 6203 1765 4164
5 5148 5646 3005 4165
5 3888 6067 2141 4166
5 2733 6554 5522 4167
5 4419 5918 2409 4168
5 4715 9041 3929 4169
5 3543 8848 4121 4170
5 2662 9121 5049 4171
5 4873 9919 3006 4172
5 1885 8280 4655 4173
5 6161 9825 1807 4174
5 5291 8021 1458 4175
5 4400 8070 3321 4176
5 4425 7073 2965 4177
5 2561 7236 4432 4178
5 4225 7102 5798 4179
5 1645 7467 3547 4180
5 4066 9603 1731 4181
5 3070 7796 4571 4182
5 2182 3334 3106 4183
5 1977 8416 6009 4184
5 1886 7082 4190 4185
5 3276 8267 4487 4186
5 6732 10059 5171 4187
5 4164 8196 1509 4188
5 3143 3334 2182 4189
5 1618 6052 4853 4190
5 5489 10616 1771 4191
5 2762 4999 4049 4192
5 6700 7895 3182 4193
5 3311 8506 1522 4194
5 1368 8923 5426 4195
5 5082 7587 3360 4196
5 3971 5333 2422 4197
5 5433 6407 2683 4198
5 2689 5475 4674 4199
5 3926 8469 2163 4200
5 2877 8862 4540 4201
5 2068 10054 4216 4202
5 4686 8885 2194 4203
5 1580 7695 4751 4204
5 5048 9130 2661 4205
5 5221 6592 1605 4206
5 4567 8611 3677 4207
5 531 6114 4554 4208
5 4554 6113 530 4209
5 4423 8097 1420 4210
5 2440 9995 7313 4211
5 4621 8568 2886 4212
5 3587 8071 2754 4213
5 4619 6141 2577 4214
5 3207 8432 2129 4215
5 3107 7948 5327 4216
5 2684 6413 5434 4217
5 3634 7510 4501 4218
5 3360 8203 5081 4219
5 3724 6952 1721 4220
5 4602 5939 3573 4221
5 1711 7462 3756 4222
5 484 5214 483 4223
5 2593 6417 4211 4224
5 1840 10061 6461 4225
5 1959 7988 4555 4226
5 5096 5419 2336 4227
5 7010 7470 2247 4228
5 6265 8494 3440 4229
5 2853 6039 5008 4230
5 6784 7130 2044 4231
5 6964 10011 5823 4232
5 6177 8891 1460 4233
5 4288 7823 3601 4234
5 2005 4879 4876 4235
5 5324 6064 2078 4236
5 1520 9585 5062 4237
5 3103 5880 4195 4238
5 5257 10369 1948 4239
5 4194 6630 2581 4240
5 4810 8920 4084 4241
5 2600 8374 7546 4242
5 5915 8867 2205 4243
5 4895 9957 2286 4244
5 5327 7948 2226 4245
5 1918 5376 4448 4246
5 1843 7065 4408 4247
5 1510 8892 4145 4248
5 4280 9877 4821 4249
5 1459 6878 4714 4250
5 5286 9999 1881 4251
5 2363 9143 3643 4252
5 2386 10386 4169 4253
5 5022 7804 2898 4254
5 2120 8037 5727 4255
5 6905 9220 2100 4256
5 1239 6893 4456 4257
5 1839 9394 4612 4258
5 3044 9089 8065 4259
5 4195 5650 3103 4260
5 4848 10517 5199 4261
5 3782 4922 2457 4262
5 2164 6948 3677 4263
5 5395 7268 2054 4264
5 5257 6908 4042 4265
5 3876 6437 1973 4266
5 4228 7321 2934 4267
5 1662 10098 7181 4268
5 6759 8388 1830 4269
5 2842 7976 4781 4270
5 3301 3302 2421 4271
5 1790 8300 4875 4272
5 1888 10159 9531 4273
5 2444 7254 2989 4274
5 3022 5470 3211 4275
5 3499 9269 6474 4276
5 4451 10450 3991 4277
5 4653 10391 2043 4278
5 2092 7923 4579 4279
5 1018 5228 1017 4280
5 2109 6887 4445 4281
5 1390 10592 7640 4282
5 6652 6900 3849 4283
5 6315 9592 4748 4284
5 4369 8487 2353 4285
5 3995 9220 6905 4286
5 4637 7316 2422 4287
5 3094 7705 5436 4288
5 7716 9155 3383 4289
5 5072 7371 2777 4290
5 5462 7235 3324 4291
5 6267 7891 1773 4292
5 4522 8590 5984 4293
5 4025 9354 5390 4294
5 3383 9155 4846 4295
5 286 5263 285 4296
5 1927 5624 4887 4297
5 3211 5468 3020 4298
5 284 5266 283 4299
5 2588 9672 8236 4300
5 2681 9979 3868 4301
5 4106 6228 2556 4302
5 4346 8003 1776 4303
5 6253 10058 2046 4304
5 3387 7556 4512 4305
5 1830 6901 4169 4306
5 4252 6208 1894 4307
5 1648 7189 3715 4308
5 3057 6862 3904 4309
5 4541 5927 2670 4310
5 5279 9377 1879 4311
5 2904 7851 4948 4312
5 923 5242 922 4313
5 2354 7651 5179 4314
5 4240 6540 2721 4315
5 6248 6963 3100 4316
5 4396 6993 2203 4317
5 2731 6590 5447 4318
5 2475 6267 6033 4319
5 3695 8119 1688 4320
5 2599 5980 5432 4321
5 271 5276 270 4322
5 2746 6612 5513 4323
5 4261 7687 2579 4324
5 4107 5988 2462 4325
5 2211 10532 6070 4326
5 3599 9767 6188 4327
5 1562 8180 4797 4328
5 265 5278 264 4329
5 4583 6178 2016 4330
5 4054 8279 2286 4331
5 3818 8308 3045 4332
5 2319 9160 3860 4333
5 2380 6330 5289 4334
5 4418 8105 3338 4335
5 1763 7559 4634 4336
5 1552 6063 4685 4337
5 5120 9813 8374 4338
5 3529 9132 6567 4339
5 4812 7781 2144 4340
5 1511 6559 3962 4341
5 3718 9853 7870 4342
5 2290 10381 8163 4343
5 7578 9181 4463 4344
5 3609 5141 2472 4345
5 5363 9346 3097 4346
5 3992 5559 3468 4347
5 1746 10065 3742 4348
5 1518 6475 3530 4349
5 1641 8425 6707 4350
5 4626 4810 2670 4351
5 5140 9443 2326 4352
5 5047 9338 1780 4353
5 2819 7846 5125 4354
5 2530 6757 5883 4355
5 4586 5566 2455 4356
5 6121 6753 2949 4357
5 1994 6424 3906 4358
5 5902 8724 2624 4359
5 6784 8127 3190 4360
5 2056 3502 2630 4361
5 96 6944 4469 4362
5 4791 6333 2698 4363
5 4309 9353 2212 4364
5 5584 8072 3481 4365
5 4800 8689 3009 4366
5 2967 7658 6595 4367
5 6630 7079 1986 4368
5 7818 8228 1738 4369
5 2708 5280 4904 4370
5 4982 7551 1531 4371
5 2593 10600 6417 4372
5 2645 6052 4836 4373
5 3799 8677 1584 4374
5 1542 6136 4902 4375
5 7331 7527 3495 4376
5 5512 6584 2745 4377
5 2279 8262 5147 4378
5 431 5474 430 4379
5 3606 8480 7749 4380
5 6762 7984 2040 4381
5 1656 8201 5448 4382
5 1107 5256 1106 4383
5 5107 9546 1925 4384
5 7665 9775 2580 4385
5 8209 10418 2297 4386
5 2215 6819 3518 4387
5 1486 8467 4597 4388
5 6600 7692 3379 4389
5 1418 9185 7465 4390
5 3924 8831 3761 4391
5 4706 5469 1984 4392
5 4448 7841 3369 4393
5 8846 9581 5323 4394
5 3719 9164 6366 4395
5 1517 8799 4549 4396
5 5550 8390 3120 4397
5 1755 8133 5050 4398
5 4655 9755 1885 4399
5 1624 7888 4678 4400
5 4141 8119 5005 4401
5 1745 7220 4954 4402
5 2546 7183 6068 4403
5 4027 9124 2463 4404
5 1779 6141 4619 4405
5 5425 6435 2695 4406
5 7136 7236 2561 4407
5 1919 5448 4209 4408
5 4630 7457 1523 4409
5 5126 7812 2831 4410
5 3366 7672 5091 4411
5 7411 9932 2239 4412
5 4137 5495 1678 4413
5 4167 6380 2575 4414
5 4488 9613 4551 4415
5 5938 6690 2821 4416
5 4841 6724 2142 4417
5 5509 8277 1407 4418
5 3854 8633 4139 4419
5 4336 5483 1916 4420
5 1823 6534 4434 4421
5 81 6863 4473 4422
5 598 5238 597 4423
5 2264 9018 5329 4424
5 3066 8753 6953 4425
5 2510 5817 4389 4426
5 4814 8315 1556 4427
5 2185 8616 1846 4428
5 4200 6008 2621 4429
5 600 5237 599 4430
5 4974 9817 2709 4431
5 4519 8074 3231 4432
5 8315 10483 2197 4433
5 8801 9619 2375 4434
5 2427 7108 5422 4435
5 2307 8182 5275 4436
5 4456 6298 1238 4437
5 2694 6444 5424 4438
5 5198 7705 1716 4439
5 4764 9736 2658 4440
5 2749 4903 4851 4441
5 5542 6586 2759 4442
5 4242 6465 2702 4443
5 4237 6899 2608 4444
5 3047 8786 6619 4445
5 1569 10202 5113 4446
5 6940 7256 3620 4447
5 2562 9071 2036 4448
5 4948 7851 2977 4449
5 5967 9462 2570 4450
5 4488 4551 2696 4451
5 297 5290 296 4452
5 4110 6353 1735 4453
5 2760 6587 5543 4454
5 2755 5667 1988 4455
5 2064 6989 4019 4456
5 295 5294 294 4457
5 1932 8990 6140 4458
5 5688 7032 3965 4459
5 5634 9243 2379 4460
5 4933 7871 2034 4461
5 5320 9953 3235 4462
5 539 5248 538 4463
5 2673 5930 5706 4464
5 2838 8266 4972 4465
5 4483 8597 3013 4466
5 2965 7073 6559 4467
5 537 5249 536 4468
5 1765 8991 3607 4469
5 1310 5470 1309 4470
5 3345 8364 5071 4471
5 4778 8082 3216 4472
5 2682 5408 4710 4473
5 4478 8886 7934 4474
5 2212 5810 3476 4475
5 1312 5468 1311 4476
5 4476 5215 1434 4477
5 1535 10321 3556 4478
5 4528 5773 1804 4479
5 4537 7329 1798 4480
5 3789 5443 1602 4481
5 5686 10123 4233 4482
5 1664 9042 4883 4483
5 8086 9264 3339 4484
5 4611 9955 1513 4485
5 1817 9371 4111 4486
5 4888 6309 2347 4487
5 4469 6829 95 4488
5 3035 7029 3830 4489
5 2999 7606 2351 4490
5 2555 8502 3100 4491
5 1402 10364 1401 4492
5 8435 10591 1433 4493
5 6752 7609 3124 4494
5 7497 8455 1953 4495
5 2849 8159 4823 4496
5 2346 8329 6521 4497
5 8455 8733 1953 4498
5 6771 6988 4759 4499
5 5342 5343 2014 4500
5 8877 10545 5192 4501
5 6609 7439 3144 4502
5 4947 6897 1872 4503
5 4406 6995 1741 4504
5 2315 10607 8417 4505
5 4200 10350 7439 4506
5 1229 5350 1228 4507
5 2855 9505 2137 4508
5 4914 7754 4039 4509
5 2741 6746 5383 4510
5 1848 6922 4811 4511
5 2107 10316 4161 4512
5 2870 9276 7081 4513
5 2918 8637 8039 4514
5 7787 7899 2049 4515
5 4023 6585 6144 4516
5 2737 7048 5452 4517
5 3765 6795 2500 4518
5 5611 5840 4341 4519
5 2679 7175 6536 4520
5 3837 8882 3392 4521
5 2244 3327 3132 4522
5 3563 7074 6348 4523
5 4794 8365 3002 4524
5 1441 9834 4540 4525
5 2602 6430 4223 4526
5 3349 10314 5062 4527
5 2620 6376 4493 4528
5 2112 9604 7910 4529
5 7006 9934 1619 4530
5 5735 6558 2799 4531
5 7072 8472 2431 4532
5 717 5296 716 4533
5 5878 5900 2445 4534
5 2398 6047 5061 4535
5 6930 7200 3364 4536
5 4358 9149 6840 4537
5 1515 8420 4567 4538
5 5414 5824 2027 4539
5 1570 8645 6123 4540
5 5049 9121 3346 4541
5 1897 10543 5273 4542
5 5284 8428 2666 4543
5 4664 6563 2418 4544
5 3960 5874 2080 4545
5 5636 6579 2780 4546
5 4044 8046 1643 4547
5 4173 7191 1853 4548
5 6333 6938 2698 4549
5 9163 9333 6382 4550
5 3734 6913 2553 4551
5 3346 9130 5048 4552
5 9060 9591 1383 4553
5 3960 8142 6047 4554
5 4034 10590 1845 4555
5 4530 8719 3004 4556
5 2666 6287 5284 4557
5 5753 6262 4301 4558
5 4930 7735 4068 4559
5 4390 6265 3440 4560
5 2779 6583 5635 4561
5 5837 8572 3787 4562
5 3672 10107 8969 4563
5 7548 10257 3654 4564
5 2160 9560 5310 4565
5 5367 6465 984 4566
5 2430 10512 6676 4567
5 6226 9922 1808 4568
5 2247 7470 5245 4569
5 4485 6939 139 4570
5 1907 6203 3607 4571
5 1620 7563 5553 4572
5 2536 6316 5744 4573
5 2026 7086 4139 4574
5 4620 7787 2049 4575
5 6882 9637 1609 4576
5 4754 8410 3167 4577
5 1952 6825 4539 4578
5 4088 6561 1419 4579
5 1593 7526 6933 4580
5 2607 6236 4205 4581
5 3868 7299 2681 4582
5 5077 8786 3047 4583
5 5728 10482 1487 4584
5 5514 5637 3590 4585
5 73 6992 4511 4586
5 4040 7769 4917 4587
5 4332 6431 2705 4588
5 6314 6458 2536 4589
5 4982 7363 2324 4590
5 1813 8562 5633 4591
5 5273 8789 1897 4592
5 3879 10395 6357 4593
5 3660 7410 4704 4594
5 1775 4559 4558 4595
5 5994 9679 9334 4596
5 1828 4858 4001 4597
5 3248 8110 5031 4598
5 2996 5897 4740 4599
5 7509 7852 4687 4600
5 3221 10088 3857 4601
5 5331 10159 1888 4602
5 5289 6299 3984 4603
5 1039 5284 1038 4604
5 2871 6654 3986 4605
5 6009 8416 3483 4606
5 1041 5283 1040 4607
5 4062 8946 5647 4608
5 3409 7003 5176 4609
5 4506 7679 2030 4610
5 2608 6464 4237 4611
5 1539 7145 4339 4612
5 4539 9200 3747 4613
5 5757 10567 3885 4614
5 3157 9249 4614 4615
5 4679 6317 3252 4616
5 4355 10321 4235 4617
5 4155 10331 2449 4618
5 2925 8682 8094 4619
5 7084 9743 1386 4620
5 2721 6540 5538 4621
5 5422 7145 1539 4622
5 2842 7390 5237 4623
5 3071 7985 2750 4624
5 1430 6591 3669 4625
5 3628 8092 4416 4626
5 6490 10431 3769 4627
5 4609 6452 682 4628
5 6335 9627 4214 4629
5 7474 10358 4224 4630
5 4322 7529 3546 4631
5 6784 9395 3027 4632
5 4920 7007 2337 4633
5 1910 7816 7078 4634
5 2801 6663 5720 4635
5 4616 6500 2435 4636
5 6271 8284 3319 4637
5 2862 6505 5094 4638
5 3839 9352 7084 4639
5 3730 9860 8046 4640
5 2636 6092 4224 4641
5 6812 8230 2701 4642
5 2615 7403 5898 4643
5 4473 6350 80 4644
5 3691 7419 2920 4645
5 5850 9486 4260 4646
5 2650 6502 6129 4647
5 2692 6425 5392 4648
5 5392 6425 468 4649
5 7571 10624 3439 4650
5 5046 7357 2606 4651
5 7857 9515 2069 4652
5 5334 8407 2762 4653
5 4583 8228 4365 4654
5 5981 6591 2410 4655
5 6824 8168 2192 4656
5 2195 9384 5831 4657
5 2570 5962 4152 4658
5 5370 10536 4286 4659
5 3822 4651 2330 4660
5 4153 5962 2570 4661
5 3010 8350 4794 4662
5 4159 5957 2566 4663
5 3592 7884 4364 4664
5 6914 10444 2623 4665
5 3772 7346 3369 4666
5 2566 5957 4158 4667
5 4493 6376 2333 4668
5 7439 10350 3144 4669
5 7235 7442 3325 4670
5 3499 10353 9269 4671
5 2074 6985 6151 4672
5 1559 10102 7087 4673
5 3669 6591 5981 4674
5 1524 9184 5744 4675
5 1567 7404 7331 4676
5 4623 6875 2386 4677
5 4197 4968 2196 4678
5 6362 9509 1985 4679
5 164 6763 4489 4680
5 5023 8650 2691 4681
5 3626 7562 2088 4682
5 426 6183 4606 4683
5 368 5573 367 4684
5 1736 9789 4578 4685
5 4120 7788 1812 4686
5 4972 8266 2992 4687
5 4204 6389 3086 4688
5 1785 5533 5531 4689
5 4825 7954 1528 4690
5 3238 10271 5298 4691
5 4449 6799 3408 4692
5 4080 10215 4440 4693
5 4606 6182 425 4694
5 4008 9440 1777 4695
5 4512 8101 2083 4696
5 4768 5651 2729 4697
5 4479 6191 2915 4698
5 6668 8481 2871 4699
5 2198 9283 5855 4700
5 4396 9256 4147 4701
5 1665 9617 4614 4702
5 4525 6996 2597 4703
5 3673 9312 3202 4704
5 6251 9964 1809 4705
5 5190 7999 4210 4706
5 5306 7183 2546 4707
5 4945 5409 2711 4708
5 3594 6667 5144 4709
5 1819 6576 4749 4710
5 3804 10180 6912 4711
5 2885 6511 3296 4712
5 6672 8814 1665 4713
5 1709 6730 4445 4714
5 3171 6578 4639 4715
5 1869 8325 3989 4716
5 7467 8736 3547 4717
5 1432 7245 4126 4718
5 1902 8470 5164 4719
5 4754 7119 1746 4720
5 4851 5602 3209 4721
5 5510 8211 2872 4722
5 2313 6911 4960 4723
5 2964 5670 3326 4724
5 2188 7711 7378 4725
5 3320 6707 5012 4726
5 5506 5849 3456 4727
5 4103 9176 5839 4728
5 2438 9511 5177 4729
5 2796 6596 5663 4730
5 6567 7392 1686 4731
5 2897 8077 5958 4732
5 2400 5225 5009 4733
5 1404 5856 5601 4734
5 5107 7251 3904 4735
5 7846 8989 3685 4736
5 4820 6044 2637 4737
5 4986 9787 3314 4738
5 2317 10099 5359 4739
5 4904 5280 2690 4740
5 5662 6597 2795 4741
5 765 5319 764 4742
5 4136 8239 5451 4743
5 763 5318 762 4744
5 1900 6330 5200 4745
5 3833 10027 7042 4746
5 2551 7248 6165 4747
5 7793 8888 2054 4748
5 7139 9018 2264 4749
5 7341 9519 3251 4750
5 4379 7878 3568 4751
5 4415 10564 2857 4752
5 1635 5909 3848 4753
5 1561 5993 4827 4754
5 3099 3327 2244 4755
5 2677 9091 4876 4756
5 2384 9437 3561 4757
5 4215 10429 2780 4758
5 142 6325 4486 4759
5 5672 5919 1572 4760
5 4121 9616 2411 4761
5 1898 10631 5303 4762
5 323 6222 4622 4763
5 1201 6746 4492 4764
5 2166 8922 5547 4765
5 4622 6221 322 4766
5 4486 6324 141 4767
5 3384 9244 5440 4768
5 5577 6616 2784 4769
5 1241 5413 1240 4770
5 1392 4832 1391 4771
5 1985 6899 6204 4772
5 4884 8450 2687 4773
5 7673 8829 3711 4774
5 4254 6219 2745 4775
5 140 6324 4485 4776
5 2785 6618 5578 4777
5 9625 9979 5033 4778
5 6236 10414 4205 4779
5 1324 5555 1323 4780
5 2766 5888 5297 4781
5 2817 6581 5787 4782
5 2383 7190 4939 4783
5 3316 6542 2335 4784
5 4683 6502 2650 4785
5 1909 7614 4141 4786
5 4056 6991 2974 4787
5 1243 5412 1242 4788
5 4578 9789 3435 4789
5 3859 7290 3433 4790
5 5039 10106 4568 4791
5 4489 6308 163 4792
5 5496 9429 1618 4793
5 2439 5177 3877 4794
5 4625 6199 651 4795
5 5162 9091 2677 4796
5 1708 7418 5035 4797
5 2650 6129 4109 4798
5 2438 9034 3697 4799
5 4474 5472 2631 4800
5 4095 6269 1814 4801
5 4223 4981 2602 4802
5 3702 8411 3396 4803
5 6382 7279 3524 4804
5 2885 6023 5743 4805
5 652 6198 4625 4806
5 4249 9967 9363 4807
5 4678 7888 2932 4808
5 4370 6162 2865 4809
5 5873 8586 4470 4810
5 3317 7323 6270 4811
5 6278 9994 1810 4812
5 2549 9011 4835 4813
5 2678 9134 5163 4814
5 4137 9430 6440 4815
5 1832 10283 7237 4816
5 2352 7126 6010 4817
5 3275 8716 7781 4818
5 3401 8197 7690 4819
5 6823 8221 1528 4820
5 1900 5923 4946 4821
5 3906 9032 1874 4822
5 3735 9819 9274 4823
5 3536 8195 4378 4824
5 7084 9352 3460 4825
5 5453 8579 1967 4826
5 4681 6237 1851 4827
5 2193 8507 5756 4828
5 1398 8445 5889 4829
5 7697 9342 1381 4830
5 3949 6708 1729 4831
5 4127 7691 6413 4832
5 9234 9466 1538 4833
5 1611 7262 3549 4834
5 3752 9081 6169 4835
5 4492 6260 1200 4836
5 2375 10492 4096 4837
5 3576 9077 1563 4838
5 5674 6042 2794 4839
5 3165 7474 6629 4840
5 1732 10451 4798 4841
5 3314 6036 4986 4842
5 6836 8439 4325 4843
5 5368 8912 2017 4844
5 1628 7702 3595 4845
5 5242 8417 3430 4846
5 1564 6919 3563 4847
5 2133 7569 5598 4848
5 5416 6518 941 4849
5 7390 7879 3496 4850
5 2791 6364 5037 4851
5 3042 5566 5113 4852
5 2056 10222 3502 4853
5 2915 9835 4479 4854
5 5125 7846 3390 4855
5 2936 6694 3683 4856
5 1703 5608 4034 4857
5 3390 7812 5126 4858
5 5116 8511 2396 4859
5 1519 9986 4826 4860
5 6215 7248 2551 4861
5 4511 6370 72 4862
5 3845 8740 8260 4863
5 3128 7663 5011 4864
5 4311 7031 2755 4865
5 5708 7479 3245 4866
5 7159 9858 1571 4867
5 3165 10358 7474 4868
5 4254 9544 6219 4869
5 4274 6428 2687 4870
5 4843 7900 2529 4871
5 5180 7778 1835 4872
5 9513 9728 2307 4873
5 3179 9778 3919 4874
5 3859 10172 2130 4875
5 3585 7913 4397 4876
5 5397 8387 2303 4877
5 1364 5206 1 4878
5 2849 7488 5248 4879
5 3054 5502 4235 4880
5 8330 9144 1778 4881
5 5344 6745 3139 4882
5 6998 9293 2994 4883
5 5303 8915 1898 4884
5 5042 8428 2124 4885
5 2869 9137 4804 4886
5 2025 8481 6668 4887
5 515 6435 5425 4888
5 2016 6178 4828 4889
5 1326 5616 1325 4890
5 2144 6820 5632 4891
5 5908 9533 4534 4892
5 3532 8780 1445 4893
5 3457 8066 2833 4894
5 5624 10215 2172 4895
5 1388 8750 4816 4896
5 5567 8951 2165 4897
5 6827 8709 2697 4898
5 1636 9236 3778 4899
5 6714 8155 3244 4900
5 5424 6444 512 4901
5 1723 8731 4201 4902
5 3392 9585 4732 4903
5 5012 7363 1531 4904
5 2666 6335 4214 4905
5 3147 7335 5516 4906
5 1203 5383 1202 4907
5 5702 9741 1936 4908
5 4301 8877 5753 4909
5 3941 7166 2361 4910
5 2017 8912 4699 4911
5 5269 6196 2315 4912
5 7831 9916 9804 4913
5 8044 8918 2586 4914
5 4475 8178 3385 4915
5 1691 8295 5878 4916
5 1976 7383 5604 4917
5 4689 7941 1494 4918
5 4720 6991 1529 4919
5 1664 6849 5241 4920
5 3450 7826 4458 4921
5 3588 7917 4405 4922
5 6152 7896 3499 4923
5 3601 5779 2372 4924
5 3262 7169 3657 4925
5 5271 5381 2752 4926
5 1800 8968 3541 4927
5 1252 5450 1251 4928
5 5115 7089 3780 4929
5 4252 5568 1821 4930
5 2809 6614 5682 4931
5 4394 6181 2782 4932
5 5232 7458 1995 4933
5 1674 8285 5304 4934
5 3578 7189 4648 4935
5 5551 8048 3331 4936
5 3787 10438 5443 4937
5 9405 10109 7700 4938
5 1592 9095 6976 4939
5 2683 8132 5433 4940
5 2747 7376 4417 4941
5 3498 9550 8096 4942
5 5681 6615 2808 4943
5 3824 10312 7252 4944
5 2919 8316 5182 4945
5 556 6407 5433 4946
5 4696 6402 1273 4947
5 3864 5077 2480 4948
5 1907 7240 5025 4949
5 5220 6667 1612 4950
5 1833 10422 4983 4951
5 1470 6745 5344 4952
5 2225 9107 4424 4953
5 5434 6413 553 4954
5 5644 6631 2807 4955
5 1274 6401 4696 4956
5 4348 9616 1452 4957
5 2174 10083 5675 4958
5 4473 8032 6350 4959
5 5526 8104 3908 4960
5 4290 9000 1739 4961
5 5434 8140 2684 4962
5 2972 6240 4688 4963
5 4547 9652 2392 4964
5 4924 6005 1458 4965
5 3610 5895 1556 4966
5 2899 8075 5914 4967
5 5058 9580 1825 4968
5 3116 6659 4024 4969
5 3433 10453 1498 4970
5 5057 5628 2561 4971
5 4710 5794 2682 4972
5 4368 7624 5226 4973
5 1525 10490 4514 4974
5 9211 9499 1880 4975
5 2336 6632 5096 4976
5 1555 7486 4520 4977
5 1719 8441 2056 4978
5 2482 5508 4213 4979
5 2361 7091 3525 4980
5 6013 6987 2577 4981
5 4737 10000 1532 4982
5 5625 6663 2801 4983
5 3938 6624 1984 4984
5 4463 8837 7578 4985
5 4148 9942 4935 4986
5 4530 9080 3877 4987
5 4354 9770 1425 4988
5 3562 6653 1656 4989
5 5022 5972 2124 4990
5 4484 7102 3367 4991
5 4610 10371 3575 4992
5 5740 9167 2392 4993
5 7324 7431 1549 4994
5 8754 9162 2232 4995
5 4265 8085 2943 4996
5 4934 6089 1875 4997
5 7416 7858 3978 4998
5 1099 5619 1098 4999
5 4723 7795 1706 5000
5 5817 6859 3427 5001
5 6086 8046 4044 5002
5 2053 7399 3642 5003
5 2631 5472 4665 5004
5 5349 6220 2805 5005
5 2702 6465 5367 5006
5 1400 5592 1399 5007
5 2180 9358 6874 5008
5 4568 6106 2312 5009
5 5516 8765 2158 5010
5 5867 10231 4273 5011
5 5612 9601 2421 5012
5 2629 7039 4269 5013
5 3177 7525 6712 5014
5 188 5420 187 5015
5 4702 7353 3558 5016
5 2802 6638 5626 5017
5 5002 9672 2588 5018
5 4446 5743 1505 5019
5 3019 8440 6292 5020
5 5610 9788 4454 5021
5 1761 8346 4729 5022
5 2716 6518 5416 5023
5 1731 9882 6908 5024
5 9661 9745 2348 5025
5 2991 6529 5620 5026
5 2797 6650 5590 5027
5 4574 7453 1967 5028
5 4596 10432 2626 5029
5 3472 9989 7695 5030
5 2065 9638 4832 5031
5 7526 8327 2793 5032
5 4768 6297 3687 5033
5 451 5357 450 5034
5 3442 6926 1803 5035
5 1817 9611 4352 5036
5 4270 5973 2629 5037
5 7387 8686 1723 5038
5 4176 5769 2060 5039
5 5500 6673 2782 5040
5 1434 10255 4476 5041
5 4401 9004 2160 5042
5 2364 4743 3798 5043
5 7868 9242 3438 5044
5 2009 9761 9168 5045
5 1331 5670 1330 5046
5 6378 8716 3275 5047
5 4614 9617 3157 5048
5 8959 10230 4401 5049
5 4673 10181 1889 5050
5 5756 8507 2734 5051
5 1666 7477 4067 5052
5 1944 5449 4981 5053
5 5833 10153 3321 5054
5 4971 9820 3233 5055
5 1973 6455 3876 5056
5 2509 8640 4411 5057
5 3757 5389 1549 5058
5 1483 5332 3994 5059
5 5359 8290 2317 5060
5 6228 6268 1983 5061
5 1333 5668 1332 5062
5 6994 7179 1741 5063
5 1427 8832 4736 5064
5 5703 10401 3389 5065
5 2967 8040 4542 5066
5 4726 6776 2889 5067
5 987 5366 986 5068
5 4644 7496 1966 5069
5 6978 10158 2996 5070
5 1519 5748 4760 5071
5 985 5367 984 5072
5 5912 8002 4239 5073
5 2378 8091 4748 5074
5 1461 5721 4944 5075
5 5212 7318 1692 5076
5 8132 8140 3671 5077
5 4516 6340 3183 5078
5 3740 6041 4798 5079
5 5088 7484 1988 5080
5 3303 9987 6160 5081
5 5090 8603 3366 5082
5 4522 5984 2874 5083
5 45 5669 44 5084
5 2412 9518 5894 5085
5 5084 9737 1586 5086
5 1335 5689 1334 5087
5 3540 10074 5010 5088
5 1773 5272 4022 5089
5 2615 9233 5146 5090
5 2834 6611 5820 5091
5 4399 10523 5506 5092
5 4738 6471 1285 5093
5 4810 9186 2670 5094
5 4820 8492 2389 5095
5 7730 9808 5627 5096
5 2277 6909 3806 5097
5 2043 10391 5301 5098
5 4668 8785 6240 5099
5 1414 8941 4186 5100
5 2171 8250 4297 5101
5 5086 9565 5601 5102
5 3651 7097 5428 5103
5 7321 10359 6110 5104
5 5678 6639 2818 5105
5 1686 10624 7571 5106
5 4209 4964 1919 5107
5 6266 8230 3623 5108
5 2695 8234 5425 5109
5 7512 8852 3720 5110
5 8230 9793 4114 5111
5 1337 5685 1336 5112
5 8292 9348 2298 5113
5 2819 6642 5679 5114
5 2646 7074 5726 5115
5 6905 8547 3995 5116
5 3053 7960 3849 5117
5 4680 10591 8435 5118
5 1563 9077 4731 5119
5 7538 10063 3042 5120
5 5391 9295 4362 5121
5 3185 7524 6701 5122
5 6358 10480 2360 5123
5 2677 4879 4404 5124
5 4607 9685 3110 5125
5 3438 9242 4993 5126
5 1786 8262 7308 5127
5 5254 7555 2950 5128
5 1557 8440 4862 5129
5 1435 7306 5075 5130
5 6960 9886 2830 5131
5 4399 5506 2597 5132
5 3226 7091 4617 5133
5 2427 9114 5185 5134
5 4889 9527 3615 5135
5 2693 8378 5393 5136
5 3721 9685 4607 5137
5 1382 9591 4645 5138
5 4382 10427 8670 5139
5 1822 6333 4791 5140
5 1926 9941 3909 5141
5 4305 10192 4007 5142
5 3517 6814 1513 5143
5 5424 8238 2694 5144
5 4559 6103 2049 5145
5 4488 8566 1622 5146
5 2367 8097 7610 5147
5 3975 10114 6932 5148
5 7163 9826 2407 5149
5 4863 6902 6797 5150
5 2425 8489 4605 5151
5 3228 8919 4743 5152
5 2347 6309 4902 5153
5 1624 7820 3631 5154
5 8797 9964 3689 5155
5 2624 8771 4595 5156
5 5311 10045 2161 5157
5 1286 6469 4738 5158
5 5158 6761 2750 5159
5 5491 7927 4912 5160
5 5076 6041 3740 5161
5 2821 6690 5676 5162
5 5571 6681 2804 5163
5 5180 5225 2400 5164
5 2955 8413 5064 5165
5 4921 6826 1996 5166
5 4278 7515 1722 5167
5 4220 8375 1744 5168
5 6188 10586 3599 5169
5 5392 8384 2692 5170
5 6102 6766 2879 5171
5 4628 6016 1956 5172
5 2079 5952 4720 5173
5 2957 7649 4694 5174
5 4916 8064 3973 5175
5 7634 10361 4276 5176
5 2012 5867 4172 5177
5 1880 9499 5223 5178
5 611 5609 610 5179
5 3231 8074 6804 5180
5 5308 8488 2080 5181
5 2969 8501 5104 5182
5 5595 7422 3627 5183
5 1583 5440 3916 5184
5 1835 6197 5180 5185
5 2984 8120 4788 5186
5 4723 10305 2512 5187
5 5104 8501 3037 5188
5 5449 8543 2602 5189
5 4526 9475 2656 5190
5 43 5666 42 5191
5 5677 6657 2822 5192
5 4206 7679 3154 5193
5 3127 10121 4334 5194
5 2642 10519 3914 5195
5 5280 5361 2011 5196
5 4929 7899 2926 5197
5 4769 10482 5728 5198
5 4612 9394 3817 5199
5 8085 10448 4266 5200
5 3685 9656 2108 5201
5 5575 8715 1474 5202
5 3252 9219 4679 5203
5 1413 9632 8186 5204
5 3607 5935 1907 5205
5 5809 9241 7760 5206
5 1464 9122 4480 5207
5 6888 8212 4442 5208
5 4212 8081 6400 5209
5 2803 6684 5570 5210
5 5939 9471 2156 5211
5 373 6239 4695 5212
5 1950 9430 6010 5213
5 5064 8413 3024 5214
5 5323 6973 2031 5215
5 2609 6121 4118 5216
5 4899 10093 2352 5217
5 2322 6703 2936 5218
5 4695 6238 372 5219
5 3769 10431 1757 5220
5 3608 9965 4968 5221
5 2578 9245 5827 5222
5 2485 9827 3774 5223
5 2750 6761 5122 5224
5 6081 9088 2218 5225
5 3961 5232 1792 5226
5 5479 10420 4667 5227
5 4730 9998 4193 5228
5 3777 5457 2481 5229
5 4163 6752 1478 5230
5 3231 8707 2163 5231
5 3981 9590 1558 5232
5 5538 6540 1006 5233
5 6894 9364 3909 5234
5 2911 5918 4419 5235
5 2499 7233 4856 5236
5 4946 8634 2744 5237
5 1688 8119 4141 5238
5 2847 6623 5844 5239
5 4905 8007 2541 5240
5 5774 10374 1897 5241
5 2581 6011 4194 5242
5 683 6450 4609 5243
5 5298 7518 3140 5244
5 4440 5624 1927 5245
5 3716 4774 1473 5246
5 5110 7118 2393 5247
5 1963 6954 4612 5248
5 4504 10474 2851 5249
5 2815 9766 5068 5250
5 2485 7954 4825 5251
5 5722 6651 2831 5252
5 4193 6011 2581 5253
5 4934 6688 2339 5254
5 3051 6983 4845 5255
5 2092 10393 7923 5256
5 1720 8867 4437 5257
5 2850 6627 5854 5258
5 4700 6396 1832 5259
5 7695 9989 2196 5260
5 5485 5486 1495 5261
5 1876 8447 4707 5262
5 5595 7114 2700 5263
5 471 5393 470 5264
5 5427 8262 2279 5265
5 3137 10397 7494 5266
5 2832 6655 5723 5267
5 1853 7242 4531 5268
5 2392 8442 4547 5269
5 4212 10400 8081 5270
5 2015 7624 3750 5271
5 469 5392 468 5272
5 2578 6302 4965 5273
5 3973 8064 3371 5274
5 5367 8508 2702 5275
5 5429 5502 3054 5276
5 1553 7959 4874 5277
5 2365 7229 4895 5278
5 4375 6842 3091 5279
5 8129 9334 1427 5280
5 3792 9275 4616 5281
5 5361 6661 2011 5282
5 4629 9804 4457 5283
5 3652 5672 2448 5284
5 3692 8534 4713 5285
5 2553 7371 5072 5286
5 2872 6705 6015 5287
5 2672 9687 9625 5288
5 4634 7858 1763 5289
5 4561 7237 2234 5290
5 1974 6840 6756 5291
5 4459 10117 3724 5292
5 2371 6919 5355 5293
5 2416 9272 4043 5294
5 3301 9601 2505 5295
5 1404 8390 7289 5296
5 2719 9470 7154 5297
5 4709 9700 1849 5298
5 1515 6044 4820 5299
5 4947 7200 1702 5300
5 8633 9662 2440 5301
5 3672 6302 2578 5302
5 5137 6483 2503 5303
5 3665 5360 2971 5304
5 2652 6190 4298 5305
5 4697 7685 1978 5306
5 7440 8930 2650 5307
5 4853 6052 2645 5308
5 7164 8662 2257 5309
5 2233 5758 3450 5310
5 3709 8702 2772 5311
5 5008 9530 5007 5312
5 3220 7677 7197 5313
5 2824 6127 4452 5314
5 3098 6523 5233 5315
5 4712 8732 2073 5316
5 1466 7856 3951 5317
5 3800 7557 5324 5318
5 3693 8668 4725 5319
5 3121 9001 2441 5320
5 5389 8025 3119 5321
5 3949 10616 5489 5322
5 2858 8269 5187 5323
5 2183 3963 3143 5324
5 5207 6472 3322 5325
5 4672 8987 2936 5326
5 2869 7666 5075 5327
5 4571 5807 3126 5328
5 7127 7791 2294 5329
5 3528 7324 6483 5330
5 2209 7727 4143 5331
5 5463 8773 4154 5332
5 5789 5936 3860 5333
5 6506 9816 4081 5334
5 1506 7299 3868 5335
5 2917 8108 5931 5336
5 5032 7226 2351 5337
5 3216 6387 4290 5338
5 2830 9886 5768 5339
5 7060 10034 1550 5340
5 5672 6489 2448 5341
5 4726 9660 2288 5342
5 7488 8020 3508 5343
5 4939 5989 2383 5344
5 2020 6454 4286 5345
5 5586 10541 7153 5346
5 3476 9327 7964 5347
5 1762 10143 5210 5348
5 6219 6373 2745 5349
5 4812 7124 2145 5350
5 5312 9569 2232 5351
5 1448 6671 3485 5352
5 3184 6764 6284 5353
5 4291 6546 2641 5354
5 3853 7928 5191 5355
5 2800 6863 5216 5356
5 5300 8802 2062 5357
5 3042 10063 5566 5358
5 1417 9911 5073 5359
5 3524 7279 5373 5360
5 2278 7928 3853 5361
5 5226 6646 1926 5362
5 2786 7067 4361 5363
5 3625 7941 2685 5364
5 4939 5745 2667 5365
5 4259 10422 2909 5366
5 1541 5535 4792 5367
5 4707 8697 1876 5368
5 5464 10352 3491 5369
5 5042 10290 6335 5370
5 6350 8032 3050 5371
5 7029 7623 3830 5372
5 4564 9908 9477 5373
5 4852 9760 2583 5374
5 4344 6062 2090 5375
5 3472 7695 6816 5376
5 3811 4775 2276 5377
5 4259 10540 4983 5378
5 4066 7157 5810 5379
5 5604 7383 2697 5380
5 2281 10032 9794 5381
5 4284 7681 1903 5382
5 2319 10228 5485 5383
5 2705 6431 5318 5384
5 2961 7899 4929 5385
5 3277 9733 4557 5386
5 6678 9382 2121 5387
5 4856 9248 1880 5388
5 6805 8456 2219 5389
5 7162 8909 2131 5390
5 4113 9711 4809 5391
5 3404 9562 2287 5392
5 2733 6582 4215 5393
5 3497 9326 5763 5394
5 4456 7617 6298 5395
5 5378 6982 4527 5396
5 3311 6538 4663 5397
5 7749 8480 3808 5398
5 942 5416 941 5399
5 944 5415 943 5400
5 5705 6680 2837 5401
5 4432 6962 2561 5402
5 1895 5491 4912 5403
5 5282 10511 3407 5404
5 4197 8722 4968 5405
5 2905 8291 7108 5406
5 2589 6025 4208 5407
5 3532 9100 8651 5408
5 4207 6025 2589 5409
5 1731 9603 4565 5410
5 4694 7649 1727 5411
5 1943 9351 4034 5412
5 4721 6214 629 5413
5 5186 8213 2880 5414
5 2836 6682 5704 5415
5 3567 9297 4838 5416
5 3641 8112 4441 5417
5 2861 7219 4502 5418
5 5209 6829 2794 5419
5 2540 8962 5876 5420
5 9841 10071 3511 5421
5 5174 10428 2437 5422
5 2835 7295 5456 5423
5 1657 8153 6599 5424
5 2140 8367 6793 5425
5 4320 10569 7543 5426
5 4716 7323 1805 5427
5 2205 8609 5915 5428
5 3371 7749 3808 5429
5 5911 10229 3338 5430
5 2878 7282 1856 5431
5 5554 10444 6914 5432
5 4500 10236 2813 5433
5 4837 7552 7104 5434
5 5594 8024 1795 5435
5 1961 7110 7101 5436
5 6298 7617 3065 5437
5 4907 5377 2930 5438
5 4888 9877 3159 5439
5 2158 7590 5516 5440
5 1626 9239 7790 5441
5 2620 6876 5707 5442
5 1471 7611 6132 5443
5 4679 7296 1426 5444
5 1748 2059 2037 5445
5 1608 7422 4955 5446
5 4114 9298 2197 5447
5 2778 6388 4229 5448
5 5700 6686 2839 5449
5 5797 6670 2856 5450
5 6012 6698 3049 5451
5 2517 7053 5109 5452
5 2167 10167 7601 5453
5 2838 6687 5699 5454
5 3646 9024 1679 5455
5 5879 8658 2801 5456
5 4954 7054 1745 5457
5 6036 9105 4011 5458
5 5429 8886 1516 5459
5 7154 7834 3246 5460
5 2436 9067 5045 5461
5 3293 9247 4763 5462
5 5476 8127 1413 5463
5 2938 10355 4372 5464
5 5697 6924 2863 5465
5 41 5741 40 5466
5 5318 8824 2705 5467
5 5129 10385 1917 5468
5 1594 9064 7767 5469
5 634 6216 4728 5470
5 1893 8529 4865 5471
5 5786 6674 2852 5472
5 2547 5946 5623 5473
5 6887 8642 3089 5474
5 5068 9766 3055 5475
5 1052 5712 1051 5476
5 7278 7940 3249 5477
5 4813 6743 3015 5478
5 6420 10436 3522 5479
5 2104 7390 4781 5480
5 3095 8928 7014 5481
5 5521 8913 2208 5482
5 4854 5806 2851 5483
5 3904 5637 2789 5484
5 5011 7194 3719 5485
5 6158 9695 4127 5486
5 1397 7020 1396 5487
5 102 5529 101 5488
5 4749 9592 4218 5489
5 2603 9897 4872 5490
5 4981 5449 2602 5491
5 63 5552 62 5492
5 3015 6076 5781 5493
5 1610 10595 7441 5494
5 1962 6209 5724 5495
5 2907 9981 4467 5496
5 3136 7061 4133 5497
5 2240 9409 3993 5498
5 3202 8444 7452 5499
5 4821 9877 2347 5500
5 5351 9259 1820 5501
5 8310 9200 2956 5502
5 7173 8408 2249 5503
5 1729 6708 5192 5504
5 3528 6483 5137 5505
5 5036 7055 2390 5506
5 4352 9371 1817 5507
5 5747 6910 2501 5508
5 5239 6118 3197 5509
5 3370 9804 4629 5510
5 1844 8049 4077 5511
5 5458 6834 1557 5512
5 4686 8792 4719 5513
5 3726 6512 2605 5514
5 8863 9598 5345 5515
5 2877 7282 5627 5516
5 5430 8729 2348 5517
5 2653 6179 4321 5518
5 515 5425 514 5519
5 2926 7899 7787 5520
5 5207 8055 1740 5521
5 513 5424 512 5522
5 3403 9480 8426 5523
5 5192 6787 2018 5524
5 4661 8966 1477 5525
5 501 5431 500 5526
5 3552 8187 6536 5527
5 2582 7065 7046 5528
5 4803 5419 1752 5529
5 2898 8684 5022 5530
5 5307 6085 1510 5531
5 894 5446 893 5532
5 2035 6432 4758 5533
5 2959 7171 3751 5534
5 5835 10442 1898 5535
5 892 5447 891 5536
5 6668 10294 5016 5537
5 5299 5414 2027 5538
5 4508 8056 5314 5539
5 2074 8545 4943 5540
5 4719 8878 3154 5541
5 1941 5941 2786 5542
5 1471 6892 5143 5543
5 1935 8992 4268 5544
5 5465 7706 2799 5545
5 7394 9168 1928 5546
5 1738 8912 4098 5547
5 3271 6316 4683 5548
5 2944 8180 5861 5549
5 4829 5855 1938 5550
5 4572 7690 2833 5551
5 5095 7502 2892 5552
5 4470 8586 6175 5553
5 5354 7179 1846 5554
5 4639 8556 3480 5555
5 1961 6983 3813 5556
5 5051 9327 3476 5557
5 1551 10521 4970 5558
5 6380 7458 2575 5559
5 3640 8012 4467 5560
5 3754 4665 2576 5561
5 4868 6053 1955 5562
5 3966 8884 3630 5563
5 5237 7961 2842 5564
5 4162 8455 7497 5565
5 8163 10381 3393 5566
5 6951 8499 3928 5567
5 9251 9685 1516 5568
5 6190 9646 5106 5569
5 9993 10099 2317 5570
5 1813 5661 4120 5571
5 3249 9749 5348 5572
5 2704 6855 4714 5573
5 3525 6969 5084 5574
5 1157 5488 1156 5575
5 3354 7056 5858 5576
5 4275 9316 2214 5577
5 6030 9603 2212 5578
5 556 5433 555 5579
5 2088 7562 5830 5580
5 554 5434 553 5581
5 4777 9107 2225 5582
5 4890 9030 1558 5583
5 1526 6907 5553 5584
5 1777 5717 4008 5585
5 2128 7725 4956 5586
5 1987 7484 5088 5587
5 4174 7759 6444 5588
5 4042 7839 5257 5589
5 1757 9097 4093 5590
5 3051 7983 3752 5591
5 2049 6331 4559 5592
5 5130 9550 3498 5593
5 5009 7222 2400 5594
5 5024 6744 2360 5595
5 8487 8853 2353 5596
5 2563 6175 6045 5597
5 39 5738 38 5598
5 3399 10418 8209 5599
5 4842 7162 2131 5600
5 2733 9043 6582 5601
5 3207 7579 6770 5602
5 2445 6288 3582 5603
5 8210 10369 3812 5604
5 1808 9922 9831 5605
5 5515 7418 3304 5606
5 3221 7054 5656 5607
5 1730 10140 3812 5608
5 3913 9206 2382 5609
5 3617 8001 4482 5610
5 2656 9475 4667 5611
5 4411 8640 5028 5612
5 5812 9047 1645 5613
5 3087 6643 1621 5614
5 1529 8275 7538 5615
5 3139 7995 7711 5616
5 5915 8609 2759 5617
5 4793 8035 3034 5618
5 2331 6773 6156 5619
5 5453 9975 2566 5620
5 4180 9157 3860 5621
5 3610 7325 4614 5622
5 2844 6723 5642 5623
5 1825 9004 4401 5624
5 2578 5827 3998 5625
5 5356 10155 3411 5626
5 3152 9547 4652 5627
5 1412 9620 4744 5628
5 4528 9562 3009 5629
5 3285 7119 5459 5630
5 3153 7288 5659 5631
5 2100 9421 5287 5632
5 1164 5503 1163 5633
5 1722 9088 4647 5634
5 5099 10610 3533 5635
5 4500 6285 1466 5636
5 4000 9026 8890 5637
5 7114 10146 1601 5638
5 2956 9200 6111 5639
5 5385 10331 2450 5640
5 2230 8658 5879 5641
5 6078 6782 2912 5642
5 3 9060 1383 5643
5 4454 9342 3219 5644
5 2609 6753 6121 5645
5 2530 8831 6757 5646
5 5129 7206 1945 5647
5 2335 6119 3895 5648
5 2488 9040 6005 5649
5 3887 7061 3136 5650
5 5877 8999 4699 5651
5 1497 7221 3589 5652
5 2768 6763 5157 5653
5 5010 7761 1499 5654
5 2058 7339 5790 5655
5 6160 7580 2627 5656
5 4786 9606 1475 5657
5 2081 6171 4160 5658
5 6936 10107 8675 5659
5 2208 8913 5558 5660
5 4398 9288 1466 5661
5 4763 9687 2672 5662
5 5023 10405 8650 5663
5 134 5554 133 5664
5 5036 10018 2928 5665
5 6070 10532 4477 5666
5 3026 9608 4731 5667
5 4283 9341 2216 5668
5 3655 9255 1702 5669
5 1779 7199 6141 5670
5 1457 8673 3402 5671
5 3376 10361 7634 5672
5 4185 9027 3697 5673
5 5549 9515 4004 5674
5 7575 10024 4581 5675
5 1740 8929 4289 5676
5 1687 8423 3882 5677
5 9068 9105 3314 5678
5 4646 6768 1958 5679
5 5416 8583 2716 5680
5 2715 8584 5415 5681
5 4410 10428 5174 5682
5 2765 9246 7052 5683
5 2275 8211 5510 5684
5 7060 8487 4369 5685
5 2060 6935 4176 5686
5 1370 8653 1369 5687
5 3521 7896 6152 5688
5 5079 5080 2456 5689
5 1413 8186 6095 5690
5 1923 7107 3724 5691
5 1946 7211 5133 5692
5 4746 8753 3066 5693
5 5544 7662 1624 5694
5 2519 7408 4191 5695
5 4648 7189 1648 5696
5 3299 9986 4547 5697
5 2084 6234 4059 5698
5 2811 8797 3689 5699
5 5973 7312 1997 5700
5 4562 5660 1789 5701
5 5177 7626 2438 5702
5 5540 7000 3614 5703
5 4358 5737 1751 5704
5 3649 8029 4479 5705
5 1720 8311 5606 5706
5 4085 10298 1480 5707
5 4185 9422 9027 5708
5 4943 8937 2074 5709
5 6178 9254 2223 5710
5 2891 8845 6311 5711
5 2303 9324 5568 5712
5 3863 7894 3173 5713
5 3186 9724 3881 5714
5 2567 7286 3723 5715
5 7276 9324 2303 5716
5 4999 9854 4049 5717
5 1457 6449 3422 5718
5 3959 8744 6245 5719
5 4478 9251 1516 5720
5 8234 8238 3666 5721
5 4762 6259 662 5722
5 10275 10312 3824 5723
5 3460 6854 5776 5724
5 1584 9451 8060 5725
5 5982 6664 2895 5726
5 1538 9609 6734 5727
5 5564 7152 3501 5728
5 1137 5501 1136 5729
5 1930 8749 4439 5730
5 2376 10274 5763 5731
5 5687 7548 3654 5732
5 9820 10422 1833 5733
5 5237 7390 3496 5734
5 5222 7915 2927 5735
5 6372 6386 3606 5736
5 5641 6727 2843 5737
5 4279 7352 2900 5738
5 663 6258 4762 5739
5 7494 10397 2141 5740
5 4832 10592 1391 5741
5 4679 9219 6445 5742
5 3423 9091 5162 5743
5 2867 7692 6600 5744
5 1139 5500 1138 5745
5 3559 7981 4522 5746
5 5235 7784 3902 5747
5 5714 6722 2859 5748
5 4651 10611 1423 5749
5 3347 10211 5310 5750
5 2870 7081 3867 5751
5 6871 8585 4161 5752
5 3141 3963 2183 5753
5 5057 6962 1798 5754
5 1986 7079 4605 5755
5 5037 6364 3365 5756
5 4735 7410 3571 5757
5 1756 10220 3854 5758
5 6451 6744 3379 5759
5 3473 9030 2236 5760
5 1827 7544 4739 5761
5 4949 6798 1342 5762
5 7288 10285 4657 5763
5 5273 10543 2233 5764
5 4088 10243 2712 5765
5 2592 4831 4150 5766
5 3678 7529 4941 5767
5 1897 8789 5312 5768
5 4600 10570 2415 5769
5 4510 8201 1656 5770
5 3745 7630 5133 5771
5 1874 8983 5038 5772
5 4604 6924 149 5773
5 2709 5361 4974 5774
5 2575 7458 5558 5775
5 4989 6485 2719 5776
5 4995 7350 2266 5777
5 3721 9451 4391 5778
5 2487 9311 8980 5779
5 3725 8726 4789 5780
5 2468 7553 4827 5781
5 4189 8212 8040 5782
5 2895 6664 5963 5783
5 3895 8769 3316 5784
5 6585 8646 3426 5785
5 4568 10106 2929 5786
5 4656 10412 2320 5787
5 2934 10393 4228 5788
5 3770 5789 2323 5789
5 1590 9195 7109 5790
5 5248 7979 2849 5791
5 1420 9787 4986 5792
5 3879 6909 2277 5793
5 1716 7705 4992 5794
5 1399 8445 1398 5795
5 2929 10106 4908 5796
5 5377 6154 3227 5797
5 4966 6474 2896 5798
5 6179 9690 5128 5799
5 2904 6679 5986 5800
5 5163 9134 3423 5801
5 9411 9999 4116 5802
5 5069 9209 2213 5803
5 1918 9896 5492 5804
5 5869 6705 2872 5805
5 5257 7839 1730 5806
5 2407 8100 4774 5807
5 3979 6355 3058 5808
5 6301 8368 2959 5809
5 3437 9373 6045 5810
5 4808 8297 6948 5811
5 3642 7398 1440 5812
5 2898 7804 5283 5813
5 4954 6592 2548 5814
5 1965 7133 4684 5815
5 5795 8222 2792 5816
5 5139 6142 1807 5817
5 412 5816 411 5818
5 3015 7668 4813 5819
5 4511 8191 6370 5820
5 2858 6725 5713 5821
5 5862 6695 2865 5822
5 5575 7654 4071 5823
5 8272 9864 4513 5824
5 3188 9576 5841 5825
5 1472 7748 5880 5826
5 4734 7117 1981 5827
5 6209 9492 2227 5828
5 3789 5822 1587 5829
5 5526 7751 2763 5830
5 6187 7420 2229 5831
5 2974 6312 4056 5832
5 3408 7959 6895 5833
5 8417 10607 3430 5834
5 4837 7146 3368 5835
5 4801 6759 3291 5836
5 5687 7262 2728 5837
5 3007 8936 6640 5838
5 4001 10032 1828 5839
5 2679 9602 8933 5840
5 2916 6424 4415 5841
5 4231 7727 6861 5842
5 1979 9822 4533 5843
5 4784 5922 1968 5844
5 4409 9838 1826 5845
5 86 6867 4613 5846
5 3278 5555 3083 5847
5 4311 6405 3174 5848
5 5015 6242 1997 5849
5 3496 7879 5238 5850
5 2529 9187 4843 5851
5 1962 5724 5076 5852
5 6505 10180 1477 5853
5 2197 9991 8315 5854
5 5829 6710 2868 5855
5 3727 9093 7675 5856
5 1959 5479 5385 5857
5 3711 7810 2096 5858
5 6496 7481 3209 5859
5 1956 6236 4512 5860
5 4039 7206 2538 5861
5 5221 9602 2679 5862
5 4711 9699 1828 5863
5 4584 9935 3355 5864
5 5917 9249 3157 5865
5 4477 7207 1944 5866
5 7082 10281 9802 5867
5 4160 7177 2081 5868
5 6063 6064 2604 5869
5 6122 7667 2980 5870
5 6440 9614 4137 5871
5 3286 7563 1620 5872
5 1607 7717 5233 5873
5 5187 8269 3441 5874
5 4329 6915 5894 5875
5 7718 10584 4807 5876
5 4236 9039 7098 5877
5 3291 8186 4801 5878
5 1714 10441 8377 5879
5 4178 10126 2658 5880
5 1808 8198 3663 5881
5 8670 10427 2861 5882
5 1877 9268 8961 5883
5 3432 6856 5695 5884
5 3441 8213 5186 5885
5 2110 7488 4823 5886
5 3463 8389 5593 5887
5 4183 7745 7086 5888
5 3561 7993 4543 5889
5 7420 9945 2229 5890
5 2741 9437 5541 5891
5 2861 7601 4112 5892
5 5905 7922 2047 5893
5 6335 10290 1958 5894
5 150 6404 4604 5895
5 6560 7960 4521 5896
5 3625 8072 5584 5897
5 1563 6600 5024 5898
5 1346 5956 1345 5899
5 1343 6790 4949 5900
5 6891 8040 1933 5901
5 4779 10141 3569 5902
5 2890 6846 5766 5903
5 2539 7211 4040 5904
5 2478 8873 7083 5905
5 4140 9425 3217 5906
5 4908 4909 2929 5907
5 4369 10034 7060 5908
5 5922 10110 2231 5909
5 3383 10246 7576 5910
5 2893 8796 5019 5911
5 4623 9052 2542 5912
5 1528 7018 3766 5913
5 4039 7754 6964 5914
5 4403 7185 2770 5915
5 8202 9246 2765 5916
5 7966 8935 3237 5917
5 5182 8316 3007 5918
5 4370 9907 6162 5919
5 2586 8626 3550 5920
5 4584 10103 2747 5921
5 1061 5513 1060 5922
5 3113 6480 4361 5923
5 3716 6023 4774 5924
5 6024 6692 3069 5925
5 1063 5512 1062 5926
5 1372 10334 5896 5927
5 4777 10525 1488 5928
5 7193 7487 3217 5929
5 1369 8653 4658 5930
5 4621 6906 103 5931
5 7924 9193 3467 5932
5 3533 5100 5099 5933
5 7261 9013 2274 5934
5 1458 6441 5291 5935
5 4365 8692 1739 5936
5 4701 7670 1650 5937
5 4312 6078 2912 5938
5 2679 6536 5221 5939
5 4983 8916 2083 5940
5 3923 9407 1684 5941
5 2519 9564 7408 5942
5 4756 8871 6276 5943
5 4417 7376 1378 5944
5 3145 5950 5239 5945
5 2233 6683 5273 5946
5 8826 9829 3917 5947
5 959 5846 958 5948
5 8300 9372 4875 5949
5 5878 8295 3505 5950
5 4771 10012 3213 5951
5 4844 9421 4041 5952
5 4694 9522 2957 5953
5 8325 8326 5440 5954
5 2217 8472 3520 5955
5 2856 6670 5643 5956
5 2418 8145 4664 5957
5 4580 8009 3475 5958
5 6203 7274 1765 5959
5 4087 7176 2044 5960
5 1955 6053 5511 5961
5 5493 9590 2430 5962
5 6321 8836 2023 5963
5 3167 6399 4754 5964
5 1843 9356 4871 5965
5 2074 8937 4601 5966
5 3241 6734 6733 5967
5 8260 9868 3845 5968
5 2090 7144 4344 5969
5 2334 6888 4442 5970
5 4866 7022 3050 5971
5 3410 9891 8568 5972
5 4527 6403 1901 5973
5 1700 9461 5631 5974
5 4709 6304 1969 5975
5 1984 6772 3938 5976
5 5016 9879 2025 5977
5 5362 10347 5363 5978
5 3689 8386 2811 5979
5 3415 8894 6033 5980
5 37 5974 36 5981
5 1949 7656 4343 5982
5 5553 6907 3087 5983
5 1688 5838 4429 5984
5 1629 8894 8509 5985
5 3633 8342 4483 5986
5 7430 7758 2742 5987
5 1533 7519 3702 5988
5 5087 9441 2627 5989
5 2161 10045 9856 5990
5 7870 9123 3718 5991
5 1921 10227 5133 5992
5 2550 7502 5095 5993
5 4640 10137 1695 5994
5 2748 7051 4081 5995
5 4849 6475 1518 5996
5 5045 9067 4135 5997
5 6241 10363 3131 5998
5 2022 8634 4946 5999
5 3565 7676 2669 6000
5 2744 8634 7104 6001
5 4783 6544 2712 6002
5 2935 7492 4296 6003
5 5168 10079 1847 6004
5 1970 6347 4715 6005
5 2577 6538 6013 6006
5 3850 6857 2213 6007
5 6292 7418 1708 6008
5 1447 5478 4435 6009
5 5303 10631 2242 6010
5 4522 10002 2380 6011
5 5492 9896 4131 6012
5 5347 8885 2688 6013
5 5248 7488 3508 6014
5 2871 8481 6654 6015
5 2294 7791 5481 6016
5 7910 8336 2751 6017
5 464 5523 463 6018
5 5320 8949 4957 6019
5 462 5522 461 6020
5 7275 9038 2469 6021
5 5108 6702 2314 6022
5 3136 7220 3887 6023
5 4061 6884 5346 6024
5 5129 7707 3736 6025
5 1410 8852 7512 6026
5 5694 8711 2136 6027
5 5328 10361 3376 6028
5 4613 6467 85 6029
5 3670 4949 2505 6030
5 5847 9805 1957 6031
5 5338 6403 2888 6032
5 3962 7073 1999 6033
5 7784 10562 3902 6034
5 1503 10171 6004 6035
5 3849 6900 3053 6036
5 7436 9226 2714 6037
5 5017 8830 2894 6038
5 4466 6921 3150 6039
5 3858 7607 2965 6040
5 4327 6879 6311 6041
5 5710 7457 3914 6042
5 5304 8285 3218 6043
5 4445 6730 2109 6044
5 3290 6256 5140 6045
5 1569 7588 4900 6046
5 6897 9255 1940 6047
5 5383 9437 2741 6048
5 3203 9606 8893 6049
5 1668 8050 3196 6050
5 232 5984 231 6051
5 2039 9670 6805 6052
5 2851 6379 4854 6053
5 3986 6177 2871 6054
5 1445 10484 5654 6055
5 2076 8801 5490 6056
5 3228 7968 6325 6057
5 3257 6309 4888 6058
5 3757 8285 8025 6059
5 4020 6560 3085 6060
5 2848 6351 3657 6061
5 5177 5299 2027 6062
5 6225 7098 1698 6063
5 1763 7416 4581 6064
5 104 6433 4621 6065
5 2660 10081 5825 6066
5 8377 10329 1714 6067
5 6976 9095 3400 6068
5 2216 8408 3504 6069
5 2512 10305 4895 6070
5 1784 5767 4060 6071
5 4059 7475 2084 6072
5 1978 7248 5272 6073
5 1938 6400 4770 6074
5 3049 6698 5796 6075
5 4262 9995 1449 6076
5 2502 6937 6133 6077
5 4835 5213 2549 6078
5 3356 8703 8027 6079
5 7358 7992 3303 6080
5 1637 7097 5297 6081
5 2879 6766 5803 6082
5 1473 8100 6801 6083
5 3473 9249 5917 6084
5 5804 6741 2880 6085
5 3951 7857 2069 6086
5 1007 5538 1006 6087
5 1526 5553 3619 6088
5 2227 8996 6209 6089
5 2467 7737 3018 6090
5 4231 7701 2980 6091
5 4639 6997 3171 6092
5 2411 10447 8633 6093
5 4534 10556 3754 6094
5 1834 10055 2244 6095
5 6370 8191 3068 6096
5 7204 7916 2308 6097
5 2687 6428 5124 6098
5 4335 9741 5702 6099
5 1822 9735 6333 6100
5 4231 6861 2560 6101
5 3335 6458 6314 6102
5 2143 8588 6160 6103
5 6377 8670 1755 6104
5 1806 8854 5144 6105
5 5592 8445 1399 6106
5 7058 7699 4295 6107
5 3027 8127 6784 6108
5 1919 6010 4923 6109
5 3740 8496 5076 6110
5 2635 6530 5710 6111
5 3238 5794 4808 6112
5 937 5542 936 6113
5 935 5543 934 6114
5 473 5537 472 6115
5 5385 6807 1959 6116
5 2403 8766 3918 6117
5 4657 7366 3056 6118
5 1898 8915 5339 6119
5 4082 8030 1535 6120
5 8787 10255 1434 6121
5 6209 8996 2804 6122
5 4517 9879 4348 6123
5 2633 6789 4428 6124
5 1744 9281 4733 6125
5 4880 7990 3018 6126
5 2420 5742 5188 6127
5 2750 9823 5158 6128
5 5079 10266 5080 6129
5 2045 7758 7430 6130
5 6896 7194 1639 6131
5 6026 6699 2913 6132
5 7364 8004 3305 6133
5 3930 9006 1585 6134
5 4330 7443 2918 6135
5 2374 8480 7370 6136
5 2730 8718 5446 6137
5 4729 7894 1761 6138
5 3508 8020 5249 6139
5 6936 8675 1680 6140
5 6984 7769 4040 6141
5 1585 7485 3930 6142
5 4509 7864 2597 6143
5 4642 10160 7672 6144
5 4543 10075 2384 6145
5 6582 9043 3866 6146
5 3097 7017 5363 6147
5 5447 8720 2731 6148
5 1348 5945 1347 6149
5 2876 6755 5765 6150
5 3741 9870 7693 6151
5 3140 8371 5231 6152
5 2210 7751 5526 6153
5 1964 6872 4703 6154
5 35 5968 34 6155
5 364 5571 363 6156
5 580 6231 4834 6157
5 1786 7308 4904 6158
5 3910 10333 2517 6159
5 7113 8589 5292 6160
5 1612 6667 3594 6161
5 2248 7490 5374 6162
5 2406 6265 4390 6163
5 4353 7375 6940 6164
5 5745 7625 2667 6165
5 4834 6232 579 6166
5 362 5570 361 6167
5 8456 10394 1713 6168
5 5605 10050 3414 6169
5 2675 6274 4392 6170
5 3713 10436 6420 6171
5 5019 8796 3013 6172
5 6825 7231 2817 6173
5 5709 6869 2881 6174
5 7322 7383 1976 6175
5 1884 6550 4598 6176
5 1500 9234 4924 6177
5 5537 9278 2693 6178
5 2581 5658 4730 6179
5 1602 6791 3789 6180
5 4052 8716 6378 6181
5 9334 9679 1427 6182
5 4983 5404 1833 6183
5 2520 10599 7150 6184
5 3388 8253 5987 6185
5 918 5561 917 6186
5 5298 7180 2682 6187
5 7631 10418 3399 6188
5 1667 5691 4100 6189
5 916 5562 915 6190
5 7311 9101 3455 6191
5 2022 8926 7047 6192
5 2697 8709 4724 6193
5 2577 8000 6538 6194
5 173 6410 4822 6195
5 1424 7397 5083 6196
5 4484 8962 1914 6197
5 914 5563 913 6198
5 217 5614 216 6199
5 5307 7175 2679 6200
5 9531 10159 4171 6201
5 3656 6517 1620 6202
5 1812 8949 5320 6203
5 5754 8322 4782 6204
5 674 5961 673 6205
5 5057 9147 4459 6206
5 2258 6503 5638 6207
5 1797 8721 7581 6208
5 1584 8677 4181 6209
5 4068 7305 2543 6210
5 4822 6409 172 6211
5 4879 10445 4404 6212
5 2218 8704 6081 6213
5 4192 7853 6425 6214
5 1802 5815 5210 6215
5 5158 9823 3431 6216
5 2078 7455 5006 6217
5 4753 8498 2135 6218
5 5429 9171 4161 6219
5 3083 5616 3272 6220
5 215 5613 214 6221
5 2221 7706 5465 6222
5 6608 7661 1653 6223
5 6895 9096 2377 6224
5 3757 7431 2655 6225
5 3677 6948 6044 6226
5 4095 8975 1813 6227
5 4338 7460 2925 6228
5 5344 7214 2487 6229
5 3517 6941 4678 6230
5 6403 9757 2384 6231
5 2823 6903 5583 6232
5 3062 8828 4978 6233
5 3121 6988 6771 6234
5 4608 7998 3510 6235
5 1215 5618 1214 6236
5 4902 6309 2911 6237
5 1710 7536 6323 6238
5 5898 8333 2159 6239
5 2673 9055 6468 6240
5 1800 10094 5527 6241
5 1824 9110 8521 6242
5 3305 10019 6215 6243
5 7915 8508 3612 6244
5 5764 6758 2875 6245
5 1217 5617 1216 6246
5 4241 10599 2085 6247
5 2365 5518 4610 6248
5 5005 7577 2469 6249
5 2942 7670 4701 6250
5 1990 9671 5756 6251
5 5660 7357 1789 6252
5 1544 5789 3770 6253
5 1913 6832 4803 6254
5 4524 6481 1768 6255
5 2179 9017 3888 6256
5 2400 7778 5180 6257
5 4827 6851 1561 6258
5 3855 4866 2393 6259
5 1761 6870 4286 6260
5 3551 8235 4050 6261
5 946 5569 945 6262
5 5157 9781 2768 6263
5 3990 7129 2426 6264
5 7355 8321 2609 6265
5 5920 7517 1837 6266
5 887 5577 886 6267
5 5380 9914 1951 6268
5 2541 9290 4905 6269
5 1934 9886 6146 6270
5 885 5578 884 6271
5 3431 9781 5157 6272
5 6753 9972 1532 6273
5 4028 7476 1588 6274
5 1976 10569 7322 6275
5 4433 8624 3445 6276
5 9994 10072 1810 6277
5 4212 6400 1938 6278
5 2254 10238 7708 6279
5 5143 9427 3629 6280
5 8269 9347 3814 6281
5 1536 10610 5099 6282
5 2642 9866 6275 6283
5 2945 6802 6200 6284
5 2117 6563 4664 6285
5 3085 6560 4521 6286
5 1485 8985 4560 6287
5 1651 7463 5172 6288
5 2628 7246 7241 6289
5 3578 8843 6021 6290
5 5784 6765 2894 6291
5 2760 8829 7673 6292
5 3677 8255 2164 6293
5 1912 9105 5136 6294
5 4228 7997 7321 6295
5 1668 6180 5181 6296
5 2399 8578 3721 6297
5 2338 8680 5548 6298
5 5545 7081 1636 6299
5 7108 8291 3075 6300
5 4672 6967 64 6301
5 6250 8866 4766 6302
5 4559 10449 6103 6303
5 3575 8903 6009 6304
5 2893 6767 5783 6305
5 2222 7555 5254 6306
5 2401 6940 3620 6307
5 2357 5588 5587 6308
5 6065 6728 3079 6309
5 5114 8596 2994 6310
5 1451 10554 4601 6311
5 3012 8830 5017 6312
5 2093 6353 4110 6313
5 4322 9404 1820 6314
5 1662 5775 5402 6315
5 5120 6572 1742 6316
5 4445 10184 3908 6317
5 1814 10183 4095 6318
5 3477 8498 4005 6319
5 808 5591 807 6320
5 6475 9296 2284 6321
5 2888 6822 5729 6322
5 7465 9185 4087 6323
5 3905 8137 1699 6324
5 8143 9726 2110 6325
5 2921 8665 3990 6326
5 806 5590 805 6327
5 3744 10241 2848 6328
5 4151 6608 2993 6329
5 3739 9067 2436 6330
5 5035 7418 3043 6331
5 2513 9138 5151 6332
5 2692 6186 5572 6333
5 5475 6854 2596 6334
5 6246 9974 2434 6335
5 1724 2515 2019 6336
5 1855 7216 4790 6337
5 5421 10246 3383 6338
5 4083 7989 1671 6339
5 5692 7851 2904 6340
5 1638 6754 4107 6341
5 4678 8314 2359 6342
5 1951 6605 5175 6343
5 2041 7838 5246 6344
5 4757 6354 2087 6345
5 7881 9820 4842 6346
5 5156 9145 2513 6347
5 3306 7343 4089 6348
5 4240 10418 7631 6349
5 6311 8845 4327 6350
5 7328 7620 3077 6351
5 3299 5825 4826 6352
5 2031 7222 5009 6353
5 4325 9144 8330 6354
5 3321 8070 7367 6355
5 4195 6801 5650 6356
5 1591 7568 6996 6357
5 4067 6499 1666 6358
5 8733 10274 2376 6359
5 4000 7640 3553 6360
5 3432 9063 4307 6361
5 2560 6861 4984 6362
5 3288 10077 4819 6363
5 3961 7458 5232 6364
5 1292 5778 1291 6365
5 5154 8071 2342 6366
5 2933 6720 6087 6367
5 7795 8042 1706 6368
5 4574 8579 3648 6369
5 2587 8274 6880 6370
5 3506 8006 4632 6371
5 5076 9150 2173 6372
5 1947 6030 4901 6373
5 2785 6889 4294 6374
5 4854 9816 5806 6375
5 1810 8386 3689 6376
5 2455 10063 5410 6377
5 3069 6692 5892 6378
5 5185 9114 1531 6379
5 2238 8995 5586 6380
5 620 5582 619 6381
5 6691 7039 1998 6382
5 3436 8803 7605 6383
5 1846 6365 2185 6384
5 3875 9481 1547 6385
5 4894 9395 1417 6386
5 7226 9325 2623 6387
5 2697 7383 4179 6388
5 5024 8631 4025 6389
5 2590 10270 5889 6390
5 6081 8704 2784 6391
5 7717 9936 4847 6392
5 4856 9140 2499 6393
5 1380 9342 4454 6394
5 1910 10031 6426 6395
5 622 5581 621 6396
5 2106 9439 3727 6397
5 3045 7372 5939 6398
5 2574 6381 3618 6399
5 5209 10130 3101 6400
5 4197 9989 5212 6401
5 3197 7945 6069 6402
5 4819 9409 2240 6403
5 4946 6299 1900 6404
5 5528 10437 5623 6405
5 2916 6747 5948 6406
5 700 6034 699 6407
5 6242 8193 4023 6408
5 7377 8250 2171 6409
5 2629 6101 4270 6410
5 5706 7489 2363 6411
5 6977 9076 1534 6412
5 2194 8792 4686 6413
5 6274 9850 5189 6414
5 4269 6101 2629 6415
5 8040 8212 1933 6416
5 4460 10529 3001 6417
5 3512 8932 6408 6418
5 3500 8967 7600 6419
5 5498 6662 1922 6420
5 4707 9385 1983 6421
5 6654 8481 3509 6422
5 1558 6942 3981 6423
5 5513 8669 2746 6424
5 3130 9701 7160 6425
5 5896 7372 2167 6426
5 3756 7462 5772 6427
5 6237 7297 3630 6428
5 4983 10422 4259 6429
5 3144 10350 6079 6430
5 2447 8917 4589 6431
5 3982 7911 2333 6432
5 2272 8934 7304 6433
5 4569 8986 1485 6434
5 591 5580 590 6435
5 1531 7363 4982 6436
5 3058 6635 3979 6437
5 1523 7169 4630 6438
5 3793 8418 5112 6439
5 2014 5475 5342 6440
5 6733 7347 3241 6441
5 1554 9072 6075 6442
5 3925 9700 4709 6443
5 4353 5295 2943 6444
5 593 5579 592 6445
5 5075 7666 1435 6446
5 2348 5195 4491 6447
5 5507 10348 3469 6448
5 2215 9291 7808 6449
5 3180 9861 3833 6450
5 3857 10080 3221 6451
5 2745 8672 5512 6452
5 4251 9291 2215 6453
5 2443 5575 3613 6454
5 6308 7966 3237 6455
5 6999 9040 2488 6456
5 6149 6716 2939 6457
5 3530 9195 6415 6458
5 6121 6288 4118 6459
5 4692 8207 2276 6460
5 1602 7573 6791 6461
5 759 6029 758 6462
5 3309 10452 8492 6463
5 4936 9183 8092 6464
5 2938 6717 6148 6465
5 5272 7891 3138 6466
5 2350 7394 5375 6467
5 4471 7208 2964 6468
5 65 6516 4672 6469
5 4829 7032 2460 6470
5 4056 9106 2568 6471
5 2343 10100 5101 6472
5 3176 8721 3729 6473
5 3374 10248 4496 6474
5 3227 5994 5377 6475
5 5014 9013 2267 6476
5 3484 8281 5849 6477
5 1948 5879 4850 6478
5 5384 8918 2833 6479
5 3634 9338 5047 6480
5 4067 7477 5932 6481
5 3334 5669 3106 6482
5 3558 8478 7760 6483
5 7545 9319 3717 6484
5 2981 5873 4729 6485
5 4547 9986 4760 6486
5 5691 7223 3442 6487
5 6227 8731 2250 6488
5 4642 8330 1778 6489
5 5298 10271 2070 6490
5 2102 7380 3247 6491
5 8675 9962 1680 6492
5 3912 9321 1406 6493
5 8055 8591 3937 6494
5 5402 10479 5487 6495
5 2201 9199 4256 6496
5 3747 8310 1658 6497
5 1804 10539 4528 6498
5 4026 9613 5313 6499
5 5291 8712 3331 6500
5 3982 8620 7299 6501
5 184 5684 183 6502
5 5069 5871 2906 6503
5 2026 10164 7086 6504
5 182 5683 181 6505
5 2726 6941 6279 6506
5 3434 9954 4239 6507
5 3714 10370 5213 6508
5 5009 5225 1432 6509
5 2810 6644 5294 6510
5 2580 8674 3941 6511
5 148 5697 147 6512
5 4893 7050 2941 6513
5 5950 7053 2517 6514
5 3173 9370 3863 6515
5 3265 10079 5168 6516
5 3034 8354 4875 6517
5 2641 5200 4291 6518
5 3538 8876 1544 6519
5 4255 9304 2217 6520
5 3258 9389 4177 6521
5 5308 9055 2673 6522
5 1517 7283 4018 6523
5 6325 7968 4486 6524
5 853 5625 852 6525
5 3919 7434 3179 6526
5 851 5626 850 6527
5 5056 7867 2573 6528
5 2610 7242 7191 6529
5 5417 6826 2890 6530
5 3338 8105 7388 6531
5 1676 8546 4836 6532
5 2174 9109 7596 6533
5 1760 9257 5414 6534
5 5782 9319 3307 6535
5 1144 5642 1143 6536
5 3367 8770 5926 6537
5 5265 6865 2846 6538
5 2009 6544 5893 6539
5 4855 9535 2345 6540
5 4724 8709 1462 6541
5 3126 6310 5427 6542
5 1600 8082 4778 6543
5 1880 9248 6660 6544
5 1538 6734 3241 6545
5 5333 9388 2422 6546
5 1700 8016 3367 6547
5 2480 5338 3864 6548
5 1146 5641 1145 6549
5 4233 7902 6518 6550
5 2534 6150 6126 6551
5 5031 10164 3248 6552
5 3101 10047 5208 6553
5 5283 8073 2898 6554
5 6602 8810 4198 6555
5 4975 6792 2503 6556
5 5313 9613 2474 6557
5 7299 8620 2681 6558
5 4102 5079 2456 6559
5 2326 9443 5640 6560
5 5013 10535 2688 6561
5 4479 9835 2310 6562
5 2223 8813 6178 6563
5 303 5648 302 6564
5 2853 5007 5006 6565
5 305 5649 304 6566
5 1780 8774 4075 6567
5 5529 6906 2886 6568
5 1358 9596 7866 6569
5 5517 9302 2663 6570
5 4556 9926 8252 6571
5 2681 10572 5033 6572
5 4944 6915 1461 6573
5 5737 5849 1751 6574
5 2186 10021 4172 6575
5 5614 6846 2890 6576
5 1845 5904 5387 6577
5 1452 6468 4447 6578
5 4821 9782 2475 6579
5 1473 6801 4195 6580
5 4388 7869 1502 6581
5 4881 6473 1234 6582
5 4037 7983 2068 6583
5 2237 8304 4055 6584
5 7149 9868 3308 6585
5 3050 8424 2393 6586
5 2230 8210 6201 6587
5 1780 8251 5047 6588
5 3078 9611 6633 6589
5 7576 10246 4146 6590
5 4819 10091 3288 6591
5 2794 10130 5209 6592
5 5165 8754 2232 6593
5 2126 7896 3521 6594
5 4318 5696 2660 6595
5 3258 7533 7327 6596
5 2165 8951 7350 6597
5 979 6294 4892 6598
5 525 5621 524 6599
5 3419 6779 5432 6600
5 3657 6351 3262 6601
5 4892 6295 978 6602
5 2883 6817 5618 6603
5 5067 7779 1799 6604
5 5335 9789 1736 6605
5 523 5620 522 6606
5 6076 6743 1654 6607
5 2249 8408 5657 6608
5 2063 8802 5300 6609
5 5875 7222 2031 6610
5 2919 6751 5954 6611
5 5355 6346 2371 6612
5 1744 8451 3729 6613
5 5761 10469 6992 6614
5 4110 7558 2093 6615
5 2350 5777 3847 6616
5 2814 8902 5491 6617
5 4750 10407 7812 6618
5 3757 8025 5389 6619
5 618 5622 617 6620
5 5368 8457 2481 6621
5 5827 9245 4465 6622
5 2344 7780 6146 6623
5 1708 9444 4136 6624
5 4568 9851 5039 6625
5 4848 8625 4779 6626
5 1450 7994 4495 6627
5 4586 9910 3085 6628
5 4984 8464 2560 6629
5 6952 10415 3893 6630
5 394 5644 393 6631
5 5402 9776 1662 6632
5 2470 8582 4162 6633
5 1494 6535 4689 6634
5 1235 6470 4881 6635
5 5519 9390 2855 6636
5 6167 6736 2947 6637
5 457 5636 456 6638
5 392 5643 391 6639
5 5369 10122 1634 6640
5 455 5635 454 6641
5 2270 6713 3881 6642
5 2272 7646 5055 6643
5 3129 6938 6333 6644
5 5287 6910 3386 6645
5 98 6250 97 6646
5 75 5761 74 6647
5 6768 8963 2388 6648
5 3110 5493 4607 6649
5 1665 9771 3731 6650
5 4433 9815 4898 6651
5 4668 6240 2972 6652
5 4833 6257 2721 6653
5 7877 10088 1836 6654
5 1954 7628 5247 6655
5 487 6283 4910 6656
5 3582 6288 1576 6657
5 4802 5728 1487 6658
5 3722 7719 1960 6659
5 6176 8036 1841 6660
5 1790 9181 4411 6661
5 1518 10077 4860 6662
5 3730 7935 1545 6663
5 4910 6282 486 6664
5 6017 7361 3637 6665
5 2946 6737 6166 6666
5 5525 8375 3148 6667
5 6178 8813 2798 6668
5 2231 8662 3536 6669
5 1426 6378 6317 6670
5 4557 9733 2976 6671
5 3571 8899 4735 6672
5 4903 7605 1481 6673
5 3146 7768 6343 6674
5 4992 7705 3094 6675
5 3755 8507 2193 6676
5 4404 6598 2677 6677
5 3351 10449 5041 6678
5 3589 5912 1497 6679
5 2431 8472 5752 6680
5 4876 8868 2005 6681
5 5285 10399 2680 6682
5 2553 5072 4680 6683
5 203 5709 202 6684
5 2312 9851 4568 6685
5 2193 8516 3755 6686
5 3155 7257 7103 6687
5 5617 6821 2882 6688
5 2040 7991 3948 6689
5 2846 6865 5208 6690
5 2206 8208 5805 6691
5 3960 8488 8142 6692
5 5494 8627 1690 6693
5 4570 9022 1937 6694
5 3614 7540 5540 6695
5 3389 9878 5703 6696
5 3315 7043 5195 6697
5 4027 8686 7387 6698
5 2596 6253 4504 6699
5 5292 8589 14 6700
5 4036 6617 2811 6701
5 2318 8113 7292 6702
5 3754 7224 4665 6703
5 7546 8374 4371 6704
5 2672 7833 6195 6705
5 2253 8710 6268 6706
5 2239 9474 5751 6707
5 3117 8827 2373 6708
5 4423 9759 2394 6709
5 2005 6911 4879 6710
5 7294 7561 3264 6711
5 1588 7476 5430 6712
5 3126 7044 6310 6713
5 2363 7489 5236 6714
5 2308 7916 5599 6715
5 1875 10200 4934 6716
5 2927 7915 5366 6717
5 2519 6834 5458 6718
5 6075 9072 3033 6719
5 2633 6858 6789 6720
5 6064 7455 2078 6721
5 1803 7116 5179 6722
5 3079 6728 5928 6723
5 4776 9992 3235 6724
5 4996 6241 3131 6725
5 2933 8192 5319 6726
5 3604 9741 4335 6727
5 2652 7271 5833 6728
5 1648 6022 4648 6729
5 1650 5403 4670 6730
5 5580 7772 2719 6731
5 4401 8515 1825 6732
5 5247 7628 2207 6733
5 5569 9426 2715 6734
5 3587 10265 8071 6735
5 1426 7296 3995 6736
5 3239 6928 4744 6737
5 2635 5754 4782 6738
5 7109 9317 1590 6739
5 3784 3785 8 6740
5 5168 8552 2932 6741
5 5360 9683 1419 6742
5 3737 8672 8669 6743
5 4968 8722 3608 6744
5 1991 7900 4843 6745
5 1308 7071 4755 6746
5 2550 5095 4676 6747
5 2889 6831 5613 6748
5 5693 5694 2583 6749
5 1876 8697 6484 6750
5 7804 8428 3539 6751
5 1490 8407 5334 6752
5 1606 8187 5173 6753
5 1421 8053 4783 6754
5 4590 9313 1575 6755
5 2614 6237 4681 6756
5 178 6240 177 6757
5 2377 10373 3928 6758
5 1787 8738 4925 6759
5 8164 8901 3701 6760
5 6396 7269 3715 6761
5 3108 6769 6105 6762
5 4675 10375 2781 6763
5 7674 8724 4562 6764
5 1834 7811 5837 6765
5 2718 7780 5579 6766
5 2680 8198 3987 6767
5 1032 5663 1031 6768
5 4648 8216 1892 6769
5 1034 5662 1033 6770
5 2864 6917 5274 6771
5 7793 7968 3228 6772
5 1648 9901 6022 6773
5 4925 7802 1787 6774
5 5418 8737 2373 6775
5 4913 10594 1756 6776
5 5277 6917 2864 6777
5 7782 8713 3324 6778
5 2237 9912 5584 6779
5 3045 7732 3818 6780
5 2674 6881 5233 6781
5 816 6332 4752 6782
5 4969 9412 1687 6783
5 4372 6898 2839 6784
5 3761 8831 7221 6785
5 1389 8750 1388 6786
5 2447 7090 5631 6787
5 5921 7546 4798 6788
5 3886 8537 6352 6789
5 5167 6613 3820 6790
5 4003 9431 1422 6791
5 9470 10367 7154 6792
5 826 5677 825 6793
5 824 5676 823 6794
5 2667 5989 4939 6795
5 3120 7357 5660 6796
5 1926 8181 4368 6797
5 4759 7069 1313 6798
5 5841 9543 3824 6799
5 6954 7342 2834 6800
5 138 6276 137 6801
5 5638 8925 2258 6802
5 2797 6989 4342 6803
5 2505 4949 3301 6804
5 560 7754 4914 6805
5 1409 6875 4623 6806
5 4914 7583 559 6807
5 2447 7683 4737 6808
5 5485 8826 2319 6809
5 1739 9254 4583 6810
5 4994 6785 1320 6811
5 4491 5430 2348 6812
5 8378 8384 3636 6813
5 4917 7769 607 6814
5 2758 7012 3921 6815
5 2785 9323 6889 6816
5 2909 10422 4971 6817
5 608 7586 4917 6818
5 2870 8461 4263 6819
5 2937 6778 5995 6820
5 4339 8687 2285 6821
5 5919 10212 1572 6822
5 880 5678 879 6823
5 2803 6935 4383 6824
5 878 5679 877 6825
5 1168 6191 1167 6826
5 3001 8625 5258 6827
5 7538 8275 3276 6828
5 2860 5725 4805 6829
5 1972 7030 4780 6830
5 4009 5351 2701 6831
5 3373 9754 6001 6832
5 3746 9498 6453 6833
5 549 5664 548 6834
5 1021 6305 4942 6835
5 5602 7627 3970 6836
5 1925 6474 4966 6837
5 6797 6902 3200 6838
5 7158 9956 5514 6839
5 4942 6306 1020 6840
5 5399 10382 2493 6841
5 2664 9373 5975 6842
5 1741 9649 4406 6843
5 4775 8936 3007 6844
5 547 5665 546 6845
5 2024 8056 3886 6846
5 1068 5682 1067 6847
5 2383 8845 7190 6848
5 1070 5681 1069 6849
5 1747 6585 4023 6850
5 2747 9935 4584 6851
5 2706 3454 2562 6852
5 2000 7646 6880 6853
5 1059 5680 1058 6854
5 7929 8910 3597 6855
5 7020 10270 2590 6856
5 4954 7220 3136 6857
5 2012 10310 6081 6858
5 4752 6699 815 6859
5 7825 8723 2279 6860
5 2344 7772 3835 6861
5 4378 9310 2231 6862
5 1700 7102 4225 6863
5 4123 9735 7033 6864
5 4335 9738 1824 6865
5 7114 10366 2700 6866
5 1684 7624 4368 6867
5 1208 5729 1207 6868
5 4331 8165 2077 6869
5 3835 7780 2344 6870
5 6535 9427 3000 6871
5 5283 7804 3539 6872
5 5224 8876 4503 6873
5 2626 6874 4596 6874
5 5830 7562 3515 6875
5 3430 10607 7684 6876
5 7423 10395 3879 6877
5 2990 5135 4018 6878
5 3933 10187 8970 6879
5 4049 10102 5334 6880
5 1420 7405 4423 6881
5 5498 8248 2325 6882
5 6146 7780 2718 6883
5 2358 4749 4218 6884
5 775 5700 774 6885
5 773 5699 772 6886
5 519 7735 4930 6887
5 4930 7594 518 6888
5 4631 7610 7253 6889
5 3916 5597 2726 6890
5 5327 6876 3107 6891
5 8353 8757 5222 6892
5 2811 6617 5407 6893
5 4841 6486 1815 6894
5 5245 9110 1824 6895
5 4129 7116 1803 6896
5 6882 8251 3479 6897
5 4431 7359 3667 6898
5 2325 5585 3537 6899
5 3085 7085 4020 6900
5 2232 9162 5774 6901
5 2659 8535 6252 6902
5 4667 10420 2656 6903
5 3660 9580 5058 6904
5 2215 7808 5762 6905
5 3573 9709 4602 6906
5 2084 7475 5771 6907
5 6449 8111 3618 6908
5 801 5705 800 6909
5 6031 9782 3365 6910
5 799 5704 798 6911
5 2630 2736 2057 6912
5 2742 6537 4869 6913
5 1410 7512 4206 6914
5 357 5714 356 6915
5 3591 8122 4656 6916
5 5241 7880 1664 6917
5 1697 8056 4508 6918
5 4408 5587 1781 6919
5 3390 7846 7812 6920
5 1825 8736 5058 6921
5 3048 9457 5589 6922
5 4922 5397 1894 6923
5 355 5713 354 6924
5 5483 8378 2693 6925
5 7670 9252 1650 6926
5 5191 10470 1511 6927
5 1929 6042 5674 6928
5 3407 7517 7397 6929
5 4968 10609 5166 6930
5 3994 7012 1483 6931
5 8027 8703 3005 6932
5 4940 6447 1222 6933
5 5574 7606 2999 6934
5 4282 10397 3137 6935
5 4855 6074 1551 6936
5 3484 5849 5737 6937
5 2864 7478 3135 6938
5 4773 7198 3739 6939
5 1444 7615 5981 6940
5 3404 8340 4800 6941
5 2494 5417 3892 6942
5 2464 8923 4658 6943
5 1321 6783 4994 6944
5 6549 7816 1910 6945
5 9940 10223 3803 6946
5 4601 6311 1451 6947
5 4533 10306 2590 6948
5 1677 9992 4776 6949
5 6169 9081 1479 6950
5 4687 10255 8787 6951
5 4755 6764 1307 6952
5 4955 7422 2700 6953
5 8011 9807 3915 6954
5 7125 10085 1946 6955
5 4352 9611 3862 6956
5 1859 8115 5243 6957
5 3179 7434 4898 6958
5 3381 10113 6345 6959
5 2126 6973 5323 6960
5 1846 5904 5354 6961
5 5041 10449 5593 6962
5 5208 10047 2846 6963
5 1775 10449 4559 6964
5 2730 8343 5749 6965
5 4077 6499 1844 6966
5 5339 10281 1886 6967
5 4329 10337 1461 6968
5 2631 7477 4474 6969
5 1860 6257 4833 6970
5 2746 9588 5680 6971
5 5837 7811 2245 6972
5 3597 8910 1760 6973
5 5372 5505 1816 6974
5 2645 8241 4853 6975
5 3662 5906 5234 6976
5 1223 6446 4940 6977
5 7725 8721 1797 6978
5 1364 8237 5206 6979
5 4510 9377 5279 6980
5 2510 6859 5817 6981
5 3539 8428 5284 6982
5 2743 9275 5622 6983
5 3837 10366 8882 6984
5 5347 10535 1405 6985
5 4359 6181 2035 6986
5 2400 7222 3893 6987
5 5824 6014 2654 6988
5 1759 7434 3919 6989
5 1705 10158 3696 6990
5 2044 10508 4170 6991
5 5991 6802 2945 6992
5 863 5718 862 6993
5 2167 7372 7168 6994
5 4856 7233 1992 6995
5 855 5720 854 6996
5 9825 10399 1807 6997
5 1281 5903 1280 6998
5 2659 8593 5268 6999
5 9755 10008 1885 7000
5 5220 10433 2486 7001
5 3170 8800 5750 7002
5 7332 7592 3292 7003
5 2424 6307 5199 7004
5 4855 7257 3155 7005
5 219 5766 218 7006
5 5111 6512 3726 7007
5 7133 7511 2850 7008
5 2653 7351 5911 7009
5 3117 8957 2800 7010
5 6186 8384 2151 7011
5 6840 7258 2593 7012
5 2315 8385 5269 7013
5 872 5722 871 7014
5 870 5723 869 7015
5 4979 7596 2275 7016
5 3046 9526 4874 7017
5 3646 7274 1615 7018
5 6377 9522 4382 7019
5 6789 6858 3465 7020
5 1613 7548 5134 7021
5 6573 10514 3385 7022
5 3904 7251 3057 7023
5 4745 9111 2370 7024
5 6385 8444 3204 7025
5 5094 7212 3796 7026
5 4261 6313 2408 7027
5 1866 9792 4593 7028
5 1104 6337 4973 7029
5 4973 6338 1103 7030
5 4515 10490 1525 7031
5 1314 6771 4759 7032
5 5200 5923 1900 7033
5 5964 7530 2827 7034
5 6453 8694 4053 7035
5 3664 8733 8455 7036
5 4350 8714 5756 7037
5 2203 9908 4396 7038
5 3006 7083 5302 7039
5 3890 8430 4992 7040
5 4832 10223 9940 7041
5 2355 8938 4673 7042
5 4899 8928 3095 7043
5 6158 10025 3779 7044
5 1606 8265 5656 7045
5 4232 9704 3264 7046
5 3691 7871 5396 7047
5 2162 9108 5800 7048
5 1621 9648 7653 7049
5 5366 8090 2927 7050
5 3978 7858 3229 7051
5 5888 8911 2021 7052
5 7355 7375 4603 7053
5 1622 10363 6241 7054
5 3143 5666 3334 7055
5 1524 9484 5437 7056
5 3097 10034 7017 7057
5 4065 7115 3166 7058
5 3623 8230 4114 7059
5 6291 7767 2791 7060
5 4356 8116 2709 7061
5 4814 8072 3625 7062
5 1643 9860 4563 7063
5 2089 8991 6605 7064
5 4467 9981 2304 7065
5 2362 7714 7175 7066
5 1283 5901 1282 7067
5 5070 6596 2796 7068
5 1679 8529 3645 7069
5 7386 9573 4706 7070
5 5524 6045 1582 7071
5 1778 6184 4703 7072
5 5959 6974 2923 7073
5 2554 6850 3896 7074
5 7128 7989 4083 7075
5 6936 10401 4281 7076
5 4634 7559 3036 7077
5 6342 8929 2260 7078
5 3220 9237 4184 7079
5 4381 10105 2526 7080
5 6197 9219 3252 7081
5 5832 9193 2242 7082
5 3154 8878 4206 7083
5 2716 6344 5686 7084
5 4489 7966 6308 7085
5 575 5715 574 7086
5 5501 9035 2783 7087
5 573 5716 572 7088
5 1151 5765 1150 7089
5 3963 5741 3143 7090
5 2989 7254 5674 7091
5 3986 8891 6177 7092
5 4699 8228 2016 7093
5 5597 9244 1823 7094
5 2443 8656 5215 7095
5 1863 6196 5269 7096
5 5358 9508 2117 7097
5 2004 9947 5915 7098
5 997 5731 996 7099
5 995 5732 994 7100
5 1507 7055 5036 7101
5 2967 6595 4189 7102
5 1153 5764 1152 7103
5 4824 6290 570 7104
5 8210 10056 6201 7105
5 2241 9198 5835 7106
5 2397 9084 6872 7107
5 4471 8607 6508 7108
5 2082 8511 5116 7109
5 6168 7483 1696 7110
5 5368 8447 1876 7111
5 1794 5160 3342 7112
5 4637 5780 2522 7113
5 1716 8117 5198 7114
5 2710 7527 7331 7115
5 6275 9866 4299 7116
5 4352 10175 1896 7117
5 4299 9866 2368 7118
5 5538 9340 2721 7119
5 5451 8132 2683 7120
5 7103 7257 3391 7121
5 7610 8097 4423 7122
5 5082 6429 2788 7123
5 2847 9165 5850 7124
5 318 5784 317 7125
5 1776 8003 4513 7126
5 316 5783 315 7127
5 5213 10370 2071 7128
5 508 5735 507 7129
5 2141 10304 7494 7130
5 4089 8327 7526 7131
5 3952 9699 4711 7132
5 2955 6803 6027 7133
5 1423 9475 7095 7134
5 506 5734 505 7135
5 7934 8886 3152 7136
5 1384 10148 4187 7137
5 3773 8609 2205 7138
5 2205 8614 3773 7139
5 2954 8974 4725 7140
5 7941 9912 1494 7141
5 3208 7700 6050 7142
5 7253 8924 3615 7143
5 3060 10479 5402 7144
5 10049 10382 4708 7145
5 5770 9873 2776 7146
5 4242 10211 3347 7147
5 2782 9050 5500 7148
5 5842 6984 2841 7149
5 2819 8989 7846 7150
5 5952 6991 4720 7151
5 1995 8007 4905 7152
5 4042 9882 3250 7153
5 4168 9834 6156 7154
5 2594 6365 2036 7155
5 6632 6776 2075 7156
5 2473 7157 4850 7157
5 4985 6589 1257 7158
5 3076 9410 6255 7159
5 2964 10086 2191 7160
5 4228 7247 2671 7161
5 6002 6737 2946 7162
5 3048 9078 8499 7163
5 3298 8715 6296 7164
5 3548 10251 5301 7165
5 5253 9557 2042 7166
5 5880 6303 1472 7167
5 2259 9610 6432 7168
5 2889 6776 4594 7169
5 3073 9662 3854 7170
5 4142 10585 6572 7171
5 3975 10584 7718 7172
5 4693 7807 1727 7173
5 1529 10263 4720 7174
5 6195 7833 1482 7175
5 4577 9805 5847 7176
5 4158 9197 4761 7177
5 3856 9588 4829 7178
5 2189 9070 7874 7179
5 5272 7248 4022 7180
5 3535 8325 5440 7181
5 571 6515 4824 7182
5 2579 7687 6933 7183
5 5000 6307 3564 7184
5 3136 6592 4954 7185
5 5646 9190 2251 7186
5 3972 5302 2540 7187
5 3319 9561 4617 7188
5 2459 7734 5317 7189
5 2326 6263 5029 7190
5 1258 6588 4985 7191
5 3799 8060 2430 7192
5 3105 6291 5037 7193
5 3385 8178 7499 7194
5 3304 7418 6292 7195
5 6222 6777 2978 7196
5 7198 7396 3151 7197
5 3448 9734 6421 7198
5 2935 8254 5243 7199
5 4333 5564 2533 7200
5 405 5770 404 7201
5 2563 9720 7159 7202
5 5882 8288 2703 7203
5 5492 8234 2695 7204
5 6445 10113 2591 7205
5 4521 8398 4586 7206
5 3886 7319 1996 7207
5 4686 7633 3468 7208
5 2973 7625 5745 7209
5 2797 9450 6989 7210
5 494 5760 493 7211
5 8890 9026 2748 7212
5 5396 7419 3691 7213
5 833 5786 832 7214
5 831 5785 830 7215
5 2950 6220 5254 7216
5 1953 8733 5008 7217
5 492 5759 491 7218
5 4094 6567 3133 7219
5 349 5804 348 7220
5 129 5887 128 7221
5 3920 7946 7417 7222
5 127 5886 126 7223
5 5246 7838 2038 7224
5 347 5803 346 7225
5 4809 9711 2047 7226
5 1527 8532 6643 7227
5 1872 7200 4947 7228
5 7814 8435 1433 7229
5 4226 8634 7047 7230
5 2971 10145 3665 7231
5 2062 8565 5300 7232
5 3243 7842 4326 7233
5 2202 8149 3829 7234
5 7684 10607 4267 7235
5 4462 7450 6150 7236
5 2124 7804 5022 7237
5 3661 8204 4668 7238
5 2592 4150 4092 7239
5 5511 9873 3954 7240
5 1749 8144 4306 7241
5 4339 8930 7440 7242
5 5101 10001 2343 7243
5 4599 9633 1461 7244
5 2705 7144 4332 7245
5 2803 9612 6935 7246
5 2877 5627 4885 7247
5 3062 9780 4666 7248
5 2737 6290 4824 7249
5 1453 8872 6420 7250
5 3315 9722 4031 7251
5 29 7013 5176 7252
5 390 5797 389 7253
5 5179 7651 2050 7254
5 5550 5660 2355 7255
5 2835 5456 5455 7256
5 9122 9698 4480 7257
5 7397 7517 3753 7258
5 3036 6931 4634 7259
5 2076 7366 5902 7260
5 3762 7616 1502 7261
5 3622 7843 4716 7262
5 930 5792 929 7263
5 3389 8052 5768 7264
5 5515 6916 3043 7265
5 2971 5888 5259 7266
5 6104 6277 2948 7267
5 2589 5877 4828 7268
5 198 5872 197 7269
5 2498 7029 5206 7270
5 928 5793 927 7271
5 6506 9222 3115 7272
5 3829 8170 2202 7273
5 4760 9986 1519 7274
5 388 5796 387 7275
5 4734 8621 7117 7276
5 2646 6396 4700 7277
5 3339 10271 6273 7278
5 7449 8687 4085 7279
5 3326 5668 3099 7280
5 4850 9682 3894 7281
5 4970 6476 3212 7282
5 5205 7758 2045 7283
5 4456 6893 2754 7284
5 6145 6665 3137 7285
5 2949 7454 6121 7286
5 4495 8545 2074 7287
5 8239 10025 2150 7288
5 2704 9367 6855 7289
5 4965 9245 2578 7290
5 5456 7295 2145 7291
5 482 5788 481 7292
5 4529 7377 2728 7293
5 2316 6083 5947 7294
5 1729 6978 4740 7295
5 480 5787 479 7296
5 1917 10112 5451 7297
5 4027 10388 9514 7298
5 3375 7015 1508 7299
5 4806 9278 3693 7300
5 2931 7382 5702 7301
5 1461 10337 5630 7302
5 2763 7751 5664 7303
5 4366 8221 6823 7304
5 6570 9089 3044 7305
5 4216 6827 2068 7306
5 2505 8943 2245 7307
5 2829 6964 5823 7308
5 2973 7918 5539 7309
5 5592 9707 2523 7310
5 2744 6299 4946 7311
5 7935 9718 3823 7312
5 2327 9780 3455 7313
5 4835 7994 1450 7314
5 421 5802 420 7315
5 4391 10096 4157 7316
5 2808 6615 5091 7317
5 3005 8703 5805 7318
5 8095 8249 2710 7319
5 3774 7954 2485 7320
5 8410 9506 3735 7321
5 419 5801 418 7322
5 1250 6927 4788 7323
5 5363 7017 2353 7324
5 1462 8709 4216 7325
5 3475 6426 2281 7326
5 7781 8716 2144 7327
5 1540 10269 4304 7328
5 5185 7108 2427 7329
5 6201 8659 2230 7330
5 5516 9081 3918 7331
5 4265 9319 2152 7332
5 5172 7463 3198 7333
5 2093 7558 5866 7334
5 744 5829 743 7335
5 2002 7379 5979 7336
5 1496 6421 5121 7337
5 5530 6184 1778 7338
5 742 5828 741 7339
5 4071 7654 1438 7340
5 2576 7513 7404 7341
5 3923 7792 7146 7342
5 3537 8522 4746 7343
5 5756 9671 4350 7344
5 4272 10170 3149 7345
5 3323 5936 5224 7346
5 7654 8089 1438 7347
5 7708 10238 4799 7348
5 3658 8584 8583 7349
5 5221 6536 2548 7350
5 4970 10521 6476 7351
5 5391 8135 2032 7352
5 2416 7080 5482 7353
5 5172 7980 2613 7354
5 5164 5603 1902 7355
5 5396 5454 1425 7356
5 4788 6594 1249 7357
5 1962 10278 6209 7358
5 7449 9484 2285 7359
5 974 5813 973 7360
5 972 5814 971 7361
5 4074 7890 6131 7362
5 3036 7559 6532 7363
5 4037 9629 7983 7364
5 3643 8488 5308 7365
5 4455 10462 3424 7366
5 5213 9343 2549 7367
5 3729 8451 3176 7368
5 3393 8005 7657 7369
5 2358 8207 4692 7370
5 5552 6967 2936 7371
5 2807 7602 6187 7372
5 3099 5689 3327 7373
5 5701 7572 2428 7374
5 5166 10609 2756 7375
5 5125 6642 2819 7376
5 6421 9369 3448 7377
5 7078 7816 3840 7378
5 3780 7089 5348 7379
5 3776 8632 4741 7380
5 26 6438 25 7381
5 3811 8207 5152 7382
5 1016 5819 1015 7383
5 3905 7088 5890 7384
5 1500 5551 3613 7385
5 1014 5820 1013 7386
5 2751 7969 5621 7387
5 122 5925 121 7388
5 120 5924 119 7389
5 2905 7108 5185 7390
5 5345 6882 1609 7391
5 5718 9703 2769 7392
5 4032 8807 2132 7393
5 2641 9031 5923 7394
5 1789 7357 5046 7395
5 2970 7712 5847 7396
5 5358 9367 2704 7397
5 1791 7158 5514 7398
5 4170 6784 2044 7399
5 4046 6082 1750 7400
5 4896 6583 2779 7401
5 4505 5772 2649 7402
5 4875 8354 1790 7403
5 6889 9323 3977 7404
5 4537 6773 2331 7405
5 9804 9916 4457 7406
5 3759 8743 1758 7407
5 4976 8324 3267 7408
5 4286 8346 1761 7409
5 3442 7223 6926 7410
5 6493 10273 1615 7411
5 5736 8113 2318 7412
5 3754 7404 1567 7413
5 3991 7343 3306 7414
5 2019 2514 2059 7415
5 2267 7906 5014 7416
5 545 6527 4857 7417
5 1859 8931 8115 7418
5 4572 7842 3243 7419
5 5633 9992 6269 7420
5 2796 10024 7575 7421
5 2238 9218 7281 7422
5 5582 8149 2743 7423
5 1454 9921 6950 7424
5 7463 8555 3198 7425
5 1699 7088 3905 7426
5 9477 9908 2203 7427
5 3151 7482 7198 7428
5 2912 10181 8938 7429
5 5502 8578 2399 7430
5 4857 6551 544 7431
5 5588 9557 1781 7432
5 4980 7230 3002 7433
5 3935 9651 8982 7434
5 2802 8659 6201 7435
5 8561 9431 4002 7436
5 2752 8467 7442 7437
5 2481 8447 5368 7438
5 8811 9250 7015 7439
5 4601 6985 2074 7440
5 2678 8754 7569 7441
5 7538 10263 1529 7442
5 4729 8346 2981 7443
5 6044 6948 2637 7444
5 2365 8942 5518 7445
5 9299 9777 4945 7446
5 5702 7048 2931 7447
5 4636 6496 3209 7448
5 624 6339 4869 7449
5 720 6398 5034 7450
5 5749 10409 4196 7451
5 5083 7397 3753 7452
5 1523 7457 5710 7453
5 2185 6365 2594 7454
5 2331 7267 5399 7455
5 5034 6397 719 7456
5 4756 6276 2999 7457
5 5463 10179 1921 7458
5 7125 7977 2461 7459
5 6379 8890 2748 7460
5 3831 9433 1657 7461
5 3618 6999 2488 7462
5 2664 7340 4840 7463
5 3250 5808 5112 7464
5 965 5843 964 7465
5 963 5844 962 7466
5 5109 8800 3910 7467
5 2261 8897 6367 7468
5 3201 9852 7287 7469
5 5690 6041 2173 7470
5 6160 9987 2143 7471
5 7711 7995 3674 7472
5 794 5860 793 7473
5 3574 9194 4813 7474
5 4951 5634 2379 7475
5 3034 8837 8354 7476
5 1513 6814 4999 7477
5 792 5859 791 7478
5 2441 9390 5519 7479
5 4496 9396 1734 7480
5 4290 8776 3216 7481
5 5083 7293 1424 7482
5 6270 9621 1623 7483
5 2603 5800 5799 7484
5 496 6341 4877 7485
5 1109 5853 1108 7486
5 1111 5851 1110 7487
5 6001 8748 3373 7488
5 2031 6973 5875 7489
5 7371 10351 2777 7490
5 668 5863 667 7491
5 9298 9991 2197 7492
5 3807 9668 5337 7493
5 2735 8678 7565 7494
5 3187 10243 8644 7495
5 6659 9745 4024 7496
5 4636 6824 1463 7497
5 2597 7864 4525 7498
5 9794 10032 4001 7499
5 4705 6870 1761 7500
5 1920 6500 4616 7501
5 3852 7272 3028 7502
5 3918 8765 5516 7503
5 953 5854 952 7504
5 955 5852 954 7505
5 1742 7600 5120 7506
5 5176 7003 28 7507
5 3247 8485 7620 7508
5 2258 7509 4687 7509
5 1825 9580 9004 7510
5 5305 7836 2429 7511
5 6424 10564 4415 7512
5 6972 8340 3404 7513
5 4852 6390 902 7514
5 8126 10328 3156 7515
5 8379 8512 3645 7516
5 4006 7747 2663 7517
5 380 5869 379 7518
5 2433 7815 5692 7519
5 1716 8430 4131 7520
5 670 5862 669 7521
5 2749 9085 4903 7522
5 2463 7644 5364 7523
5 4512 8916 3387 7524
5 5451 10112 4136 7525
5 378 5868 377 7526
5 2954 7231 5356 7527
5 6142 6161 1807 7528
5 1988 8031 5088 7529
5 1766 6173 4148 7530
5 13 7113 12 7531
5 4869 6537 623 7532
5 5033 9979 2681 7533
5 2848 7503 6351 7534
5 400 5865 399 7535
5 3327 5685 3132 7536
5 4437 8867 5915 7537
5 2941 6885 5683 7538
5 398 5864 397 7539
5 1433 8855 4882 7540
5 4341 5840 1827 7541
5 3340 7648 7395 7542
5 2415 10570 4682 7543
5 3672 8969 5992 7544
5 4750 7301 1782 7545
5 4575 7349 1882 7546
5 4862 6842 1557 7547
5 5551 8656 2443 7548
5 2405 7239 5935 7549
5 4840 7340 1966 7550
5 1470 9558 6745 7551
5 5905 8542 1923 7552
5 1455 6153 4629 7553
5 2742 8170 5581 7554
5 4886 6349 477 7555
5 2011 6374 5280 7556
5 3624 8535 4811 7557
5 1528 8221 4825 7558
5 2969 6844 6057 7559
5 5410 10063 4253 7560
5 2588 8895 5002 7561
5 1290 7076 4818 7562
5 1619 5063 4776 7563
5 4306 8144 6146 7564
5 2422 9212 3971 7565
5 5382 8116 4356 7566
5 289 6443 5043 7567
5 3350 6925 6824 7568
5 7601 10167 4112 7569
5 2043 9306 4653 7570
5 4804 9137 2154 7571
5 2374 8632 3776 7572
5 3817 8553 1659 7573
5 4336 9952 5483 7574
5 5043 6442 288 7575
5 4833 9340 3692 7576
5 2764 6565 5499 7577
5 2184 4119 3141 7578
5 5244 6753 2609 7579
5 1476 10347 5362 7580
5 3414 10050 7285 7581
5 6436 9370 1711 7582
5 3028 9383 4818 7583
5 7575 8364 3345 7584
5 1571 9858 5826 7585
5 903 6666 4852 7586
5 3878 9007 2953 7587
5 2235 7057 4909 7588
5 4877 6571 495 7589
5 3396 6757 1533 7590
5 2349 7348 3869 7591
5 5317 7809 2910 7592
5 2202 7758 5205 7593
5 2263 9018 3592 7594
5 3806 7655 2277 7595
5 3771 8473 7790 7596
5 1548 6792 4975 7597
5 1806 6108 6080 7598
5 4965 6302 1561 7599
5 2017 8457 5368 7600
5 2612 6936 5695 7601
5 4137 8162 5495 7602
5 2450 6807 5385 7603
5 4863 7186 46 7604
5 2863 9821 5697 7605
5 6509 9281 2269 7606
5 1604 9630 6859 7607
5 5297 5888 2021 7608
5 5279 8201 4510 7609
5 7617 9664 3065 7610
5 4306 6960 1749 7611
5 5421 8773 2153 7612
5 1673 8102 5001 7613
5 844 5891 843 7614
5 842 5892 841 7615
5 1809 8797 5127 7616
5 2927 8353 5222 7617
5 3877 8169 4530 7618
5 3561 9437 5383 7619
5 2322 8987 3451 7620
5 8985 9758 4560 7621
5 5899 8412 2783 7622
5 3881 6713 3186 7623
5 4712 10323 3064 7624
5 3926 9835 8469 7625
5 5183 10135 1514 7626
5 5219 9473 1826 7627
5 1413 6095 5476 7628
5 3933 8970 2199 7629
5 2587 6450 6315 7630
5 5806 6696 2860 7631
5 4768 8564 6297 7632
5 2402 4928 3969 7633
5 3245 8766 5708 7634
5 1727 7807 4694 7635
5 7504 7604 3347 7636
5 4043 9852 2416 7637
5 3568 8934 2256 7638
5 2952 9598 7441 7639
5 2586 8918 8626 7640
5 1781 6606 4408 7641
5 7587 8203 3360 7642
5 6678 9389 3258 7643
5 4739 8425 3939 7644
5 2994 9293 7280 7645
5 5319 8192 3572 7646
5 2148 8973 6215 7647
5 1374 10299 4602 7648
5 6879 10467 2574 7649
5 2725 9758 8985 7650
5 2051 7268 5395 7651
5 478 6581 4886 7652
5 6925 9926 1463 7653
5 5624 8584 2715 7654
5 4790 7764 6711 7655
5 4920 5489 1771 7656
5 2207 7033 5247 7657
5 268 6460 5060 7658
5 5226 7943 2306 7659
5 6318 9906 4261 7660
5 5060 6459 267 7661
5 4901 9703 3889 7662
5 6069 7945 2169 7663
5 2502 6892 6132 7664
5 2738 9418 5561 7665
5 4615 9953 4836 7666
5 3141 5738 3963 7667
5 3556 10321 7374 7668
5 2558 6415 3793 7669
5 7469 9231 2306 7670
5 3109 6626 5801 7671
5 2831 6651 5126 7672
5 2989 6250 4766 7673
5 5632 6820 3187 7674
5 2002 9668 5160 7675
5 1465 7280 4425 7676
5 6086 9699 7805 7677
5 5409 6949 2711 7678
5 5594 10457 2644 7679
5 6344 8583 2172 7680
5 2486 5335 5144 7681
5 7318 10513 1692 7682
5 3628 8155 4936 7683
5 2773 6375 4911 7684
5 4934 10200 4101 7685
5 3884 7969 2207 7686
5 7570 10612 3378 7687
5 4819 8141 3116 7688
5 7227 7468 2369 7689
5 2106 10328 8126 7690
5 4521 7960 3053 7691
5 2406 7213 6265 7692
5 2734 8507 5523 7693
5 2207 7963 3884 7694
5 4154 10179 5463 7695
5 2429 7861 5325 7696
5 10487 10571 2418 7697
5 4463 9181 1790 7698
5 4818 6775 1289 7699
5 5314 6748 1899 7700
5 4734 10214 3731 7701
5 4950 6638 2802 7702
5 1383 9591 1382 7703
5 3652 8678 5919 7704
5 2968 9131 4789 7705
5 4896 6519 452 7706
5 1993 6688 4934 7707
5 4520 7714 2362 7708
5 1445 8780 4566 7709
5 6230 9180 6229 7710
5 5730 8840 2976 7711
5 6483 8629 2503 7712
5 5371 5375 2975 7713
5 2353 7017 4369 7714
5 5522 8516 2733 7715
5 2654 6997 4639 7716
5 5289 6330 1900 7717
5 2908 6867 5264 7718
5 2923 6974 6452 7719
5 1128 6423 4872 7720
5 1720 10356 8867 7721
5 47 6902 4863 7722
5 7313 9995 4262 7723
5 644 5914 643 7724
5 2807 6631 4937 7725
5 453 6583 4896 7726
5 1366 9500 1365 7727
5 4960 6911 2005 7728
5 4836 8546 2645 7729
5 5831 9384 4451 7730
5 2298 9348 3641 7731
5 3124 7182 4874 7732
5 3619 9934 5261 7733
5 1755 8670 8133 7734
5 1680 9962 8052 7735
5 6022 9901 7122 7736
5 5206 7029 3035 7737
5 2191 5372 2964 7738
5 6201 7038 2802 7739
5 8961 9375 1877 7740
5 755 5929 754 7741
5 4680 8435 3734 7742
5 6245 8744 1692 7743
5 6805 9670 4722 7744
5 753 5928 752 7745
5 715 5934 714 7746
5 58 6084 57 7747
5 8718 8720 3675 7748
5 2370 8862 4885 7749
5 8938 10181 4673 7750
5 713 5933 712 7751
5 1713 6355 5341 7752
5 9117 10008 5521 7753
5 4295 10295 3465 7754
5 3474 9241 5861 7755
5 4882 8855 2550 7756
5 3805 8704 2218 7757
5 4305 9382 6678 7758
5 6711 9180 1855 7759
5 4915 6371 1011 7760
5 2229 8549 6187 7761
5 2218 8705 3805 7762
5 15 7438 5292 7763
5 7138 10265 3586 7764
5 6146 9886 4306 7765
5 2276 9572 4692 7766
5 2523 9707 5944 7767
5 4749 6576 2378 7768
5 4740 9037 3949 7769
5 4573 7431 7324 7770
5 4911 6375 969 7771
5 2442 9432 4300 7772
5 5029 6264 1512 7773
5 2474 6241 4996 7774
5 4872 6693 1127 7775
5 7668 7710 1670 7776
5 4654 8194 2335 7777
5 2799 7706 5735 7778
5 4300 9432 6434 7779
5 5490 7366 2076 7780
5 2472 7542 3609 7781
5 4018 7283 2990 7782
5 1915 5876 4484 7783
5 3864 8835 5077 7784
5 3134 10628 5274 7785
5 3572 8824 5318 7786
5 5850 9165 3722 7787
5 4062 7952 2334 7788
5 1928 6928 5375 7789
5 5495 8162 1842 7790
5 5045 8282 2436 7791
5 2174 7596 4979 7792
5 5379 6271 3319 7793
5 5981 8017 1444 7794
5 4179 7322 2567 7795
5 3089 6527 5665 7796
5 3001 10529 4779 7797
5 5180 6197 2835 7798
5 5841 9576 2394 7799
5 5062 10314 2291 7800
5 6697 7378 3195 7801
5 2904 7724 5692 7802
5 6130 10511 5282 7803
5 1085 5931 1084 7804
5 1545 7935 3823 7805
5 5627 9808 1475 7806
5 4928 10613 3455 7807
5 3515 9693 5830 7808
5 4582 9826 7163 7809
5 7030 7520 2832 7810
5 7255 9369 4063 7811
5 7457 9866 2642 7812
5 5998 6551 3090 7813
5 1544 8876 5224 7814
5 2564 7655 3806 7815
5 3122 6762 4677 7816
5 3044 8065 6851 7817
5 6187 8549 2807 7818
5 4069 8888 7793 7819
5 2175 8713 7782 7820
5 5943 10034 3097 7821
5 3218 8947 4795 7822
5 822 5938 821 7823
5 2844 8998 6432 7824
5 706 5949 705 7825
5 3455 8602 7311 7826
5 3708 9418 4864 7827
5 4363 6174 3107 7828
5 4726 6243 2075 7829
5 704 5948 703 7830
5 678 5960 677 7831
5 2641 5923 5200 7832
5 4492 6746 2741 7833
5 1172 5970 1171 7834
5 901 6390 4918 7835
5 4918 6391 900 7836
5 9449 10113 3381 7837
5 6432 8998 2259 7838
5 5355 6919 1564 7839
5 899 6391 4919 7840
5 5987 7544 3388 7841
5 1174 5969 1173 7842
5 4919 6392 898 7843
5 1799 9045 5067 7844
5 4617 9667 3319 7845
5 6880 8274 2000 7846
5 3867 7081 5545 7847
5 2881 6832 5639 7848
5 7421 7490 2248 7849
5 3810 8190 1660 7850
5 4438 7177 2843 7851
5 696 5955 695 7852
5 4926 6383 950 7853
5 2247 9738 5702 7854
5 2246 9672 5002 7855
5 2434 9974 6212 7856
5 694 5954 693 7857
5 4511 6992 2820 7858
5 4547 8442 3299 7859
5 2045 6436 5205 7860
5 3869 9955 4611 7861
5 1467 10529 5707 7862
5 2501 5287 4844 7863
5 5857 7456 3454 7864
5 2892 6904 5075 7865
5 2038 9335 5497 7866
5 8469 9835 2915 7867
5 6021 8843 2217 7868
5 1012 6611 4915 7869
5 2377 8499 4449 7870
5 2975 6170 5371 7871
5 2067 8494 6265 7872
5 5893 9051 3662 7873
5 1508 9250 8095 7874
5 3555 10544 5964 7875
5 970 6621 4911 7876
5 7672 10160 2808 7877
5 4253 10063 7538 7878
5 4616 9275 2743 7879
5 6033 6267 3415 7880
5 3766 6823 1528 7881
5 5337 7249 1559 7882
5 1579 10609 4968 7883
5 3306 8184 3991 7884
5 3445 8624 6123 7885
5 7829 8575 5020 7886
5 2267 9013 3585 7887
5 1702 9255 4947 7888
5 2245 8943 5837 7889
5 2109 8642 6887 7890
5 1723 10472 8731 7891
5 4943 8545 3172 7892
5 4602 9471 5939 7893
5 3988 5504 1363 7894
5 4711 10031 1910 7895
5 2692 8384 6186 7896
5 5026 9858 7159 7897
5 2452 9773 3931 7898
5 1558 9590 5493 7899
5 4970 9243 5634 7900
5 4998 10402 2662 7901
5 680 5959 679 7902
5 3827 5639 2478 7903
5 2170 6903 4569 7904
5 4882 9536 4102 7905
5 3046 9621 9526 7906
5 3605 6488 1793 7907
5 5855 9283 4212 7908
5 8298 9489 4812 7909
5 5763 9326 2376 7910
5 8409 8881 1520 7911
5 6622 9700 3061 7912
5 5375 7394 1928 7913
5 4652 7934 3152 7914
5 7405 9759 4423 7915
5 3638 9300 7008 7916
5 1448 6381 6038 7917
5 6862 8125 1446 7918
5 336 5978 335 7919
5 2280 6549 3506 7920
5 1675 7764 4790 7921
5 334 5977 333 7922
5 7166 9667 2361 7923
5 275 5991 274 7924
5 3366 8603 7672 7925
5 2273 10057 6122 7926
5 566 5940 565 7927
5 5154 5279 1879 7928
5 273 5990 272 7929
5 4876 9091 2133 7930
5 5487 7440 4109 7931
5 2816 6116 5016 7932
5 1047 5958 1046 7933
5 1355 7037 1354 7934
5 993 6610 4929 7935
5 1504 10567 5757 7936
5 2557 9490 5401 7937
5 1049 5957 1048 7938
5 4376 9843 1889 7939
5 3761 7221 1497 7940
5 5649 6778 2937 7941
5 5225 5455 1432 7942
5 7882 9611 3078 7943
5 4814 10483 8315 7944
5 951 6627 4926 7945
5 263 6000 262 7946
5 5245 7470 2246 7947
5 1687 8678 4969 7948
5 7008 10332 2311 7949
5 1113 6395 4938 7950
5 261 5999 260 7951
5 911 5962 910 7952
5 4113 8542 5905 7953
5 4731 6600 1563 7954
5 909 5963 908 7955
5 5462 8302 2200 7956
5 2811 8386 4036 7957
5 4887 9426 3725 7958
5 2663 8700 3823 7959
5 4184 7910 2751 7960
5 3728 6862 3057 7961
5 4932 6423 1129 7962
5 3679 8273 4756 7963
5 4571 7825 3070 7964
5 7243 9451 1584 7965
5 3777 10042 5322 7966
5 1449 9715 4262 7967
5 2271 9038 3588 7968
5 5372 8607 2964 7969
5 2337 7393 5489 7970
5 1952 7231 6825 7971
5 4825 7539 2485 7972
5 4990 6363 586 7973
5 3003 6968 6109 7974
5 309 5996 308 7975
5 1365 9500 5131 7976
5 307 5995 306 7977
5 5405 9495 2557 7978
5 4763 6857 3293 7979
5 1693 8711 4439 7980
5 6898 9487 2839 7981
5 4891 9348 8292 7982
5 4766 8256 3659 7983
5 4443 8711 1693 7984
5 3495 7527 1525 7985
5 1130 6422 4932 7986
5 4274 10005 3292 7987
5 1639 7194 5011 7988
5 5935 8459 2404 7989
5 2287 10539 7242 7990
5 2640 8361 4140 7991
5 2585 7621 3113 7992
5 5366 7915 3612 7993
5 3435 10528 4578 7994
5 3223 8372 3815 7995
5 4375 8487 2504 7996
5 200 6553 4873 7997
5 1547 7642 4373 7998
5 1404 7289 5856 7999
5 1124 5986 1123 8000
5 2256 9644 4379 8001
5 2794 6829 4469 8002
5 6367 8266 2838 8003
5 2896 9971 5121 8004
5 3898 8842 1753 8005
5 6211 6226 1808 8006
5 1906 7926 4883 8007
5 7675 9093 2822 8008
5 4931 6422 1131 8009
5 1594 9906 6318 8010
5 4505 7536 1710 8011
5 4480 7481 2066 8012
5 6989 9450 4019 8013
5 1441 8980 4741 8014
5 5105 6648 1245 8015
5 1811 6982 5201 8016
5 4502 7219 1371 8017
5 7983 9629 3752 8018
5 3114 5438 5437 8019
5 4641 5607 2392 8020
5 5101 10100 3803 8021
5 6268 8710 4008 8022
5 7576 7716 3383 8023
5 6121 7454 1576 8024
5 4873 6890 199 8025
5 1565 8665 4977 8026
5 6123 8645 4487 8027
5 3000 9427 6892 8028
5 2414 9267 7030 8029
5 5661 7788 4120 8030
5 8371 9301 5231 8031
5 7336 10570 2713 8032
5 1132 6430 4931 8033
5 8191 9812 3068 8034
5 907 5982 906 8035
5 2994 7280 5114 8036
5 728 6002 727 8037
5 905 5983 904 8038
5 1178 6019 1177 8039
5 3893 10415 2400 8040
5 2846 10357 5265 8041
5 1479 10073 6169 8042
5 3000 6981 6535 8043
5 4652 9547 3629 8044
5 5498 8747 4575 8045
5 589 6485 4989 8046
5 1126 5985 1125 8047
5 3376 7634 7564 8048
5 2835 5225 5180 8049
5 1246 6647 5105 8050
5 1180 6018 1179 8051
5 2966 6666 5983 8052
5 4938 6649 1112 8053
5 4986 6036 2462 8054
5 396 6656 4937 8055
5 2624 7674 5174 8056
5 4937 6631 395 8057
5 5115 6454 2020 8058
5 4473 6863 2800 8059
5 3393 10381 4296 8060
5 2777 10351 6788 8061
5 8306 9502 1623 8062
5 3794 8996 2227 8063
5 5185 7551 2905 8064
5 2657 6130 5454 8065
5 4950 6414 848 8066
5 4952 6411 867 8067
5 254 6028 253 8068
5 252 6027 251 8069
5 866 6411 4953 8070
5 3236 7922 5905 8071
5 4953 6412 865 8072
5 3509 8481 5400 8073
5 7153 10541 1895 8074
5 5187 6725 2858 8075
5 3677 10218 4567 8076
5 5518 8859 2095 8077
5 6211 9825 2176 8078
5 2675 8243 6573 8079
5 2227 9009 3794 8080
5 4929 8088 992 8081
5 4516 9443 5140 8082
5 2320 9258 3591 8083
5 7502 10576 2892 8084
5 3814 8240 2128 8085
5 4075 9499 9211 8086
5 4281 10401 5703 8087
5 4412 7683 2447 8088
5 3625 9929 4814 8089
5 5400 8481 2025 8090
5 3908 9336 1709 8091
5 3052 5486 5485 8092
5 5314 7931 2381 8093
5 3077 5979 3584 8094
5 5787 7722 2817 8095
5 3439 7906 7571 8096
5 1184 6049 1183 8097
5 2528 6982 5378 8098
5 3230 6503 4314 8099
5 3455 9101 4928 8100
5 2324 9126 4377 8101
5 2208 9117 5521 8102
5 5038 7333 1874 8103
5 6734 7356 1724 8104
5 2780 8224 5636 8105
5 6343 7768 1530 8106
5 3427 8646 5817 8107
5 7637 10149 4675 8108
5 4503 8414 5252 8109
5 2459 8740 3845 8110
5 6834 8440 1557 8111
5 7794 8111 4650 8112
5 4978 8602 3455 8113
5 1186 6048 1185 8114
5 7098 9039 3905 8115
5 386 6012 385 8116
5 3782 9090 4922 8117
5 4897 7663 3570 8118
5 5243 8115 2935 8119
5 837 6417 4958 8120
5 4958 6418 836 8121
5 4223 10435 5899 8122
5 835 6418 4959 8123
5 4699 8912 1738 8124
5 4989 7210 588 8125
5 5436 7705 3579 8126
5 3821 8813 2223 8127
5 4730 5658 1949 8128
5 4189 8040 2967 8129
5 1190 6056 1189 8130
5 2481 9785 3777 8131
5 4815 7729 2512 8132
5 2233 10543 5758 8133
5 587 7210 4990 8134
5 5635 8232 2779 8135
5 384 6011 383 8136
5 1796 8628 5204 8137
5 6099 6877 2995 8138
5 4136 9444 8239 8139
5 2223 8818 3821 8140
5 1192 6055 1191 8141
5 8546 9867 5330 8142
5 2328 8883 4689 8143
5 228 6058 227 8144
5 4948 6669 1121 8145
5 2098 8064 4916 8146
5 1759 9693 7434 8147
5 3680 9431 8561 8148
5 2812 9859 5045 8149
5 2974 7110 6312 8150
5 5701 7629 2895 8151
5 382 6015 381 8152
5 4803 7111 1913 8153
5 543 5998 542 8154
5 1196 6061 1195 8155
5 6224 8875 2137 8156
5 4045 9910 2455 8157
5 849 6638 4950 8158
5 1198 6060 1197 8159
5 2759 8609 5542 8160
5 226 6057 225 8161
5 3621 7267 2331 8162
5 1122 6679 4948 8163
5 5362 5848 1476 8164
5 868 6655 4952 8165
5 3877 9080 2439 8166
5 2125 7829 5020 8167
5 2931 6515 5716 8168
5 5720 9682 2801 8169
5 2833 8197 5384 8170
5 2710 7331 4219 8171
5 2048 7501 6020 8172
5 131 6109 130 8173
5 814 6026 813 8174
5 6567 9132 3133 8175
5 4880 7041 59 8176
5 1479 9081 5516 8177
5 5543 8614 2760 8178
5 2824 6506 5856 8179
5 7281 8804 2810 8180
5 1655 8747 3922 8181
5 3927 10012 4771 8182
5 812 6025 811 8183
5 3131 7671 4996 8184
5 4304 7287 1540 8185
5 60 6715 4880 8186
5 6354 10327 6303 8187
5 8192 8824 3572 8188
5 1984 7386 4706 8189
5 840 6024 839 8190
5 3208 9405 7700 8191
5 3612 8508 5367 8192
5 5429 10316 3152 8193
5 4331 9179 1552 8194
5 5149 6153 1455 8195
5 3637 8960 2311 8196
5 2658 7168 4764 8197
5 7134 7500 3229 8198
5 3014 6743 4813 8199
5 4821 6136 3365 8200
5 6310 7044 2123 8201
5 9519 10071 3251 8202
5 3812 10369 5257 8203
5 2789 5637 5514 8204
5 6247 6251 1809 8205
5 4489 6763 2768 8206
5 1705 8770 5909 8207
5 8134 8767 1408 8208
5 4781 7977 1887 8209
5 4548 9520 1735 8210
5 1676 9953 5320 8211
5 4884 9534 3337 8212
5 4971 10422 9820 8213
5 3943 8257 5890 8214
5 3189 6962 6961 8215
5 1748 6995 4406 8216
5 4959 6674 834 8217
5 2624 8724 7674 8218
5 1945 10142 7058 8219
5 4387 7891 6267 8220
5 6162 9460 2865 8221
5 3045 8308 4764 8222
5 4183 5031 1491 8223
5 8025 8285 1674 8224
5 5121 7974 2896 8225
5 2932 8314 4678 8226
5 5274 10628 2864 8227
5 5164 8449 5603 8228
5 4631 10022 2367 8229
5 1978 6786 4697 8230
5 4874 7326 3124 8231
5 5265 10357 3544 8232
5 6307 10330 3564 8233
5 2285 8930 4339 8234
5 5971 10280 3890 8235
5 3463 8003 4346 8236
5 2008 7867 5056 8237
5 3789 6791 5822 8238
5 8961 9268 4434 8239
5 4297 7584 2171 8240
5 4643 9322 1821 8241
5 7242 10539 4531 8242
5 4772 8278 2290 8243
5 2884 6810 5350 8244
5 5827 9602 1605 8245
5 4046 10473 6796 8246
5 2060 9669 6509 8247
5 3483 8767 8134 8248
5 7976 7977 4781 8249
5 3156 10328 4349 8250
5 24 6848 23 8251
5 5915 9947 4437 8252
5 5439 6947 3691 8253
5 2959 8368 5630 8254
5 5541 9437 2384 8255
5 3300 9184 7549 8256
5 210 6099 209 8257
5 5480 7924 2313 8258
5 9858 10324 5826 8259
5 2236 9030 8339 8260
5 4132 8984 2329 8261
5 8644 10243 4088 8262
5 3900 8224 2219 8263
5 5702 7382 2247 8264
5 4359 10532 2211 8265
5 8016 8770 3367 8266
5 6081 10310 4647 8267
5 3224 4119 2184 8268
5 3958 9487 6898 8269
5 2219 8232 3900 8270
5 4236 7098 1815 8271
5 2254 8596 5114 8272
5 4961 10404 3295 8273
5 3276 8645 4253 8274
5 4743 8462 3798 8275
5 4792 10168 3698 8276
5 1947 9286 4565 8277
5 1715 9361 6243 8278
5 9 7550 3784 8279
5 208 6098 207 8280
5 3081 9696 5818 8281
5 2449 10331 5385 8282
5 4886 6581 2817 8283
5 3971 7402 5333 8284
5 4031 9333 3315 8285
5 2448 6489 5953 8286
5 3441 8269 8213 8287
5 9277 10042 3777 8288
5 4220 7444 3148 8289
5 3950 7751 2210 8290
5 751 6065 750 8291
5 1821 10495 5727 8292
5 2208 9933 9117 8293
5 1712 6560 5309 8294
5 2985 7520 5373 8295
5 4069 9795 1844 8296
5 2210 7613 3950 8297
5 2926 8088 4929 8298
5 2963 7342 5464 8299
5 4146 8759 2686 8300
5 4539 9801 1952 8301
5 3380 7572 5701 8302
5 2014 6854 5475 8303
5 1664 7880 3925 8304
5 3819 9402 5834 8305
5 1406 7414 4334 8306
5 161 6135 160 8307
5 5234 5906 1928 8308
5 159 6134 158 8309
5 2511 9763 5012 8310
5 2125 8783 5348 8311
5 2654 9125 5824 8312
5 2508 9354 6866 8313
5 6441 6671 2665 8314
5 2353 8189 5362 8315
5 3028 7273 2387 8316
5 7956 8717 3668 8317
5 6243 9361 3788 8318
5 3340 10060 4357 8319
5 1459 6855 4664 8320
5 2941 7050 4688 8321
5 6053 9712 2216 8322
5 4523 8194 3651 8323
5 3252 7448 7295 8324
5 6542 7124 1737 8325
5 5108 6159 1886 8326
5 4776 9953 4615 8327
5 5316 8160 2465 8328
5 4472 7762 3428 8329
5 5733 8718 2730 8330
5 5663 8220 2796 8331
5 7805 9718 2790 8332
5 3664 8582 4724 8333
5 771 6687 4972 8334
5 2858 9347 8269 8335
5 3544 10272 5264 8336
5 2756 10609 5193 8337
5 2347 9877 4888 8338
5 1692 8744 5212 8339
5 1118 6072 1117 8340
5 2760 7673 4272 8341
5 5096 6632 2075 8342
5 3399 7680 7631 8343
5 5246 7849 2041 8344
5 1120 6071 1119 8345
5 2779 9061 6920 8346
5 3753 7974 2118 8347
5 748 6464 4988 8348
5 2795 8223 5662 8349
5 4972 6719 770 8350
5 4988 6463 747 8351
5 746 6463 4987 8352
5 585 6363 5052 8353
5 2739 10189 5534 8354
5 300 6492 5196 8355
5 2823 5748 4838 8356
5 3762 6280 5336 8357
5 6272 6278 1810 8358
5 9365 10601 3700 8359
5 7378 10095 2188 8360
5 4772 5830 1759 8361
5 5196 6491 299 8362
5 3665 9683 5360 8363
5 5985 6693 2983 8364
5 7056 8265 1606 8365
5 3248 10164 10150 8366
5 1378 9883 4417 8367
5 2493 10382 10049 8368
5 1465 10187 5114 8369
5 6508 8607 3272 8370
5 5400 10377 2727 8371
5 6507 7547 2118 8372
5 5757 8235 3551 8373
5 6247 9922 2181 8374
5 4962 7205 1338 8375
5 2266 7971 4995 8376
5 769 6088 768 8377
5 2903 7325 6721 8378
5 4771 6895 1553 8379
5 1263 6192 1262 8380
5 767 6087 766 8381
5 3929 7901 1662 8382
5 4247 8544 2370 8383
5 1837 6603 4933 8384
5 5387 8068 2183 8385
5 4841 6225 1768 8386
5 5264 10272 2908 8387
5 5467 9579 2565 8388
5 7109 9195 4509 8389
5 1618 7436 5496 8390
5 4567 8284 2099 8391
5 2594 5176 3861 8392
5 6920 9061 3767 8393
5 3096 10615 8977 8394
5 4720 7827 2079 8395
5 1828 10032 4711 8396
5 3061 9700 7880 8397
5 3573 7372 5896 8398
5 2368 9866 4630 8399
5 5913 6188 2458 8400
5 1265 6189 1264 8401
5 2813 7348 6285 8402
5 7812 10407 2831 8403
5 4747 9272 2416 8404
5 345 6102 344 8405
5 5190 7773 414 8406
5 1957 6369 5762 8407
5 7331 7404 4219 8408
5 343 6101 342 8409
5 7946 8329 1526 8410
5 415 7999 5190 8411
5 4538 8035 1728 8412
5 4952 6655 2832 8413
5 2968 7511 5507 8414
5 341 6105 340 8415
5 4597 6729 2170 8416
5 4795 8947 2655 8417
5 6582 10429 4215 8418
5 5491 9970 2457 8419
5 3301 5956 3302 8420
5 2180 6874 6210 8421
5 4650 10078 2312 8422
5 7001 9457 3048 8423
5 155 6164 154 8424
5 3341 6315 4748 8425
5 1297 6248 1296 8426
5 5041 5593 2958 8427
5 4084 9422 2559 8428
5 2003 7577 5005 8429
5 3178 9932 7411 8430
5 1776 6244 4796 8431
5 2836 9123 7870 8432
5 4972 6687 2838 8433
5 5910 10410 4207 8434
5 4987 6710 745 8435
5 1643 7148 3768 8436
5 5620 7963 2991 8437
5 6514 6635 4381 8438
5 5427 8723 3126 8439
5 4239 9954 5912 8440
5 8354 8837 4463 8441
5 153 6163 152 8442
5 5198 8117 3199 8443
5 2963 9044 4713 8444
5 5655 6210 2626 8445
5 3891 8577 5001 8446
5 2512 7795 4723 8447
5 2297 8083 4796 8448
5 4706 9573 1985 8449
5 4210 8101 2607 8450
5 6996 7568 4399 8451
5 4550 9945 7420 8452
5 4337 6653 2873 8453
5 2978 8666 5546 8454
5 4997 6482 710 8455
5 7537 7670 2942 8456
5 3304 8440 6834 8457
5 5393 8378 3636 8458
5 4494 7110 2974 8459
5 3061 7880 5241 8460
5 1574 7885 4889 8461
5 1481 7627 5602 8462
5 6498 8125 3104 8463
5 5074 7128 1868 8464
5 5913 6399 1595 8465
5 2565 9605 5484 8466
5 3088 7852 7585 8467
5 3636 8384 5392 8468
5 2242 10631 5832 8469
5 6661 7234 2011 8470
5 6279 6340 2726 8471
5 6205 6206 2535 8472
5 2135 8708 6654 8473
5 2091 9864 6079 8474
5 3870 8658 2230 8475
5 2099 8284 6271 8476
5 3786 9652 4547 8477
5 2230 8659 3870 8478
5 7200 8466 3364 8479
5 5601 5856 3115 8480
5 4758 9610 1733 8481
5 2491 6357 4104 8482
5 2371 9927 3946 8483
5 7508 8373 2339 8484
5 4847 6286 2674 8485
5 248 6138 247 8486
5 2563 6045 5524 8487
5 1440 7378 6697 8488
5 6037 9821 2863 8489
5 2637 8297 6833 8490
5 5755 9243 9161 8491
5 9422 9869 2559 8492
5 5486 6871 1495 8493
5 3722 10283 7719 8494
5 246 6137 245 8495
5 4113 9828 3372 8496
5 1501 7355 7256 8497
5 4884 6534 3947 8498
5 5423 8083 2297 8499
5 5195 7043 4491 8500
5 3858 8130 7607 8501
5 4177 8593 2659 8502
5 3527 7742 3873 8503
5 6004 6005 1503 8504
5 7177 9739 2843 8505
5 3307 9319 7545 8506
5 8656 8712 2914 8507
5 1730 7839 5112 8508
5 4677 7465 3122 8509
5 5233 6881 3098 8510
5 3862 7882 1653 8511
5 8114 9595 4003 8512
5 5362 8189 2522 8513
5 5823 10461 4303 8514
5 5407 9239 1626 8515
5 6993 8235 2203 8516
5 2006 10379 7253 8517
5 6366 9438 3719 8518
5 2168 10153 5833 8519
5 5050 10126 2147 8520
5 2214 5840 5611 8521
5 1585 9006 4436 8522
5 115 6194 114 8523
5 6272 9964 2187 8524
5 3159 10006 4888 8525
5 113 6193 112 8526
5 3554 5993 5992 8527
5 6348 8164 2792 8528
5 5587 7570 2357 8529
5 4806 7035 1916 8530
5 6095 8186 3700 8531
5 6915 9158 2412 8532
5 711 6742 4997 8533
5 5820 7844 2834 8534
5 2621 8227 4200 8535
5 5445 8467 1486 8536
5 2798 8309 5910 8537
5 6827 8252 2068 8538
5 2157 8192 5223 8539
5 8039 8637 5184 8540
5 3178 7095 4526 8541
5 1589 9745 6659 8542
5 1580 7734 3843 8543
5 3800 9973 5007 8544
5 4882 7814 1433 8545
5 2525 6453 4053 8546
5 2449 10156 4155 8547
5 7211 10085 4040 8548
5 5134 7548 2728 8549
5 5353 9620 1412 8550
5 6439 8368 3743 8551
5 532 6114 531 8552
5 6207 8956 2476 8553
5 530 6113 529 8554
5 3243 7832 4572 8555
5 2880 6741 5186 8556
5 6685 9325 5032 8557
5 5390 7467 1645 8558
5 2146 6724 6481 8559
5 6147 10433 3556 8560
5 1965 7511 7133 8561
5 4877 6341 2805 8562
5 2033 6947 5439 8563
5 1847 8552 5168 8564
5 3026 6223 5148 8565
5 53 6322 52 8566
5 5150 5967 1864 8567
5 6015 9998 2872 8568
5 2376 9530 5008 8569
5 3310 6493 4935 8570
5 7093 8510 4971 8571
5 2720 7798 4282 8572
5 2987 7258 6437 8573
5 3100 8502 5059 8574
5 4457 7286 1455 8575
5 4833 7123 1860 8576
5 4420 9915 6808 8577
5 4578 9549 1736 8578
5 5847 7712 2248 8579
5 3206 10149 7637 8580
5 1747 8646 6585 8581
5 4240 7824 6540 8582
5 4883 9042 3555 8583
5 1501 7256 6940 8584
5 2497 10536 5370 8585
5 2171 7584 5293 8586
5 2784 8704 5577 8587
5 1954 7841 4448 8588
5 3751 9346 5363 8589
5 4440 10215 5624 8590
5 9048 9596 1359 8591
5 6453 9498 1548 8592
5 5052 7407 584 8593
5 5595 9507 1783 8594
5 5219 5428 3039 8595
5 5578 8705 2785 8596
5 1502 6521 3920 8597
5 6213 10081 2660 8598
5 5898 7403 3769 8599
5 3209 8168 4636 8600
5 583 7407 5054 8601
5 5054 7409 582 8602
5 5496 7436 2714 8603
5 2887 5824 5414 8604
5 2437 7578 4165 8605
5 5150 9462 5967 8606
5 1564 6808 5355 8607
5 782 6149 781 8608
5 2400 10415 7778 8609
5 780 6148 779 8610
5 4388 7616 7401 8611
5 4279 9749 3249 8612
5 5606 8311 3826 8613
5 8883 9420 4689 8614
5 3798 9821 2364 8615
5 7062 9841 3511 8616
5 2469 9038 6254 8617
5 5682 8299 2809 8618
5 4998 6569 243 8619
5 4915 6611 2834 8620
5 4804 6918 1431 8621
5 4906 5638 3230 8622
5 1737 10145 5259 8623
5 7513 8095 4219 8624
5 2691 7581 5023 8625
5 4514 9429 5496 8626
5 6420 8872 3713 8627
5 1095 6145 1094 8628
5 5169 9284 2257 8629
5 2808 8303 5681 8630
5 4039 10142 7206 8631
5 3600 9115 7886 8632
5 4374 10339 3182 8633
5 2104 7879 7390 8634
5 5881 10606 4380 8635
5 1722 8419 5629 8636
5 1709 7115 6730 8637
5 4673 8206 5550 8638
5 1356 7866 7865 8639
5 8060 9451 4607 8640
5 2716 8583 6344 8641
5 4081 9222 6506 8642
5 6268 8540 2253 8643
5 5880 7748 2332 8644
5 2345 9360 6434 8645
5 1302 6293 1301 8646
5 68 6233 67 8647
5 70 6235 69 8648
5 4060 9465 1784 8649
5 732 6167 731 8650
5 5004 6545 237 8651
5 2900 7829 4279 8652
5 1955 7786 4868 8653
5 238 6574 5004 8654
5 5071 6462 1027 8655
5 5066 6448 646 8656
5 6079 10350 2091 8657
5 730 6166 729 8658
5 3402 8673 4388 8659
5 2821 8540 6268 8660
5 4560 7464 2224 8661
5 236 6545 5003 8662
5 1697 9357 6277 8663
5 244 6818 4998 8664
5 5280 6374 2690 8665
5 1490 10598 5596 8666
5 5003 6546 235 8667
5 5518 8942 3765 8668
5 5477 7444 1743 8669
5 3778 8857 5742 8670
5 4497 9305 2805 8671
5 5452 7048 1936 8672
5 2250 8454 6227 8673
5 6227 8454 2818 8674
5 6169 10073 3813 8675
5 2768 7966 4489 8676
5 4421 10101 1755 8677
5 4027 9514 8686 8678
5 5271 10108 2073 8679
5 3901 8549 2229 8680
5 6209 10278 4671 8681
5 446 6429 5082 8682
5 3569 10141 8011 8683
5 1525 7527 5336 8684
5 3198 8555 5858 8685
5 8094 8682 5202 8686
5 7452 8444 1509 8687
5 4162 6950 2470 8688
5 2493 7329 5399 8689
5 1460 8486 6177 8690
5 6266 6300 2701 8691
5 5844 7875 2847 8692
5 2055 9577 6227 8693
5 1661 5608 4535 8694
5 3039 9548 8832 8695
5 4487 8645 3276 8696
5 1565 10027 7129 8697
5 107 6217 106 8698
5 2229 8558 3901 8699
5 109 6218 108 8700
5 8667 10476 3429 8701
5 2219 8224 6805 8702
5 5887 6968 3003 8703
5 5161 8639 3329 8704
5 1997 7312 5015 8705
5 1339 6980 4962 8706
5 5019 6520 313 8707
5 5854 7845 2850 8708
5 5583 8793 2291 8709
5 9526 9621 3704 8710
5 5444 8126 2265 8711
5 3413 9459 2296 8712
5 1412 8286 7637 8713
5 5610 6661 2709 8714
5 5301 10391 2220 8715
5 4263 7975 1633 8716
5 5548 10008 9755 8717
5 4454 9883 1379 8718
5 5081 6477 443 8719
5 7018 7954 3774 8720
5 5423 6257 1860 8721
5 7408 9564 4660 8722
5 5089 6817 2883 8723
5 2105 6910 5747 8724
5 8747 9127 3922 8725
5 4133 8571 3136 8726
5 8848 9616 4121 8727
5 5309 6560 4020 8728
5 4349 7675 2822 8729
5 5374 9856 1829 8730
5 6393 10064 4787 8731
5 4967 10567 3323 8732
5 1963 7342 6954 8733
5 2388 8220 3932 8734
5 1030 6596 5070 8735
5 423 7298 5053 8736
5 2866 6544 4783 8737
5 3932 8223 2388 8738
5 4373 7642 2525 8739
5 2286 8279 5509 8740
5 5261 9934 7006 8741
5 5053 7303 422 8742
5 3999 8579 5453 8743
5 2739 7128 5074 8744
5 3020 7535 2146 8745
5 5254 10493 2222 8746
5 5258 10206 3001 8747
5 2475 6031 4387 8748
5 5987 8253 1640 8749
5 5111 10313 1486 8750
5 1627 8414 6617 8751
5 5726 7074 3563 8752
5 2807 8549 5644 8753
5 5161 9207 2634 8754
5 3776 7196 2374 8755
5 4704 9560 9004 8756
5 6249 8934 2272 8757
5 3131 6749 4287 8758
5 2520 9915 4420 8759
5 2150 8140 8132 8760
5 4816 7883 1388 8761
5 5151 9567 2513 8762
5 2976 8840 5408 8763
5 2852 6674 4959 8764
5 3705 8868 4876 8765
5 6901 9052 4169 8766
5 5017 6765 319 8767
5 2513 9567 5156 8768
5 5255 8107 2206 8769
5 4661 9518 2412 8770
5 277 6200 276 8771
5 5021 6758 1154 8772
5 1941 5942 5941 8773
5 4890 8345 4055 8774
5 4277 8144 1749 8775
5 320 6780 5017 8776
5 4889 7885 3072 8777
5 3002 6957 5886 8778
5 1155 6718 5021 8779
5 2009 9168 7238 8780
5 3616 8691 4899 8781
5 314 6767 5019 8782
5 2146 7534 3022 8783
5 3398 8900 5074 8784
5 7684 7806 3430 8785
5 6093 10587 3368 8786
5 5135 10091 2240 8787
5 427 6183 426 8788
5 5087 6457 1075 8789
5 7453 8685 2479 8790
5 5481 9559 1831 8791
5 1028 7338 5071 8792
5 5070 7338 1029 8793
5 5061 6950 4162 8794
5 425 6182 424 8795
5 4382 8670 6377 8796
5 1074 6457 5090 8797
5 647 7314 5066 8798
5 4017 7010 2247 8799
5 2215 9597 6819 8800
5 2149 7915 5222 8801
5 3596 7809 4751 8802
5 5109 8982 1754 8803
5 2420 8702 3709 8804
5 3318 8792 5725 8805
5 5792 6625 3149 8806
5 6270 10446 9621 8807
5 5065 7314 648 8808
5 2360 8631 5024 8809
5 2388 8223 6768 8810
5 4938 6395 2827 8811
5 5817 8646 1747 8812
5 5440 8326 3384 8813
5 4539 10198 1831 8814
5 3402 7401 6117 8815
5 2034 7251 5107 8816
5 649 7315 5065 8817
5 2333 8620 3982 8818
5 6578 9010 3425 8819
5 5093 6466 1087 8820
5 4647 9088 6081 8821
5 5425 8234 3666 8822
5 2934 7321 6110 8823
5 2933 10048 8192 8824
5 5441 10502 5262 8825
5 2707 5292 3682 8826
5 6331 7899 2961 8827
5 4579 8931 1859 8828
5 4977 7042 1565 8829
5 5433 8132 3671 8830
5 3579 7705 5198 8831
5 5532 9097 1757 8832
5 1801 9816 8018 8833
5 5692 7815 3482 8834
5 3096 7776 6202 8835
5 2579 6933 4010 8836
5 5346 7748 1472 8837
5 1712 10579 4350 8838
5 6367 8897 4060 8839
5 3816 6504 4238 8840
5 2699 9356 6606 8841
5 3666 8238 5424 8842
5 3671 8140 5434 8843
5 2727 10377 10315 8844
5 4397 9719 2267 8845
5 5557 9212 4862 8846
5 5360 8911 2971 8847
5 2801 8658 5625 8848
5 2247 7382 4017 8849
5 2504 9564 5458 8850
5 5432 5980 3064 8851
5 5082 7365 445 8852
5 6510 6556 3990 8853
5 2644 8024 5594 8854
5 5626 8659 2802 8855
5 651 6199 650 8856
5 3669 8034 1430 8857
5 4926 6627 2850 8858
5 444 7365 5081 8859
5 6935 9612 4176 8860
5 5014 9032 2274 8861
5 8079 8215 3519 8862
5 4641 10527 5607 8863
5 1502 7417 3762 8864
5 5524 9720 2563 8865
5 6010 7126 1950 8866
5 2657 5454 5396 8867
5 2302 9324 3633 8868
5 3089 8642 4857 8869
5 2086 7416 6490 8870
5 5925 6959 3010 8871
5 653 6198 652 8872
5 2387 7240 7239 8873
5 7114 8471 3488 8874
5 5040 6543 1161 8875
5 3009 6958 5924 8876
5 5036 7150 1507 8877
5 4491 9830 5430 8878
5 4214 8022 6287 8879
5 2421 9601 3301 8880
5 7239 7240 1907 8881
5 2818 8454 5678 8882
5 5091 6615 1071 8883
5 5731 6609 3144 8884
5 2514 3038 2059 8885
5 4119 5974 3141 8886
5 2854 7962 6497 8887
5 3322 8055 5207 8888
5 7585 7852 3733 8889
5 2768 9781 5253 8890
5 4213 7661 2482 8891
5 5550 8206 3838 8892
5 3738 9508 5358 8893
5 5679 8460 2819 8894
5 7718 9863 3975 8895
5 4224 8380 2636 8896
5 1566 5472 4474 8897
5 2105 9139 4052 8898
5 7558 9981 2907 8899
5 6847 9779 1597 8900
5 5478 9011 4435 8901
5 4531 10539 1804 8902
5 5075 7306 2892 8903
5 9168 9761 5234 8904
5 3164 8628 7137 8905
5 1942 8904 8201 8906
5 1966 7340 4644 8907
5 2723 8896 2592 8908
5 6768 8223 2795 8909
5 3183 8493 5640 8910
5 7678 7868 3438 8911
5 2798 8813 5591 8912
5 5072 8954 4680 8913
5 5760 6571 2950 8914
5 2087 8667 4757 8915
5 9003 10065 3285 8916
5 2835 5455 5225 8917
5 682 6452 681 8918
5 5299 7603 3597 8919
5 5745 7918 2973 8920
5 5044 6555 258 8921
5 3284 8717 7956 8922
5 2714 7505 5496 8923
5 5739 7651 3003 8924
5 2892 10576 6904 8925
5 4398 6408 2483 8926
5 2367 10022 9710 8927
5 4405 9746 2271 8928
5 4278 7149 3308 8929
5 4565 9603 6030 8930
5 3250 7839 4042 8931
5 2380 8952 3559 8932
5 6908 9882 4042 8933
5 3598 8120 2341 8934
5 8032 8424 3050 8935
5 2082 9614 6440 8936
5 1076 7358 5087 8937
5 3331 8021 5291 8938
5 2932 8552 6896 8939
5 5655 7187 2029 8940
5 1162 6739 5040 8941
5 1545 8580 3730 8942
5 6171 8676 1733 8943
5 1072 7362 5091 8944
5 5590 8818 2797 8945
5 5090 7362 1073 8946
5 5506 7109 2597 8947
5 3667 7359 3189 8948
5 6606 9356 4408 8949
5 4102 9308 8564 8950
5 8921 9923 3253 8951
5 2532 8344 2421 8952
5 3712 9050 9035 8953
5 2010 6702 5108 8954
5 3560 8306 6111 8955
5 3025 6184 5530 8956
5 8499 9078 4449 8957
5 3699 9434 6525 8958
5 2747 10103 7376 8959
5 324 6222 323 8960
5 2764 7227 5728 8961
5 4258 9900 8622 8962
5 6045 6175 3437 8963
5 1088 7364 5093 8964
5 322 6221 321 8965
5 5653 8439 1774 8966
5 2373 8957 3117 8967
5 2709 6661 5361 8968
5 242 6569 5049 8969
5 3914 7457 2642 8970
5 5727 8037 4643 8971
5 2588 8324 4976 8972
5 2106 8126 5444 8973
5 3742 10065 9003 8974
5 1531 7551 5185 8975
5 4094 7392 6567 8976
5 5049 6568 241 8977
5 1403 6091 1402 8978
5 3735 9274 8410 8979
5 3188 8924 7253 8980
5 9334 10022 3602 8981
5 2018 10557 5753 8982
5 3658 8583 5416 8983
5 5415 8584 3658 8984
5 2154 8954 7473 8985
5 240 6568 5048 8986
5 6805 8224 2780 8987
5 2292 9396 6750 8988
5 7637 8286 3948 8989
5 3697 9511 2438 8990
5 2080 8488 3960 8991
5 2453 8058 5531 8992
5 3098 6881 6393 8993
5 4186 8556 1414 8994
5 5048 6574 239 8995
5 2226 9807 8011 8996
5 2652 9646 6190 8997
5 3690 10001 5101 8998
5 8159 8160 4823 8999
5 5883 7063 1635 9000
5 7198 7482 3739 9001
5 3758 8773 5421 9002
5 4992 7480 2007 9003
5 629 6214 628 9004
5 259 6800 5044 9005
5 5346 6884 3551 9006
5 5533 8063 2453 9007
5 5112 5808 2558 9008
5 1391 10592 1390 9009
5 2339 8373 6089 9010
5 3863 9370 6436 9011
5 5750 8800 1754 9012
5 3348 9315 5473 9013
5 2178 10229 5911 9014
5 1587 5822 5100 9015
5 2831 8352 5722 9016
5 5589 10129 3411 9017
5 4858 10463 6845 9018
5 7398 8953 1440 9019
5 5744 6316 3271 9020
5 2362 7175 5307 9021
5 4823 8160 1840 9022
5 5674 7254 1929 9023
5 4984 6861 2209 9024
5 4474 6394 3763 9025
5 5723 8357 2832 9026
5 5725 6336 3318 9027
5 1026 6462 5146 9028
5 2822 8539 5677 9029
5 2658 10126 5050 9030
5 5341 6355 3979 9031
5 4612 10090 1963 9032
5 5007 9973 2078 9033
5 6071 6669 2977 9034
5 1748 4406 1682 9035
5 5676 8540 2821 9036
5 7245 9119 3162 9037
5 3747 9801 4539 9038
5 3843 9174 6816 9039
5 635 6216 634 9040
5 2895 7629 5982 9041
5 6704 8765 3245 9042
5 3440 7988 4390 9043
5 4524 10147 6481 9044
5 4330 9987 3303 9045
5 4968 9965 1579 9046
5 490 7493 5117 9047
5 1407 7729 4815 9048
5 5117 7495 489 9049
5 7216 10268 4790 9050
5 7104 8634 4226 9051
5 4068 10458 7305 9052
5 1677 8745 3364 9053
5 4114 6689 3623 9054
5 5652 7430 2951 9055
5 374 6239 373 9056
5 1328 6508 1327 9057
5 2854 6482 4997 9058
5 4682 10570 7336 9059
5 1873 5480 4960 9060
5 2777 7473 5072 9061
5 1605 7075 5827 9062
5 3156 6675 5785 9063
5 6103 10449 3351 9064
5 372 6238 371 9065
5 5469 6772 1984 9066
5 2650 8930 4683 9067
5 2305 9231 3617 9068
5 4424 7428 2225 9069
5 1901 6403 5338 9070
5 3256 9653 5330 9071
5 1200 6260 1199 9072
5 4736 8129 1427 9073
5 5232 7632 2825 9074
5 1795 7730 5594 9075
5 4811 8535 2659 9076
5 2166 6534 4884 9077
5 3294 9618 5293 9078
5 250 6803 5064 9079
5 5482 7080 1488 9080
5 2410 9521 9417 9081
5 2139 8869 5306 9082
5 5001 8102 2703 9083
5 7160 9701 4619 9084
5 1238 6298 1237 9085
5 3523 6987 6013 9086
5 6001 9754 1770 9087
5 1545 9529 8580 9088
5 8171 9138 2513 9089
5 2545 8123 4320 9090
5 5064 6815 249 9091
5 4007 9214 1717 9092
5 5124 9534 2687 9093
5 876 6642 5125 9094
5 3168 7066 4525 9095
5 5482 7911 2416 9096
5 2397 8299 3953 9097
5 2513 9145 8175 9098
5 4857 8642 3090 9099
5 4653 10329 8377 9100
5 4289 6387 1740 9101
5 3953 8303 2397 9102
5 1831 9559 9036 9103
5 5126 6651 873 9104
5 6004 6449 2488 9105
5 4636 8168 6824 9106
5 5717 6360 4008 9107
5 6280 7417 2647 9108
5 6132 9807 2502 9109
5 2242 7924 5480 9110
5 3989 9148 1764 9111
5 1446 10344 5637 9112
5 581 6231 580 9113
5 7605 8803 1481 9114
5 3819 7573 1602 9115
5 5316 8643 2109 9116
5 5534 9930 1671 9117
5 5687 9639 1788 9118
5 3139 6745 5916 9119
5 3064 5980 4955 9120
5 579 6232 578 9121
5 6033 8894 1629 9122
5 5436 7170 3094 9123
5 5518 10371 4610 9124
5 2838 8613 6367 9125
5 3899 8123 5149 9126
5 1640 9898 8484 9127
5 4338 10019 3305 9128
5 2394 9543 5841 9129
5 5106 7367 786 9130
5 1584 8060 3799 9131
5 1991 7936 4861 9132
5 5639 6832 1913 9133
5 4799 10039 1476 9134
5 1697 9266 8056 9135
5 7307 10366 3837 9136
5 5258 8625 2273 9137
5 4266 9299 3638 9138
5 4722 8456 6805 9139
5 5438 7185 1524 9140
5 5746 8473 3771 9141
5 2856 8214 5797 9142
5 5390 7099 3576 9143
5 5319 6720 2933 9144
5 9831 9922 3684 9145
5 6367 8613 2261 9146
5 5094 6505 1477 9147
5 2746 8669 5855 9148
5 4878 6001 1770 9149
5 8893 9606 4786 9150
5 577 7636 5153 9151
5 6100 9540 3059 9152
5 5088 9079 1987 9153
5 5153 7639 576 9154
5 7790 8473 2680 9155
5 6976 7612 2826 9156
5 1540 10064 6393 9157
5 3703 7551 4982 9158
5 1598 7053 5950 9159
5 3050 7022 6350 9160
5 1446 8125 6498 9161
5 8978 9960 3260 9162
5 658 7424 5124 9163
5 2868 6710 4987 9164
5 5345 6779 3419 9165
5 662 6259 661 9166
5 5125 7427 875 9167
5 1489 9223 4424 9168
5 2097 7393 7050 9169
5 8759 10318 2686 9170
5 6342 8560 2837 9171
5 874 7427 5126 9172
5 2836 7870 4374 9173
5 5712 9197 6557 9174
5 5085 6806 1175 9175
5 5123 7424 659 9176
5 1975 9504 3871 9177
5 5560 7991 2040 9178
5 4021 7595 1527 9179
5 1176 6811 5085 9180
5 660 7429 5123 9181
5 664 6258 663 9182
5 8766 9937 5708 9183
5 2600 6572 5120 9184
5 163 6308 162 9185
5 3940 8454 2250 9186
5 9285 9525 3790 9187
5 6572 10585 1742 9188
5 3947 8450 4884 9189
5 2250 8460 3940 9190
5 2852 8259 5786 9191
5 5608 10590 4034 9192
5 2700 7307 4955 9193
5 376 7384 5119 9194
5 5986 7724 2904 9195
5 2804 8996 5571 9196
5 6325 6966 3228 9197
5 143 6325 142 9198
5 4878 8385 2315 9199
5 5119 7385 375 9200
5 5596 10598 3111 9201
5 6132 7611 3915 9202
5 5055 7646 2000 9203
5 141 6324 140 9204
5 4307 9063 7977 9205
5 1461 6915 4329 9206
5 5375 6928 2975 9207
5 3315 9628 6090 9208
5 4439 8711 5694 9209
5 5692 7724 2433 9210
5 2191 10055 5505 9211
5 3165 6629 5793 9212
5 4088 7238 6561 9213
5 4238 6504 2340 9214
5 2058 7834 7154 9215
5 4150 4831 2643 9216
5 2260 8560 6342 9217
5 4372 10355 6898 9218
5 3485 6999 6381 9219
5 6474 9269 2896 9220
5 2259 8998 3883 9221
5 7092 9946 3313 9222
5 3286 7368 5063 9223
5 2918 8039 4330 9224
5 6573 9371 2204 9225
5 5833 8861 2168 9226
5 3871 9460 6162 9227
5 4206 8878 1410 9228
5 5234 9761 3662 9229
5 2997 7386 6624 9230
5 4098 8912 5368 9231
5 7600 8967 3175 9232
5 3936 8539 2253 9233
5 7703 7826 3450 9234
5 2080 9055 5308 9235
5 2253 8540 3936 9236
5 5089 6619 1212 9237
5 1597 10333 6847 9238
5 80 6350 79 9239
5 8498 9903 4005 9240
5 5725 8792 2194 9241
5 5092 6813 1181 9242
5 5847 7266 2970 9243
5 8375 8451 1744 9244
5 5707 10529 4460 9245
5 8559 9160 3917 9246
5 3536 8217 8195 9247
5 2482 7021 5508 9248
5 2687 9534 4884 9249
5 976 7506 5142 9250
5 5618 9636 2883 9251
5 5142 7507 975 9252
5 4327 10467 6879 9253
5 6872 8299 2397 9254
5 5128 7388 736 9255
5 5132 7433 665 9256
5 5145 7531 1023 9257
5 1024 7532 5145 9258
5 5657 9712 1852 9259
5 5146 7532 1025 9260
5 2890 9650 5614 9261
5 3883 9019 2259 9262
5 666 7435 5132 9263
5 7262 8755 3549 9264
5 3801 7183 5306 9265
5 3811 8725 4775 9266
5 2698 8491 4791 9267
5 6215 10019 2148 9268
5 442 6477 5197 9269
5 5063 7563 3286 9270
5 3613 5575 5167 9271
5 5805 8703 1562 9272
5 5063 7368 4776 9273
5 7370 8632 2374 9274
5 5212 8744 3163 9275
5 1182 6830 5092 9276
5 4671 9492 6209 9277
5 1511 6921 4466 9278
5 5570 9009 2803 9279
5 2501 8500 5747 9280
5 5348 9749 2125 9281
5 2110 8020 7488 9282
5 4583 9254 6178 9283
5 6045 9373 1582 9284
5 3915 9807 6132 9285
5 8980 9311 4741 9286
5 1669 10050 5605 9287
5 4816 8750 4000 9288
5 4434 9730 1823 9289
5 2837 8560 5705 9290
5 2394 9576 4423 9291
5 1689 7522 5917 9292
5 2671 8768 4232 9293
5 3770 9239 5407 9294
5 4655 8280 3583 9295
5 6172 6173 1908 9296
5 5095 8979 4676 9297
5 2894 8830 6796 9298
5 4595 8771 1638 9299
5 7277 10495 2302 9300
5 2463 9124 4585 9301
5 186 6841 5068 9302
5 5348 8605 3249 9303
5 4731 9608 2206 9304
5 5704 8563 2836 9305
5 7117 7851 1981 9306
5 2450 6130 5282 9307
5 6991 8276 1529 9308
5 692 6751 5182 9309
5 2653 9690 6179 9310
5 5576 8245 2283 9311
5 3367 9713 4484 9312
5 5419 8595 2336 9313
5 2387 7273 7240 9314
5 5407 9445 2811 9315
5 2875 6758 5021 9316
5 1938 7032 4829 9317
5 2809 8299 6872 9318
5 1916 9457 4336 9319
5 8515 10230 2149 9320
5 3163 8744 3959 9321
5 1688 7096 5838 9322
5 1803 6926 5181 9323
5 3593 6998 6327 9324
5 3239 9620 5353 9325
5 5068 6883 185 9326
5 3147 9525 9285 9327
5 7494 10304 4507 9328
5 1213 6817 5089 9329
5 2912 8938 4312 9330
5 7995 9920 3674 9331
5 3406 8551 5194 9332
5 3882 7565 1687 9333
5 3730 8580 2419 9334
5 3510 8595 2300 9335
5 2894 6765 5017 9336
5 5272 6786 1978 9337
5 5164 8470 3768 9338
5 1778 9144 5530 9339
5 5250 8764 3359 9340
5 7285 10050 4553 9341
5 7129 10027 4633 9342
5 5104 6620 223 9343
5 3896 6850 5255 9344
5 3653 10109 9405 9345
5 5373 9271 2985 9346
5 2352 6059 3616 9347
5 7496 8576 2489 9348
5 5227 10201 1931 9349
5 5410 9803 3058 9350
5 6928 8271 2975 9351
5 5440 9244 3916 9352
5 5403 6606 1781 9353
5 2853 8966 4661 9354
5 4296 8254 2935 9355
5 6754 10213 4107 9356
5 1619 4776 4615 9357
5 1757 7500 5532 9358
5 2970 6621 5814 9359
5 5878 8393 1691 9360
5 72 6370 71 9361
5 3855 8514 4866 9362
5 2401 9615 5295 9363
5 2735 7333 5038 9364
5 2925 8094 4338 9365
5 5114 10187 3933 9366
5 5553 9539 1620 9367
5 2351 7606 5815 9368
5 7120 10106 1456 9369
5 5098 6835 1187 9370
5 5267 7378 1440 9371
5 1426 8547 6378 9372
5 222 6620 5103 9373
5 5019 6767 2893 9374
5 2952 6882 5345 9375
5 2687 10481 4274 9376
5 3931 9456 2452 9377
5 1188 6837 5098 9378
5 3225 6729 5381 9379
5 2143 8039 5184 9380
5 3476 7964 7750 9381
5 2882 9645 5617 9382
5 8652 9706 1862 9383
5 5110 5661 1813 9384
5 2839 8612 5700 9385
5 488 6283 487 9386
5 6114 7193 3217 9387
5 7086 10164 4183 9388
5 5697 9821 3798 9389
5 2329 6478 5398 9390
5 486 6282 485 9391
5 5916 6745 2669 9392
5 5699 8613 2838 9393
5 8933 9602 4465 9394
5 5103 6628 221 9395
5 7237 9165 2234 9396
5 3475 8009 7638 9397
5 2693 9278 4806 9398
5 4143 8979 2209 9399
5 9023 10013 3273 9400
5 2151 8378 5483 9401
5 3389 10401 8052 9402
5 3220 7197 6113 9403
5 224 6844 5104 9404
5 3148 8375 4220 9405
5 7442 8467 3325 9406
5 4649 10354 4063 9407
5 6992 10469 2820 9408
5 1901 9574 5378 9409
5 5102 6839 1193 9410
5 1924 8148 6932 9411
5 2242 9193 7924 9412
5 1935 6220 5349 9413
5 2528 8657 6982 9414
5 8686 9514 3527 9415
5 5613 9660 2889 9416
5 1676 5320 4957 9417
5 1551 7257 4855 9418
5 1194 6843 5102 9419
5 3621 8632 7370 9420
5 980 6294 979 9421
5 4605 8884 1986 9422
5 2150 8132 5451 9423
5 978 6295 977 9424
5 7577 8316 2919 9425
5 3241 7347 5178 9426
5 4363 10525 4777 9427
5 5872 6890 3006 9428
5 7803 8522 3537 9429
5 4525 7864 7425 9430
5 5310 10211 2160 9431
5 1608 10089 7422 9432
5 4083 8789 5273 9433
5 6522 10089 2787 9434
5 3789 7088 5443 9435
5 3002 7230 4794 9436
5 5204 8281 1796 9437
5 4256 9199 2951 9438
5 5473 9315 2812 9439
5 2754 7617 4456 9440
5 1273 6402 1272 9441
5 4486 7968 2775 9442
5 2103 7836 5305 9443
5 570 6290 569 9444
5 4482 10030 2305 9445
5 2526 7466 6514 9446
5 1839 9728 9510 9447
5 8218 9373 2664 9448
5 2221 7345 4030 9449
5 1275 6401 1274 9450
5 2826 7483 6976 9451
5 9489 10145 1737 9452
5 5018 7614 1909 9453
5 5391 10296 6094 9454
5 5199 6307 1442 9455
5 4030 7706 2221 9456
5 6046 10597 4413 9457
5 6509 8758 2859 9458
5 3120 5660 5550 9459
5 1772 9888 6007 9460
5 1695 10137 7612 9461
5 4413 10597 6051 9462
5 2165 6539 5567 9463
5 5222 8757 1866 9464
5 5033 10572 7833 9465
5 4784 10110 5922 9466
5 4648 6022 3647 9467
5 6960 10583 4133 9468
5 2916 9642 6424 9469
5 6039 9158 1953 9470
5 1823 9731 3947 9471
5 2077 10477 4331 9472
5 3659 6229 2444 9473
5 4201 8731 6227 9474
5 1022 6305 1021 9475
5 2721 9340 4833 9476
5 8797 9445 5127 9477
5 2526 8624 4433 9478
5 1020 6306 1019 9479
5 3729 8721 7725 9480
5 4971 8510 2909 9481
5 4546 6445 1835 9482
5 1671 7989 5534 9483
5 6088 6719 2992 9484
5 2252 10551 7932 9485
5 1903 7681 5011 9486
5 5627 7282 2878 9487
5 5035 8104 2013 9488
5 2749 9698 9122 9489
5 5378 9574 3768 9490
5 3817 10090 4612 9491
5 3177 6712 5828 9492
5 3717 7761 5010 9493
5 5870 10213 2806 9494
5 4570 9108 1689 9495
5 4012 9414 1773 9496
5 1767 8031 4524 9497
5 2390 7055 6261 9498
5 4925 8738 3112 9499
5 2040 7950 5560 9500
5 5205 9455 2202 9501
5 4888 9894 3257 9502
5 5446 8718 3675 9503
5 2990 9328 4767 9504
5 9058 10041 3279 9505
5 4131 8117 1716 9506
5 6875 9365 2386 9507
5 6084 7041 3018 9508
5 3558 7760 6726 9509
5 3075 8687 7145 9510
5 6141 7199 3542 9511
5 6188 9767 2458 9512
5 3675 8720 5447 9513
5 5445 7782 3325 9514
5 4645 7697 1382 9515
5 5860 6700 3182 9516
5 1295 7121 5059 9517
5 1866 8757 4620 9518
5 4287 7671 3131 9519
5 2508 7467 5390 9520
5 3140 7180 5298 9521
5 5992 6302 3672 9522
5 5301 10251 2962 9523
5 4527 6982 1811 9524
5 5564 7174 1351 9525
5 5162 6598 279 9526
5 5078 9001 3121 9527
5 5268 8593 2121 9528
5 4009 9259 5351 9529
5 5742 9892 3778 9530
5 2393 8424 5661 9531
5 2269 8758 6509 9532
5 7452 10604 3673 9533
5 3185 6701 5859 9534
5 5325 7861 2096 9535
5 3069 8008 6077 9536
5 3237 6946 6308 9537
5 4022 7248 6215 9538
5 1680 10401 6936 9539
5 282 6645 5163 9540
5 4160 9739 7177 9541
5 6231 7409 3267 9542
5 2148 8094 5202 9543
5 3110 9251 8345 9544
5 2865 8177 5862 9545
5 1725 8327 7343 9546
5 9161 9243 3212 9547
5 3199 9896 7106 9548
5 3120 8390 5536 9549
5 1650 7622 5403 9550
5 5454 9904 1425 9551
5 4541 7599 5927 9552
5 817 6332 816 9553
5 2428 7629 5701 9554
5 6382 9333 4031 9555
5 7229 9957 4895 9556
5 2775 5574 4485 9557
5 7620 8485 3232 9558
5 5250 9401 2648 9559
5 2163 9015 3926 9560
5 4552 9824 2696 9561
5 6160 8588 3880 9562
5 6206 10453 3433 9563
5 1285 6471 1284 9564
5 8315 9991 3240 9565
5 2287 9691 3404 9566
5 4922 9090 2937 9567
5 6495 9343 5213 9568
5 2135 8438 4753 9569
5 3028 7076 5778 9570
5 1752 5419 5096 9571
5 4617 7091 2361 9572
5 5830 9693 1759 9573
5 5441 9524 7956 9574
5 5078 7161 1316 9575
5 5596 5979 3077 9576
5 1546 8977 4337 9577
5 3027 9395 4894 9578
5 4226 8836 1707 9579
5 2702 8959 4242 9580
5 5182 6640 691 9581
5 1682 10252 7347 9582
5 3184 8183 2755 9583
5 1689 9108 4588 9584
5 1743 7693 5477 9585
5 8970 10187 3461 9586
5 3759 8737 5418 9587
5 2872 8211 5869 9588
5 1882 7349 4785 9589
5 5767 6524 4060 9590
5 2982 6656 5864 9591
5 3022 7071 5470 9592
5 5188 8702 2420 9593
5 5059 6923 1294 9594
5 1105 6337 1104 9595
5 1103 6338 1102 9596
5 1999 9089 6570 9597
5 5197 7657 441 9598
5 5163 7391 281 9599
5 1436 10382 7267 9600
5 2155 8238 8234 9601
5 280 7391 5162 9602
5 3090 7726 5998 9603
5 4893 6708 2097 9604
5 353 6725 5187 9605
5 3753 7517 5920 9606
5 4664 9367 2117 9607
5 7350 10430 2165 9608
5 6297 8564 1437 9609
5 2155 8234 5492 9610
5 7159 9720 5026 9611
5 1378 7376 1377 9612
5 7047 8926 2661 9613
5 3621 7370 7267 9614
5 2356 7746 5773 9615
5 6252 7909 4177 9616
5 1575 10587 6093 9617
5 2598 9872 5675 9618
5 1890 9601 5612 9619
5 2072 7198 4773 9620
5 2775 6324 4486 9621
5 2721 9059 4240 9622
5 2752 7442 5271 9623
5 4895 10305 2365 9624
5 7097 8396 5428 9625
5 5186 6741 350 9626
5 4887 7167 1927 9627
5 4485 6324 2775 9628
5 4956 7725 1797 9629
5 2533 8939 2532 9630
5 5527 7937 2090 9631
5 5481 7791 2293 9632
5 5175 8991 1765 9633
5 5953 8821 2448 9634
5 3498 8096 7744 9635
5 2104 9878 4870 9636
5 2939 8331 6149 9637
5 151 6404 150 9638
5 625 6339 624 9639
5 497 6341 496 9640
5 6068 7183 1966 9641
5 3769 8333 5898 9642
5 6285 7348 2349 9643
5 6148 8332 2938 9644
5 1287 6469 1286 9645
5 1495 9829 8826 9646
5 4811 6922 2366 9647
5 8092 9183 2426 9648
5 4242 7930 6465 9649
5 1002 7680 5203 9650
5 4381 9803 1570 9651
5 5326 9710 3040 9652
5 3881 9724 6043 9653
5 6312 9106 4056 9654
5 2783 9035 6070 9655
5 5468 7069 3020 9656
5 4865 7876 1842 9657
5 4603 9840 8321 9658
5 5497 9335 4920 9659
5 3294 6530 5134 9660
5 4416 7665 1586 9661
5 1641 9540 8425 9662
5 484 7783 5214 9663
5 5214 7785 483 9664
5 3409 5176 2594 9665
5 5851 6649 2979 9666
5 4432 7745 6961 9667
5 2153 10246 5421 9668
5 3224 5968 4119 9669
5 5370 6870 2201 9670
5 5690 9893 2598 9671
5 5399 7329 2331 9672
5 4612 10419 1839 9673
5 3100 8870 2555 9674
5 18 7244 17 9675
5 1681 8429 5460 9676
5 477 6349 476 9677
5 5231 8850 1469 9678
5 5122 6761 169 9679
5 4343 10585 4979 9680
5 5187 7514 352 9681
5 5856 6506 3115 9682
5 3504 8106 7753 9683
5 3808 8480 7196 9684
5 5707 6876 1467 9685
5 6911 8573 2945 9686
5 1742 10585 4343 9687
5 351 7514 5186 9688
5 2805 9305 5349 9689
5 4185 9869 9422 9690
5 174 6410 173 9691
5 2712 8746 4088 9692
5 2863 6924 4604 9693
5 1704 9333 9163 9694
5 3964 8612 2261 9695
5 2261 8613 3964 9696
5 1991 10355 7900 9697
5 1996 6826 5417 9698
5 5080 8089 3088 9699
5 5939 7372 3573 9700
5 4493 7310 2620 9701
5 4385 9512 1430 9702
5 7070 9665 1603 9703
5 4753 9903 8498 9704
5 7322 10569 3899 9705
5 5310 8772 3347 9706
5 7196 8480 2374 9707
5 1908 7273 7272 9708
5 6140 8990 2781 9709
5 3974 8560 2260 9710
5 598 7973 5238 9711
5 3331 8656 5551 9712
5 4944 5721 3084 9713
5 6010 9057 2352 9714
5 105 6433 104 9715
5 2260 8563 3974 9716
5 172 6409 171 9717
5 5237 7973 599 9718
5 7699 10295 4295 9719
5 6437 9403 2852 9720
5 170 6934 5122 9721
5 3352 8777 5311 9722
5 2618 6472 5207 9723
5 2296 9890 3412 9724
5 1816 6224 5372 9725
5 2986 10052 8775 9726
5 6087 7659 2933 9727
5 2078 9973 5324 9728
5 6216 7278 3249 9729
5 3581 9506 8156 9730
5 5189 7499 328 9731
5 725 6564 5230 9732
5 5599 9728 1839 9733
5 4284 7413 1660 9734
5 5651 7381 2729 9735
5 3216 8776 4778 9736
5 1442 9684 6636 9737
5 5473 10594 3348 9738
5 6122 10057 4244 9739
5 2867 8107 7872 9740
5 2868 8402 5829 9741
5 4864 9418 2738 9742
5 4948 6679 2904 9743
5 4422 9188 5183 9744
5 2064 9554 6342 9745
5 3308 7515 4278 9746
5 7450 8218 2664 9747
5 2050 9325 6685 9748
5 3906 8860 1994 9749
5 4520 9938 1555 9750
5 4874 7182 1553 9751
5 1317 6956 5078 9752
5 3987 7790 2680 9753
5 8727 8742 5218 9754
5 586 6363 585 9755
5 3433 7290 6206 9756
5 2179 10361 5328 9757
5 2287 9562 4528 9758
5 6253 10474 4504 9759
5 1811 9757 4527 9760
5 6200 10445 2945 9761
5 3921 10135 5183 9762
5 4015 7893 2243 9763
5 2332 7748 3551 9764
5 1011 6371 1010 9765
5 2243 7813 4015 9766
5 8392 8796 2893 9767
5 6304 7766 2979 9768
5 2083 7932 5404 9769
5 2197 6689 4114 9770
5 1889 8206 4673 9771
5 5008 6039 1953 9772
5 2359 9854 6814 9773
5 5356 8974 2954 9774
5 1915 9713 5926 9775
5 85 6467 84 9776
5 4652 9912 7934 9777
5 4927 8836 6321 9778
5 5638 6503 3230 9779
5 4298 8623 2652 9780
5 2764 5728 4802 9781
5 1801 6696 5806 9782
5 684 6450 683 9783
5 969 6375 968 9784
5 4732 9585 1520 9785
5 3518 8167 7738 9786
5 1592 8626 5384 9787
5 6126 6150 3535 9788
5 3602 9074 5994 9789
5 6838 7091 3226 9790
5 2194 8885 5347 9791
5 5546 9556 2978 9792
5 600 7961 5237 9793
5 7253 10379 4631 9794
5 2222 7284 4051 9795
5 4603 8321 7355 9796
5 2432 9692 7312 9797
5 6478 7699 5398 9798
5 7494 8683 2521 9799
5 1485 7694 4569 9800
5 1505 6993 4147 9801
5 5790 7000 2058 9802
5 3699 8423 5018 9803
5 5460 8429 2953 9804
5 950 6383 949 9805
5 6467 8827 3117 9806
5 2111 7690 4572 9807
5 2301 10473 8392 9808
5 4051 7555 2222 9809
5 3750 8956 6207 9810
5 3534 8383 7635 9811
5 5041 9047 3351 9812
5 2623 5739 4166 9813
5 3520 8173 7743 9814
5 4249 9363 3595 9815
5 2682 7002 5408 9816
5 6653 10531 2873 9817
5 1018 7800 5228 9818
5 5228 7801 1017 9819
5 2635 7317 5754 9820
5 195 6732 5171 9821
5 5411 6847 3170 9822
5 721 6398 720 9823
5 5642 8998 2844 9824
5 8144 9470 2344 9825
5 2859 8758 5714 9826
5 5796 8226 3049 9827
5 3997 8352 2414 9828
5 2902 6555 5044 9829
5 3073 10220 5473 9830
5 719 6397 718 9831
5 2502 9807 6937 9832
5 2830 10583 6960 9833
5 5911 8988 2178 9834
5 5171 6731 194 9835
5 2414 8357 3997 9836
5 5688 9384 2195 9837
5 168 6761 5158 9838
5 7192 9696 3081 9839
5 5695 6856 2612 9840
5 5248 7982 538 9841
5 2961 6610 5732 9842
5 3207 6770 5977 9843
5 2811 9445 8797 9844
5 902 6390 901 9845
5 4527 9757 6403 9846
5 537 7982 5249 9847
5 1827 5840 4628 9848
5 900 6391 899 9849
5 4019 9000 2064 9850
5 3379 6744 5024 9851
5 3804 9518 4661 9852
5 5158 6760 167 9853
5 898 6392 897 9854
5 3913 9938 4520 9855
5 1924 7929 7603 9856
5 5603 10033 3047 9857
5 1740 8055 3937 9858
5 193 6731 5170 9859
5 3785 3934 6 9860
5 1234 6473 1233 9861
5 1222 6447 1221 9862
5 1422 8114 4003 9863
5 3066 6953 6473 9864
5 4861 9465 3958 9865
5 166 6760 5157 9866
5 3152 8886 5429 9867
5 2463 10388 4027 9868
5 5170 6738 192 9869
5 4125 8915 5303 9870
5 1538 5167 3820 9871
5 5032 5815 1802 9872
5 5157 6763 165 9873
5 1114 6395 1113 9874
5 6481 10147 1989 9875
5 5623 5946 3194 9876
5 8982 9651 1754 9877
5 4104 6357 5885 9878
5 2154 7473 4804 9879
5 5535 8066 3457 9880
5 2614 7297 6237 9881
5 3080 8627 6942 9882
5 2928 6346 5355 9883
5 4248 9170 2740 9884
5 4684 10258 1965 9885
5 2947 8401 6167 9886
5 1853 9751 5218 9887
5 8521 9110 4430 9888
5 2961 7813 6331 9889
5 5643 8558 2856 9890
5 2073 8732 7307 9891
5 5317 7734 1580 9892
5 7757 9503 1845 9893
5 5795 9862 1829 9894
5 5713 8779 2858 9895
5 3012 6780 6221 9896
5 6632 8955 2995 9897
5 1224 6446 1223 9898
5 4350 10579 8714 9899
5 1541 7842 4572 9900
5 3880 7580 6160 9901
5 1236 6470 1235 9902
5 2337 7007 3661 9903
5 4241 9687 1507 9904
5 539 7979 5248 9905
5 2213 9209 3850 9906
5 6166 8403 2946 9907
5 1645 9047 7099 9908
5 4550 8263 1851 9909
5 5516 7335 1479 9910
5 1878 9837 6789 9911
5 5236 7049 4320 9912
5 3763 7537 1566 9913
5 5295 6416 2943 9914
5 867 6411 866 9915
5 5242 7806 922 9916
5 865 6412 864 9917
5 1129 6423 1128 9918
5 848 6414 847 9919
5 2872 9998 4730 9920
5 3420 8690 5275 9921
5 66 6516 65 9922
5 2660 10040 4318 9923
5 3068 7028 6370 9924
5 1954 10458 7628 9925
5 5455 5456 3316 9926
5 2843 9019 5641 9927
5 5295 9615 3528 9928
5 6043 9724 1534 9929
5 5408 8840 2224 9930
5 6982 8657 5201 9931
5 2698 6938 6157 9932
5 2910 7686 4013 9933
5 290 6443 289 9934
5 838 6417 837 9935
5 836 6418 835 9936
5 2087 10476 8667 9937
5 3137 8399 6145 9938
5 4542 10206 1439 9939
5 3086 7543 4204 9940
5 288 6442 287 9941
5 4140 7933 6185 9942
5 6771 7161 3121 9943
5 5892 8008 3069 9944
5 7447 8110 7380 9945
5 1131 6422 1130 9946
5 3909 8525 5304 9947
5 5749 8343 895 9948
5 4321 8635 2653 9949
5 1721 6873 5628 9950
5 5965 8027 2251 9951
5 3161 9762 4691 9952
5 4664 8145 1459 9953
5 5230 7645 724 9954
5 7682 9461 3021 9955
5 2773 9291 4251 9956
5 4552 9161 3212 9957
5 1706 10380 4723 9958
5 723 7645 5229 9959
5 2977 7851 7117 9960
5 2210 10184 6887 9961
5 3321 10153 4400 9962
5 5229 7647 722 9963
5 2389 9454 5251 9964
5 1381 9342 1380 9965
5 3029 6818 6137 9966
5 6836 8330 2094 9967
5 3174 8693 2724 9968
5 4100 7491 1667 9969
5 1342 6798 1341 9970
5 5771 10234 2084 9971
5 1133 6430 1132 9972
5 4540 8980 1441 9973
5 7285 8241 1675 9974
5 6424 9642 3906 9975
5 6227 9577 4201 9976
5 4776 7368 1677 9977
5 1423 7095 4651 9978
5 6270 9502 3317 9979
5 3032 9174 8010 9980
5 4136 9224 1708 9981
5 4476 8089 7654 9982
5 4332 8151 6431 9983
5 2984 6927 5450 9984
5 5010 10074 2130 9985
5 2314 8313 6159 9986
5 1710 8782 4154 9987
5 4429 5838 3041 9988
5 2982 7755 6347 9989
5 5698 8432 2299 9990
5 269 6460 268 9991
5 4758 9087 2035 9992
5 2908 8827 4613 9993
5 7693 9870 3335 9994
5 1508 8095 7513 9995
5 267 6459 266 9996
5 3266 8858 5540 9997
5 2774 9304 4255 9998
5 5245 9738 2247 9999
5 4579 8548 2092 10000
5 4602 9709 2 10001
5 1859 9778 8608 10002
5 8227 9217 2091 10003
5 3452 6213 5696 10004
5 431 7997 5474 10005
5 6654 8708 3986 10006
5 5287 9421 4844 10007
5 3376 8908 5328 10008
5 6895 7959 1553 10009
5 2981 6454 5115 10010
5 6408 8932 3945 10011
5 447 6429 446 10012
5 2117 9367 5358 10013
5 1644 7805 3952 10014
5 6052 9429 2622 10015
5 5763 7101 3497 10016
5 2209 8979 7925 10017
5 2221 10192 6678 10018
5 4898 7466 2526 10019
5 5519 6486 2441 10020
5 7698 8006 3506 10021
5 5028 8300 1790 10022
5 3372 8542 4113 10023
5 6385 10574 4164 10024
5 4975 8752 1548 10025
5 5302 7083 1914 10026
5 4072 7127 2294 10027
5 3779 9444 5035 10028
5 6156 6773 4168 10029
5 4715 10384 1970 10030
5 4109 7440 2650 10031
5 1857 8576 4644 10032
5 5474 8174 430 10033
5 2054 8888 5395 10034
5 3510 7998 7736 10035
5 3875 7710 7668 10036
5 1594 7767 6291 10037
5 646 6448 645 10038
5 5830 8795 2088 10039
5 1525 6280 4515 10040
5 2204 10514 6573 10041
5 3035 7967 5206 10042
5 9145 10518 2112 10043
5 3966 10203 5658 10044
5 1438 10266 3897 10045
5 1107 7854 5256 10046
5 5256 7855 1106 10047
5 4276 9086 2720 10048
5 1589 6659 5808 10049
5 5286 8264 2168 10050
5 4478 7934 2237 10051
5 4838 9297 2725 10052
5 8748 9689 3373 10053
5 6721 6849 2903 10054
5 749 6464 748 10055
5 747 6463 746 10056
5 5404 10551 1833 10057
5 5320 8562 4120 10058
5 6261 9049 2758 10059
5 1352 7152 5564 10060
5 3976 9104 8042 10061
5 6901 10455 9052 10062
5 1613 10257 7548 10063
5 2649 7536 4505 10064
5 6706 10257 2825 10065
5 2500 9435 5382 10066
5 4400 8264 2939 10067
5 4320 7049 2545 10068
5 8457 9785 2481 10069
5 4152 9832 2570 10070
5 5752 8843 1892 10071
5 2294 7722 4072 10072
5 7802 9021 3802 10073
5 4829 9588 2746 10074
5 2015 7943 5226 10075
5 1075 6457 1074 10076
5 5006 8966 2853 10077
5 2029 7187 5988 10078
5 7455 7498 3444 10079
5 3943 9966 8257 10080
5 3604 8555 7463 10081
5 2675 9850 6274 10082
5 8682 8683 5202 10083
5 2161 9856 7490 10084
5 3322 8591 8055 10085
5 2103 9227 8380 10086
5 6868 10209 1782 10087
5 1087 6466 1086 10088
5 3172 9011 5478 10089
5 4469 5674 2794 10090
5 5437 7449 3114 10091
5 1495 8826 5485 10092
5 3491 8519 7123 10093
5 3980 8758 2269 10094
5 3162 9677 7023 10095
5 2707 9655 2037 10096
5 4464 9027 2067 10097
5 3613 5551 2443 10098
5 2098 8150 6372 10099
5 1027 6462 1026 10100
5 2256 9438 6366 10101
5 1344 6790 1343 10102
5 1896 9556 5546 10103
5 2196 9989 4197 10104
5 4465 9245 2454 10105
5 3229 7858 4634 10106
5 4630 9866 7457 10107
5 6373 8672 2745 10108
5 2408 7687 4261 10109
5 3125 6985 4909 10110
5 5332 8086 3339 10111
5 710 6482 709 10112
5 7778 10415 3158 10113
5 2278 8130 7928 10114
5 2269 8779 3980 10115
5 7702 8671 3595 10116
5 1707 7104 4226 10117
5 1549 7431 3757 10118
5 451 6519 5357 10119
5 6263 6264 5029 10120
5 5766 10302 2890 10121
5 2715 9426 4887 10122
5 2880 8654 5804 10123
5 4761 9197 2740 10124
5 5024 6600 3379 10125
5 6498 10344 1446 10126
5 2413 7035 4806 10127
5 5009 8846 2031 10128
5 1691 9727 3984 10129
5 301 6492 300 10130
5 2639 9452 5311 10131
5 4703 9673 1964 10132
5 299 6491 298 10133
5 3443 9144 4325 10134
5 5266 6645 283 10135
5 5583 6903 3225 10136
5 3300 7549 7412 10137
5 1424 7341 5282 10138
5 6922 7671 4287 10139
5 443 6477 442 10140
5 3079 8138 6204 10141
5 2979 7530 6304 10142
5 1887 9063 5695 10143
5 7033 9735 1822 10144
5 4093 9097 3464 10145
5 5398 7516 3534 10146
5 5803 8664 2879 10147
5 2066 7831 4480 10148
5 5547 9375 8961 10149
5 5917 8696 1689 10150
5 8117 9896 3199 10151
5 2886 6906 4621 10152
5 3254 9923 8479 10153
5 2550 9536 4882 10154
5 2771 9316 4275 10155
5 1739 8776 4290 10156
5 6601 8302 3312 10157
5 1257 6589 1256 10158
5 1591 10617 7568 10159
5 3212 9243 4970 10160
5 1868 6683 4328 10161
5 8902 9970 5491 10162
5 2684 10025 6158 10163
5 3067 10059 5876 10164
5 8426 9480 2282 10165
5 5567 9375 2611 10166
5 6470 6965 3065 10167
5 2940 6738 5170 10168
5 5609 7217 610 10169
5 5369 7454 2949 10170
5 4900 10202 1569 10171
5 1039 8026 5284 10172
5 5871 9208 1468 10173
5 5912 9954 1497 10174
5 5283 8026 1040 10175
5 2735 7565 7333 10176
5 1522 7889 4297 10177
5 2801 9682 4850 10178
5 5909 10158 1705 10179
5 5155 10310 2012 10180
5 33 7373 5211 10181
5 6509 9669 4733 10182
5 1259 6588 1258 10183
5 3934 3988 0 10184
5 7250 7572 1930 10185
5 7441 9598 4663 10186
5 4436 6147 1585 10187
5 2049 10131 4620 10188
5 5948 8242 2916 10189
5 9348 10496 2299 10190
5 1249 6594 1248 10191
5 7066 10081 6213 10192
5 7075 10583 9962 10193
5 3104 7777 4773 10194
5 3694 10072 9994 10195
5 2907 6543 5040 10196
5 4770 6400 2793 10197
5 3338 10229 4418 10198
5 4797 9773 2452 10199
5 7752 8359 3548 10200
5 6165 7248 1978 10201
5 4289 8929 6342 10202
5 201 6553 200 10203
5 1597 7059 6118 10204
5 2832 8357 7030 10205
5 5206 8237 2498 10206
5 313 6520 312 10207
5 94 6829 5209 10208
5 2694 10280 5971 10209
5 2620 7952 6376 10210
5 3015 6743 6076 10211
5 6183 7294 3264 10212
5 6022 7122 2921 10213
5 6824 6925 1463 10214
5 3072 8910 7929 10215
5 5294 6644 294 10216
5 3091 8853 4375 10217
5 4086 9116 3114 10218
5 4542 8040 6891 10219
5 1684 7792 3923 10220
5 4874 9526 2385 10221
5 3026 9077 8328 10222
5 5039 7008 1456 10223
5 5598 9899 2133 10224
5 2953 9007 5394 10225
5 4446 9847 8655 10226
5 4585 7644 2463 10227
5 8637 8638 5184 10228
5 1959 9537 7988 10229
5 3110 9685 9251 10230
5 1453 7236 7136 10231
5 4928 8815 3969 10232
5 2172 8584 5624 10233
5 11 7550 10 10234
5 2860 6336 5725 10235
5 6320 6321 2662 10236
5 5790 7339 3887 10237
5 7030 8357 2414 10238
5 2291 8793 5062 10239
5 5558 7458 3961 10240
5 5209 6828 93 10241
5 3738 9235 5721 10242
5 4737 10122 2949 10243
5 5553 7563 3619 10244
5 1041 8073 5283 10245
5 1570 10105 4381 10246
5 2410 6281 3874 10247
5 4483 10558 2302 10248
5 1860 9287 5423 10249
5 5954 8258 2919 10250
5 6386 10382 1436 10251
5 5536 8390 1404 10252
5 3269 7298 6182 10253
5 3060 8604 5422 10254
5 2306 9231 6646 10255
5 590 6485 589 10256
5 1940 9255 5340 10257
5 8282 10344 6498 10258
5 3584 7328 3077 10259
5 2395 6329 6328 10260
5 6703 9641 6694 10261
5 1759 8278 4772 10262
5 9004 9580 4704 10263
5 1269 7311 1268 10264
5 471 6547 5393 10265
5 2251 8027 5646 10266
5 3270 9167 5740 10267
5 594 6487 593 10268
5 765 6720 5319 10269
5 2646 7269 6396 10270
5 1852 9712 8879 10271
5 3105 7406 6313 10272
5 3737 8669 5513 10273
5 237 6545 236 10274
5 1971 8971 4927 10275
5 1320 6785 1319 10276
5 4575 8747 1655 10277
5 2501 6910 5287 10278
5 3728 9589 7389 10279
5 3270 8692 4365 10280
5 5333 7402 3289 10281
5 235 6546 234 10282
5 1486 9166 5111 10283
5 5512 8672 3737 10284
5 5364 7644 1581 10285
5 5800 9108 4570 10286
5 5599 7916 2307 10287
5 1819 10235 4429 10288
5 1161 6543 1160 10289
5 4991 7005 3375 10290
5 8480 10605 7370 10291
5 5818 10345 3469 10292
5 1474 6613 5167 10293
5 2668 9583 5328 10294
5 5765 8822 2876 10295
5 92 6828 5208 10296
5 8927 9535 3155 10297
5 1924 7603 6406 10298
5 1675 9653 7764 10299
5 5730 7694 1485 10300
5 1135 8412 5899 10301
5 9429 10490 2622 10302
5 2262 7570 5587 10303
5 286 7713 5263 10304
5 5263 7715 285 10305
5 6210 6874 2626 10306
5 4771 9096 6895 10307
5 3167 7598 6399 10308
5 8035 9368 1728 10309
5 6283 7495 3329 10310
5 284 7715 5266 10311
5 1995 7632 5232 10312
5 3256 8565 7764 10313
5 4724 10491 2697 10314
5 2806 10213 6754 10315
5 6001 9227 2103 10316
5 452 6519 451 10317
5 3016 6386 6372 10318
5 1813 8975 5110 10319
5 3563 6919 5726 10320
5 258 6555 257 10321
5 6271 9232 2099 10322
5 5716 7382 2931 10323
5 6421 9734 3074 10324
5 4418 8358 2947 10325
5 5018 8423 1687 10326
5 1415 10360 4464 10327
5 2464 8124 5426 10328
5 5252 8657 2528 10329
5 5208 6865 91 10330
5 1307 6764 1306 10331
5 1682 6733 2019 10332
5 55 6929 5217 10333
5 6754 7578 2806 10334
5 5168 7662 3265 10335
5 4098 9113 1738 10336
5 2279 8723 5427 10337
5 3707 7187 5655 10338
5 3847 8911 5360 10339
5 7082 9802 3119 10340
5 2741 9984 4492 10341
5 4592 7796 3070 10342
5 4753 10256 1459 10343
5 1746 9506 8410 10344
5 6495 9715 3151 10345
5 4956 9692 2432 10346
5 2957 9522 6377 10347
5 7404 7513 4219 10348
5 243 6569 242 10349
5 6135 6946 3237 10350
5 10234 10390 2084 10351
5 5348 8783 3780 10352
5 7171 9346 3751 10353
5 4765 6328 1814 10354
5 271 7731 5276 10355
5 241 6568 240 10356
5 5276 7733 270 10357
5 7123 8519 1860 10358
5 4389 6356 2510 10359
5 239 6574 238 10360
5 2817 7722 6825 10361
5 1414 7599 4541 10362
5 265 7739 5278 10363
5 1405 10535 5013 10364
5 5278 7741 264 10365
5 717 7920 5296 10366
5 5175 8379 1951 10367
5 1245 6648 1244 10368
5 1977 9191 6860 10369
5 5296 7921 716 10370
5 1854 10378 5605 10371
5 2390 9188 4422 10372
5 3298 9826 4582 10373
5 4635 9786 3477 10374
5 2875 8839 5764 10375
5 1771 5497 4920 10376
5 1315 6771 1314 10377
5 1671 8033 3957 10378
5 3213 9096 4771 10379
5 1927 9696 4440 10380
5 7701 10182 1439 10381
5 6205 8458 1534 10382
5 3162 7023 4126 10383
5 4064 7860 2429 10384
5 5928 8138 3079 10385
5 572 6515 571 10386
5 6420 6456 3348 10387
5 5380 9216 7914 10388
5 5775 8823 3060 10389
5 1460 8891 7135 10390
5 2634 8639 5161 10391
5 6246 9345 1734 10392
5 2429 7835 4064 10393
5 5615 8957 2373 10394
5 5331 8358 2178 10395
5 6624 9551 2868 10396
5 4288 9516 2827 10397
5 1821 9322 8805 10398
5 157 6943 5240 10399
5 726 6564 725 10400
5 5166 10199 4751 10401
5 4024 9409 3116 10402
5 5240 6945 156 10403
5 2711 9299 4945 10404
5 5300 8743 2063 10405
5 6119 9838 1911 10406
5 1247 6647 1246 10407
5 4490 9702 2502 10408
5 8832 9548 4736 10409
5 6931 8698 4634 10410
5 550 6526 549 10411
5 5866 10319 2093 10412
5 1390 7640 1389 10413
5 6347 7602 2982 10414
5 2149 8508 7915 10415
5 526 6528 525 10416
5 3150 7553 7423 10417
5 546 6527 545 10418
5 3712 9035 5501 10419
5 7642 8518 2525 10420
5 1783 8471 5595 10421
5 4429 6575 1819 10422
5 522 6529 521 10423
5 7581 8721 5023 10424
5 3281 7315 6199 10425
5 4480 8761 1464 10426
5 2709 8116 5610 10427
5 5216 6863 82 10428
5 2091 9217 6244 10429
5 2894 8844 5784 10430
5 4613 6867 2908 10431
5 6077 8008 2257 10432
5 7515 8419 1722 10433
5 3063 7034 6192 10434
5 297 7822 5290 10435
5 2695 10622 5492 10436
5 5290 7830 296 10437
5 2517 10333 6118 10438
5 4722 10394 8456 10439
5 3614 7000 5790 10440
5 619 6531 618 10441
5 2697 10491 5604 10442
5 5458 9564 2519 10443
5 3702 8436 8411 10444
5 83 7011 5216 10445
5 5783 8849 2893 10446
5 1322 6783 1321 10447
5 3580 9383 2387 10448
5 4796 8083 1776 10449
5 1051 6557 1050 10450
5 295 7830 5294 10451
5 623 6537 622 10452
5 1870 8638 4697 10453
5 5500 9050 3712 10454
5 8222 8899 3571 10455
5 472 6547 471 10456
5 3008 6742 5933 10457
5 4861 7936 2787 10458
5 5825 10081 4826 10459
5 465 6552 464 10460
5 2614 9776 5402 10461
5 6195 8362 2672 10462
5 279 6598 278 10463
5 2902 8093 6894 10464
5 2549 9343 7396 10465
5 7943 8413 2955 10466
5 3724 7107 6952 10467
5 461 6554 460 10468
5 5210 10143 4100 10469
5 2312 7794 4650 10470
5 1936 7048 5702 10471
5 61 6715 60 10472
5 8410 9274 3167 10473
5 3324 8302 5462 10474
5 3283 6853 6260 10475
5 3193 7807 4693 10476
5 5244 9972 6753 10477
5 1537 10277 6613 10478
5 6187 10464 7420 10479
5 1711 9329 6436 10480
5 4567 10218 1515 10481
5 7977 9063 1887 10482
5 4916 8150 2098 10483
5 2498 8237 5131 10484
5 2151 9952 6186 10485
5 4076 7567 2252 10486
5 4823 9819 2110 10487
5 5401 9490 2132 10488
5 5532 7052 3464 10489
5 1212 6619 1211 10490
5 2152 9319 5782 10491
5 5464 9044 2963 10492
5 6353 9005 1735 10493
5 4541 8941 1414 10494
5 5183 6261 2758 10495
5 5573 7840 367 10496
5 4687 8787 3748 10497
5 3299 9784 5825 10498
5 2876 8822 6750 10499
5 4690 9334 8129 10500
5 2600 7546 5921 10501
5 4376 10181 6782 10502
5 5630 8368 2199 10503
5 7095 9475 4526 10504
5 2252 7912 4076 10505
5 5437 9484 7449 10506
5 1459 8145 4753 10507
5 3229 8698 7134 10508
5 223 6620 222 10509
5 5657 8408 2216 10510
5 1463 7957 4636 10511
5 3384 8326 8076 10512
5 4265 10448 8085 10513
5 2669 7676 5916 10514
5 4663 6601 3311 10515
5 2122 7746 7230 10516
5 944 6593 5415 10517
5 4850 7157 1948 10518
5 7817 8952 2381 10519
5 1923 10565 5905 10520
5 1289 6775 1288 10521
5 3873 8686 3527 10522
5 4047 8259 2265 10523
5 2265 8131 4047 10524
5 5811 7768 3146 10525
5 3581 9726 8143 10526
5 5710 6530 3294 10527
5 509 6558 508 10528
5 5665 7613 3089 10529
5 1774 8671 5653 10530
5 3472 7318 5212 10531
5 5557 8023 1652 10532
5 6454 8346 4286 10533
5 3093 9930 8694 10534
5 2340 8249 4238 10535
5 221 6628 220 10536
5 2976 10017 4557 10537
5 4172 8622 5155 10538
5 6013 6538 3311 10539
5 2036 6994 2562 10540
5 611 8152 5609 10541
5 5646 8027 3005 10542
5 6198 7332 3292 10543
5 6235 7028 3068 10544
5 5359 8819 3447 10545
5 891 6590 890 10546
5 5319 8099 764 10547
5 3261 9960 8756 10548
5 6852 10201 7908 10549
5 5712 6557 1051 10550
5 5195 9745 1589 10551
5 2978 8816 6222 10552
5 763 8099 5318 10553
5 4883 7926 2903 10554
5 1064 6584 1063 10555
5 7729 9189 2512 10556
5 3034 8035 4538 10557
5 1493 6504 3816 10558
5 6157 6938 1596 10559
5 5916 7995 3139 10560
5 3383 10362 5421 10561
5 2131 9495 5405 10562
5 4365 7818 3270 10563
5 6793 10190 2140 10564
5 5217 7132 54 10565
5 4099 7204 2308 10566
5 938 6586 937 10567
5 2656 9474 4526 10568
5 368 8296 5573 10569
5 5939 7732 3045 10570
5 2566 9975 6359 10571
5 3030 8360 6702 10572
5 4826 10081 3168 10573
5 7809 9943 2910 10574
5 934 6587 933 10575
5 544 6551 543 10576
5 458 6579 457 10577
5 2406 10071 9841 10578
5 2866 10404 4961 10579
5 1741 6995 6994 10580
5 3432 9476 6856 10581
5 6189 7036 3062 10582
5 1824 9738 5245 10583
5 2372 9516 4288 10584
5 1856 7282 4168 10585
5 3693 9094 8668 10586
5 454 6583 453 10587
5 4312 8158 2625 10588
5 2842 7961 5836 10589
5 495 6571 494 10590
5 5989 8780 3532 10591
5 4023 8193 1747 10592
5 945 6593 944 10593
5 4651 9213 2330 10594
5 5910 8309 809 10595
5 1937 7815 7400 10596
5 5781 9481 3015 10597
5 5827 7075 3998 10598
5 2177 9923 8921 10599
5 4646 8963 6768 10600
5 4186 9721 8556 10601
5 4091 7421 2248 10602
5 5585 9848 2884 10603
5 1625 9246 5809 10604
5 4618 10243 7172 10605
5 5032 9325 7226 10606
5 2860 6696 6336 10607
5 2308 7844 4099 10608
5 3395 8821 8778 10609
5 2908 10272 5418 10610
5 6032 6659 3116 10611
5 5241 6849 3240 10612
5 919 6604 918 10613
5 3362 7636 6232 10614
5 2063 10357 8802 10615
5 6981 9702 4490 10616
5 6866 9354 4257 10617
5 5211 7155 32 10618
5 2248 7712 4091 10619
5 5823 10011 563 10620
5 479 6581 478 10621
5 3464 9097 5532 10622
5 8727 9226 1669 10623
5 4813 9194 3014 10624
5 6132 6892 1471 10625
5 2728 7377 5134 10626
5 4613 8827 6467 10627
5 3173 9688 5826 10628
5 6912 10180 2442 10629
5 3680 10502 9431 10630
5 8520 9490 2557 10631
5 1443 5651 5650 10632
5 5630 10337 2959 10633
5 6323 7536 3878 10634
5 913 6607 912 10635
5 1031 6596 1030 10636
5 6331 7813 2243 10637
5 4253 7538 3276 10638
5 1659 8553 5861 10639
5 5357 8359 450 10640
5 4828 5877 2016 10641
5 2020 10536 7369 10642
5 5355 6808 2928 10643
5 2909 9898 4259 10644
5 1035 6597 1034 10645
5 5401 10038 2557 10646
5 2404 7320 3956 10647
5 2467 7990 3683 10648
5 6933 7687 4393 10649
5 283 6645 282 10650
5 2881 9705 5709 10651
5 5693 7250 1930 10652
5 2200 8302 6601 10653
5 3765 8859 5518 10654
5 2121 9389 6678 10655
5 2966 7250 5693 10656
5 7023 9677 4063 10657
5 2923 8355 5959 10658
5 2948 7454 5369 10659
5 294 6644 293 10660
5 2557 10038 5405 10661
5 2557 9495 8524 10662
5 2145 7124 5456 10663
5 6279 6941 3517 10664
5 3397 10593 5352 10665
5 1912 9469 4414 10666
5 6750 8822 2292 10667
5 6507 10593 7547 10668
5 3209 7481 4851 10669
5 4393 7687 2408 10670
5 6479 10146 3488 10671
5 2769 9703 4901 10672
5 3529 10200 7270 10673
5 1409 9762 5807 10674
5 4057 8214 2425 10675
5 1452 9616 8848 10676
5 6107 7492 2935 10677
5 5460 9012 1681 10678
5 4849 9296 6475 10679
5 888 6616 887 10680
5 5930 7313 2071 10681
5 2430 9590 5494 10682
5 884 6618 883 10683
5 8909 9495 2131 10684
5 3545 10403 5972 10685
5 5215 6794 1434 10686
5 6305 7531 3359 10687
5 3546 9884 6812 10688
5 3161 7044 5807 10689
5 6042 10130 2794 10690
5 5619 8087 1098 10691
5 3433 10172 3859 10692
5 5839 10182 4103 10693
5 998 6609 997 10694
5 1060 6612 1059 10695
5 1849 9993 5736 10696
5 1763 8963 4646 10697
5 994 6610 993 10698
5 2792 8164 5795 10699
5 2425 8226 4057 10700
5 3627 9507 5595 10701
5 1067 6614 1066 10702
5 1386 9743 1385 10703
5 2417 7123 4833 10704
5 4610 7229 2365 10705
5 3304 6834 5515 10706
5 6007 9888 3297 10707
5 5729 10205 2888 10708
5 3738 10485 9235 10709
5 1071 6615 1070 10710
5 5693 9760 2966 10711
5 5336 7527 2710 10712
5 2896 5920 4966 10713
5 90 6865 5265 10714
5 5067 9045 3130 10715
5 2066 7481 6496 10716
5 8564 9308 1437 10717
5 4708 7922 3236 10718
5 48 6902 47 10719
5 4605 8489 1851 10720
5 4507 10304 9571 10721
5 8568 9891 2295 10722
5 5109 7053 3478 10723
5 691 6640 690 10724
5 1013 6611 1012 10725
5 1099 8247 5619 10726
5 5447 6590 891 10727
5 395 6631 394 10728
5 3787 8572 1718 10729
5 4306 9886 6960 10730
5 2083 8916 4512 10731
5 5270 6970 110 10732
5 5080 10266 1438 10733
5 2506 9469 7951 10734
5 5366 8376 986 10735
5 2075 6776 4726 10736
5 1848 9092 7671 10737
5 111 6971 5270 10738
5 4715 10538 1852 10739
5 985 8376 5367 10740
5 8655 9847 2873 10741
5 6294 7504 3347 10742
5 5138 8661 3716 10743
5 3040 7951 5136 10744
5 5629 8419 3191 10745
5 2212 9603 5810 10746
5 5265 6864 89 10747
5 3354 8521 4430 10748
5 3026 8328 6223 10749
5 3648 9876 4574 10750
5 6858 9428 3465 10751
5 1758 9867 4957 10752
5 8015 8691 3616 10753
5 3352 7506 6295 10754
5 2023 8836 7047 10755
5 6139 7100 1449 10756
5 4126 7245 3162 10757
5 6796 8844 2894 10758
5 850 6638 849 10759
5 2580 9775 4633 10760
5 4663 9598 6601 10761
5 5631 8016 1700 10762
5 971 6621 970 10763
5 5876 8962 4484 10764
5 4238 9250 3816 10765
5 931 6625 930 10766
5 987 8090 5366 10767
5 4412 9461 7682 10768
5 5580 6485 590 10769
5 6525 9434 2271 10770
5 6932 8148 3975 10771
5 805 6650 804 10772
5 533 7193 532 10773
5 6155 7958 2956 10774
5 7878 8319 3568 10775
5 2988 9310 4378 10776
5 2313 8573 6911 10777
5 881 6639 880 10778
5 418 6626 417 10779
5 927 6629 926 10780
5 4684 10225 1892 10781
5 4778 8692 3270 10782
5 1848 7671 6922 10783
5 962 6623 961 10784
5 529 7197 528 10785
5 88 6864 5264 10786
5 877 6642 876 10787
5 5200 9839 4291 10788
5 7541 8277 2778 10789
5 1605 9602 5221 10790
5 952 6627 951 10791
5 5995 8387 2937 10792
5 5182 6751 2919 10793
5 593 6487 5579 10794
5 196 6732 195 10795
5 4238 8249 8095 10796
5 3882 8423 7898 10797
5 4046 7092 6082 10798
5 1518 8141 4819 10799
5 5856 7289 2824 10800
5 4162 8582 8455 10801
5 2455 9910 4586 10802
5 1140 6673 1139 10803
5 604 9976 5842 10804
5 5654 8453 1445 10805
5 404 6637 403 10806
5 194 6731 193 10807
5 8694 8810 3093 10808
5 5204 8628 3164 10809
5 6079 9864 4558 10810
5 2765 7052 5532 10811
5 827 6657 826 10812
5 4357 9150 2722 10813
5 3231 6804 5970 10814
5 4780 10292 1972 10815
5 192 6738 191 10816
5 1647 8901 8164 10817
5 5264 6867 87 10818
5 5632 8298 2144 10819
5 873 6651 872 10820
5 2849 7979 5881 10821
5 7425 9296 3567 10822
5 3361 7498 7455 10823
5 2008 8830 7867 10824
5 6842 10250 7316 10825
5 2478 9919 3827 10826
5 869 6655 868 10827
5 4326 9107 3243 10828
5 3559 8128 7981 10829
5 1644 10014 5517 10830
5 862 6658 861 10831
5 4101 8649 1686 10832
5 2988 7038 5922 10833
5 365 6681 364 10834
5 4871 9356 2699 10835
5 854 6663 853 10836
5 4774 8100 1473 10837
5 7178 8904 1942 10838
5 3173 7894 4729 10839
5 4268 10242 1805 10840
5 3032 7318 6816 10841
5 7320 10628 3134 10842
5 30 7013 29 10843
5 5312 8789 3957 10844
5 5631 9461 4412 10845
5 3374 8676 6171 10846
5 1112 6649 1111 10847
5 3015 9481 7668 10848
5 361 6684 360 10849
5 1673 9802 3985 10850
5 4402 9826 3298 10851
5 2024 7931 5314 10852
5 1820 9404 5351 10853
5 3298 9996 4402 10854
5 169 6761 168 10855
5 2199 8368 6439 10856
5 3262 10482 6427 10857
5 5658 10203 1949 10858
5 8095 9250 4238 10859
5 5651 10239 5650 10860
5 5897 7063 3396 10861
5 5035 9444 1708 10862
5 5499 8544 2764 10863
5 3088 7585 5080 10864
5 5332 8255 3994 10865
5 397 6656 396 10866
5 1693 7908 4443 10867
5 5430 9830 1588 10868
5 2683 10297 5451 10869
5 167 6760 166 10870
5 391 6670 390 10871
5 3274 10013 8856 10872
5 5935 8382 2405 10873
5 3148 7444 5477 10874
5 6207 8047 3024 10875
5 5966 7908 1693 10876
5 2568 10073 7335 10877
5 5628 7136 2561 10878
5 2448 8821 7523 10879
5 165 6763 164 10880
5 4340 10299 10124 10881
5 802 6680 801 10882
5 464 6552 5523 10883
5 834 6674 833 10884
5 830 6675 829 10885
5 7253 7610 3188 10886
5 7685 8638 2516 10887
5 3053 8398 4521 10888
5 798 6682 797 10889
5 5393 8554 470 10890
5 5555 7141 3083 10891
5 2402 10613 4928 10892
5 3057 9029 6947 10893
5 5507 9131 2968 10894
5 2176 9960 8978 10895
5 588 7210 587 10896
5 1580 7809 5317 10897
5 469 8554 5392 10898
5 1635 10392 5909 10899
5 5522 6554 461 10900
5 2670 8388 4627 10901
5 2175 7782 5445 10902
5 6215 8973 4022 10903
5 3942 9764 6225 10904
5 1388 7883 1387 10905
5 776 6686 775 10906
5 3909 9941 6894 10907
5 2776 9873 5511 10908
5 3336 8794 5547 10909
5 2713 10570 7070 10910
5 772 6687 771 10911
5 1156 6718 1155 10912
5 4325 8439 3443 10913
5 3519 8205 5370 10914
5 4644 8806 1857 10915
5 1937 7400 5799 10916
5 1569 8398 7588 10917
5 5727 7277 2120 10918
5 6127 8206 1889 10919
5 1632 8067 4951 10920
5 5983 7560 2966 10921
5 2042 8935 7966 10922
5 4690 10022 9334 10923
5 6257 9059 2721 10924
5 908 6664 907 10925
5 3361 6064 6063 10926
5 3546 6812 5351 10927
5 1678 9430 4137 10928
5 8669 8672 2198 10929
5 2613 7980 5173 10930
5 9488 9993 1849 10931
5 1516 8578 5502 10932
5 1862 9706 5405 10933
5 2231 10110 8662 10934
5 6007 8775 4670 10935
5 904 6666 903 10936
5 1783 9507 4116 10937
5 10319 10528 2093 10938
5 2249 10538 6347 10939
5 2834 7844 6954 10940
5 4289 9554 6387 10941
5 5020 8576 1857 10942
5 10191 10593 3074 10943
5 5946 9753 1622 10944
5 7873 8739 3624 10945
5 4991 7513 2576 10946
5 5452 8984 2737 10947
5 3171 8416 6860 10948
5 6079 7893 3144 10949
5 5534 7989 2739 10950
5 2900 7352 6035 10951
5 7087 10102 4049 10952
5 5811 10007 3145 10953
5 5274 6917 1278 10954
5 5537 6547 472 10955
5 3336 7429 6259 10956
5 1509 8444 6385 10957
5 1123 6679 1122 10958
5 5061 6047 1454 10959
5 3478 8982 5109 10960
5 2301 8844 6796 10961
5 2151 8384 8378 10962
5 2265 8179 5444 10963
5 2292 8822 4016 10964
5 2411 8633 4121 10965
5 3561 8139 7993 10966
5 4124 8041 2234 10967
5 6376 7952 4062 10968
5 6825 7722 2294 10969
5 3059 9041 6100 10970
5 7668 9481 3875 10971
5 1277 6917 5277 10972
5 3929 10384 4715 10973
5 5350 6810 1228 10974
5 2353 8853 8189 10975
5 1669 8742 8727 10976
5 2412 9948 4661 10977
5 4749 10588 1819 10978
5 1121 6669 1120 10979
5 4443 10201 5227 10980
5 4691 9191 3161 10981
5 4377 10007 2324 10982
5 2712 10243 4618 10983
5 3008 8054 6688 10984
5 1202 6746 1201 10985
5 3733 8435 7814 10986
5 1979 7784 5235 10987
5 823 6690 822 10988
5 636 7278 635 10989
5 1096 6665 1095 10990
5 6154 8617 4409 10991
5 5323 7897 2126 10992
5 4016 8839 2292 10993
5 2866 9568 5893 10994
5 1063 6584 5512 10995
5 4391 9451 7243 10996
5 5383 6746 1202 10997
5 2207 8336 7033 10998
5 1143 6723 1142 10999
5 795 6700 794 11000
5 1163 6739 1162 11001
5 791 6701 790 11002
5 671 6695 670 11003
5 4006 8977 1546 11004
5 3114 9756 5438 11005
5 8304 8339 4890 11006
5 1633 7975 4345 11007
5 5329 9482 2264 11008
5 1521 10323 4712 11009
5 7901 9041 3059 11010
5 5277 7045 1276 11011
5 2088 8795 8203 11012
5 2139 9579 5467 11013
5 3280 10041 8880 11014
5 3047 7689 5603 11015
5 5801 7912 3109 11016
5 5753 9258 2320 11017
5 358 6722 357 11018
5 841 6692 840 11019
5 7686 9454 2389 11020
5 2493 9147 7329 11021
5 5531 8058 2115 11022
5 3768 7148 5378 11023
5 2103 8748 6001 11024
5 5513 6612 1060 11025
5 5600 10172 3433 11026
5 7408 9273 1595 11027
5 2234 7875 4124 11028
5 5707 7952 2620 11029
5 3725 9146 8726 11030
5 387 6698 386 11031
5 745 6710 744 11032
5 1147 6727 1146 11033
5 3823 8700 1545 11034
5 2587 6880 4609 11035
5 5567 8809 3344 11036
5 741 6712 740 11037
5 1790 8354 4463 11038
5 7838 7985 2038 11039
5 6152 9546 2789 11040
5 3633 8600 8342 11041
5 6711 7254 2444 11042
5 1509 9674 7452 11043
5 2523 9372 5592 11044
5 8940 9579 2139 11045
5 1279 7040 5274 11046
5 21 7456 5857 11047
5 5582 6531 619 11048
5 1127 6693 1126 11049
5 815 6699 814 11050
5 4732 8881 5271 11051
5 6351 7503 1487 11052
5 2464 9522 4694 11053
5 3269 9495 8909 11054
5 4912 9178 1895 11055
5 3714 7489 5706 11056
5 5101 10346 4 11057
5 354 6725 353 11058
5 8133 8670 4112 11059
5 5000 9684 1442 11060
5 3692 9062 8534 11061
5 3455 10613 2327 11062
5 2114 8063 5533 11063
5 5306 9294 3282 11064
5 8655 10531 4070 11065
5 3385 10514 4475 11066
5 6947 9029 3691 11067
5 6258 7433 3344 11068
5 5394 9260 2953 11069
5 1981 7851 5692 11070
5 5064 6803 2955 11071
5 7928 8130 3858 11072
5 3103 6303 5880 11073
5 3217 8171 6114 11074
5 4138 7072 2431 11075
5 6342 9554 4289 11076
5 7168 10167 2167 11077
5 4770 8327 1725 11078
5 2446 8751 4303 11079
5 5885 6357 1568 11080
5 2318 7766 6304 11081
5 2124 10403 5042 11082
5 2186 8718 5733 11083
5 428 7294 427 11084
5 4439 8010 1693 11085
5 4846 10362 3383 11086
5 2786 8569 3200 11087
5 6432 9610 4758 11088
5 6113 8175 3220 11089
5 381 6705 380 11090
5 3083 7141 5616 11091
5 2341 7178 3598 11092
5 2441 9332 3121 11093
5 424 7298 423 11094
5 5623 10446 2547 11095
5 4435 7918 1447 11096
5 422 7303 421 11097
5 6807 9537 1959 11098
5 5433 8820 555 11099
5 5127 8981 3684 11100
5 5425 8741 514 11101
5 9508 9633 4599 11102
5 1833 10551 4842 11103
5 554 8820 5434 11104
5 3585 8394 7913 11105
5 513 8741 5424 11106
5 3071 6934 6409 11107
5 3943 5890 1587 11108
5 622 6537 5581 11109
5 1832 7237 4561 11110
5 3253 6811 6019 11111
5 3065 6965 6298 11112
5 3130 7160 5067 11113
5 4110 9981 7558 11114
5 1953 9158 7497 11115
5 5836 7961 601 11116
5 7841 10219 3772 11117
5 1767 9942 4148 11118
5 4867 10249 7300 11119
5 2565 9579 8601 11120
5 350 6741 349 11121
5 2936 6967 4672 11122
5 6155 9621 3046 11123
5 2367 9710 5326 11124
5 3377 10612 9517 11125
5 95 6829 94 11126
5 1821 8805 4252 11127
5 648 7314 647 11128
5 8774 9499 4075 11129
5 4675 10149 2595 11130
5 770 6719 769 11131
5 3592 8477 7884 11132
5 3060 8823 8604 11133
5 3090 8643 7726 11134
5 937 6586 5542 11135
5 5426 8124 3193 11136
5 766 6720 765 11137
5 2597 6996 4399 11138
5 4740 5897 1649 11139
5 650 7315 649 11140
5 2404 8382 5935 11141
5 1633 6838 6735 11142
5 2124 8428 7804 11143
5 5543 6587 934 11144
5 5084 7264 3525 11145
5 2431 7845 4138 11146
5 5184 8638 1870 11147
5 783 6716 782 11148
5 2321 9963 3907 11149
5 2892 7925 5095 11150
5 7420 8263 4550 11151
5 779 6717 778 11152
5 1228 6810 1227 11153
5 2385 7326 4874 11154
5 3118 9412 8538 11155
5 752 6728 751 11156
5 1150 6755 1149 11157
5 2423 7167 4887 11158
5 3588 8404 7917 11159
5 1706 8042 5565 11160
5 5431 8739 500 11161
5 3376 7564 6338 11162
5 9169 10475 4477 11163
5 1638 8771 6754 11164
5 712 6742 711 11165
5 7465 9051 1418 11166
5 2913 6699 4752 11167
5 93 6828 92 11168
5 5489 7393 2097 11169
5 4143 7727 7667 11170
5 2886 10630 5529 11171
5 525 6528 5621 11172
5 2246 9110 5245 11173
5 3803 10346 5101 11174
5 6296 7381 1443 11175
5 3760 10226 9085 11176
5 1967 9975 5453 11177
5 5752 8472 2217 11178
5 654 7332 653 11179
5 942 8615 5416 11180
5 5415 8615 943 11181
5 8225 8231 3210 11182
5 1229 7803 5350 11183
5 5620 6529 522 11184
5 4029 8844 2301 11185
5 1154 6758 1153 11186
5 7823 8587 3601 11187
5 4509 9195 3530 11188
5 4392 9238 2675 11189
5 703 6747 702 11190
5 2301 8849 4029 11191
5 5422 10479 3060 11192
5 4843 7936 1991 11193
5 3059 9540 8887 11194
5 3095 7014 6589 11195
5 233 6781 232 11196
5 319 6765 318 11197
5 3972 10454 5302 11198
5 2648 8764 5250 11199
5 4365 8228 7818 11200
5 5405 7881 2131 11201
5 1981 10214 4734 11202
5 6239 7385 3332 11203
5 315 6767 314 11204
5 1995 7458 6380 11205
5 4984 7306 1435 11206
5 8618 9605 2565 11207
5 28 7003 27 11208
5 3293 9049 6261 11209
5 2181 10013 9023 11210
5 733 6736 732 11211
5 6118 10333 1597 11212
5 4198 8810 8694 11213
5 2496 8605 5348 11214
5 1788 8755 5687 11215
5 3313 9634 6082 11216
5 1052 8270 5712 11217
5 6948 10589 4808 11218
5 2983 9897 5799 11219
5 6750 10248 2081 11220
5 7083 8873 5798 11221
5 4773 7777 2072 11222
5 4048 8654 2432 11223
5 729 6737 728 11224
5 4905 7632 1995 11225
5 4236 6224 1816 11226
5 6010 9430 4923 11227
5 618 6531 5622 11228
5 2351 7226 3679 11229
5 2072 7777 5539 11230
5 4840 7450 2664 11231
5 2945 8573 5991 11232
5 3189 7359 4537 11233
5 6091 7967 3035 11234
5 7222 9173 3893 11235
5 1972 7520 7030 11236
5 2432 8664 4048 11237
5 5881 7979 540 11238
5 3321 9646 5833 11239
5 5744 10553 2536 11240
5 1512 9447 4461 11241
5 6224 8293 2190 11242
5 6138 6815 3024 11243
5 2197 10483 6689 11244
5 2565 10176 5467 11245
5 1300 7142 5281 11246
5 1605 8571 7075 11247
5 7146 8971 3923 11248
5 5281 7004 1299 11249
5 5484 9605 2138 11250
5 4646 7559 1763 11251
5 2317 8113 5736 11252
5 412 7432 5816 11253
5 4519 8469 2915 11254
5 918 6604 5561 11255
5 6204 8138 2264 11256
5 4079 8402 2283 11257
5 5569 6593 945 11258
5 7549 9184 4403 11259
5 3726 10313 5111 11260
5 2765 7134 6523 11261
5 2283 8244 4079 11262
5 4319 10586 6188 11263
5 5696 6213 2660 11264
5 281 7391 280 11265
5 3112 7568 4925 11266
5 5742 8857 5188 11267
5 333 6770 332 11268
5 5194 8551 2634 11269
5 2318 7292 4130 11270
5 4142 6572 5921 11271
5 3340 7395 6238 11272
5 5156 10518 9145 11273
5 3019 8023 5557 11274
5 1340 6980 1339 11275
5 1029 7338 1028 11276
5 1139 6673 5500 11277
5 5427 6310 3127 11278
5 4897 8314 2932 11279
5 505 7327 504 11280
5 4384 8841 2461 11281
5 5357 6519 2962 11282
5 1857 8806 5975 11283
5 3396 8411 5897 11284
5 3260 6830 6049 11285
5 6872 9084 4703 11286
5 2225 7428 6174 11287
5 2617 8795 8163 11288
5 346 6766 345 11289
5 5563 6607 913 11290
5 4857 6527 3089 11291
5 2791 7767 5653 11292
5 4860 9758 2725 11293
5 2918 7443 6112 11294
5 2116 8245 5576 11295
5 4274 8080 6428 11296
5 5484 10176 2565 11297
5 82 6863 81 11298
5 340 6769 339 11299
5 4228 10393 7247 11300
5 1294 6923 1293 11301
5 2364 9821 6037 11302
5 9021 9440 3802 11303
5 5330 9867 1758 11304
5 4660 9564 2504 11305
5 5012 9763 3513 11306
5 3439 10624 8983 11307
5 1447 7918 5745 11308
5 549 6526 5664 11309
5 2740 9197 5712 11310
5 786 7367 785 11311
5 4130 7766 2318 11312
5 2457 9970 3781 11313
5 1203 8139 5383 11314
5 91 6865 90 11315
5 6315 6580 2587 11316
5 4515 6280 2647 11317
5 3577 6809 6774 11318
5 4992 8430 1716 11319
5 8473 10010 1612 11320
5 2336 8955 6632 11321
5 3643 9143 6389 11322
5 6347 7755 2249 11323
5 5473 10220 1756 11324
5 5665 6527 546 11325
5 1770 8385 4878 11326
5 6845 7689 2883 11327
5 2284 9296 7425 11328
5 306 6778 305 11329
5 3129 8312 6938 11330
5 187 6841 186 11331
5 2113 10580 9138 11332
5 1373 10334 1372 11333
5 610 7217 609 11334
5 4681 9776 2614 11335
5 6782 10181 2912 11336
5 6184 9673 4703 11337
5 7233 8266 1992 11338
5 1214 6817 1213 11339
5 5488 6718 1156 11340
5 5406 9898 2909 11341
5 2120 8392 5442 11342
5 3916 9244 5597 11343
5 521 7215 520 11344
5 7897 10353 3499 11345
5 2993 9076 4151 11346
5 1077 7358 1076 11347
5 89 6864 88 11348
5 6897 7737 2467 11349
5 5321 7019 1260 11350
5 2187 10041 9058 11351
5 6017 9840 3603 11352
5 8878 10264 1410 11353
5 2977 7972 6071 11354
5 5339 8915 3985 11355
5 3885 10567 4967 11356
5 5673 7308 3127 11357
5 5601 9717 1404 11358
5 5402 5775 3060 11359
5 3281 9579 8940 11360
5 2067 9422 8494 11361
5 4141 8730 1688 11362
5 4933 6603 2657 11363
5 1073 7362 1072 11364
5 4144 7173 2249 11365
5 1089 7364 1088 11366
5 1996 9842 4921 11367
5 6538 8000 1610 11368
5 5799 7400 2983 11369
5 5781 7290 1547 11370
5 1573 8821 5953 11371
5 1914 7083 5798 11372
5 736 7388 735 11373
5 377 7384 376 11374
5 1218 6821 1217 11375
5 4492 9984 7874 11376
5 1683 7001 6951 11377
5 4843 9187 1881 11378
5 6027 8541 2955 11379
5 6075 10015 1679 11380
5 375 7385 374 11381
5 1906 8621 4734 11382
5 4170 10508 8717 11383
5 8775 10052 4701 11384
5 8575 8576 5020 11385
5 4307 7977 7125 11386
5 3242 10335 6188 11387
5 1261 7034 5321 11388
5 1416 8874 4555 11389
5 1924 9527 7929 11390
5 5016 10294 2816 11391
5 87 6867 86 11392
5 5694 8225 2583 11393
5 5748 10498 4838 11394
5 3157 8696 5917 11395
5 56 6929 55 11396
5 3323 10568 5936 11397
5 1647 8164 6348 11398
5 8277 9736 1407 11399
5 4790 10268 1675 11400
5 8626 8918 5384 11401
5 887 6616 5577 11402
5 214 6831 213 11403
5 4475 8666 2978 11404
5 6244 9864 2091 11405
5 371 7395 370 11406
5 4888 10006 1543 11407
5 5578 6618 884 11408
5 1735 9005 6212 11409
5 1207 6822 1206 11410
5 5199 10057 4848 11411
5 2925 7460 6128 11412
5 1351 7174 1350 11413
5 8339 9030 4890 11414
5 7434 9693 4898 11415
5 3683 6694 2467 11416
5 445 7365 444 11417
5 325 6777 324 11418
5 8708 8891 3986 11419
5 3681 7437 5857 11420
5 3001 10206 6891 11421
5 5540 8858 2572 11422
5 3654 9639 5687 11423
5 4546 10550 7107 11424
5 321 6780 320 11425
5 1878 10295 7699 11426
5 5446 8688 893 11427
5 1171 6804 1170 11428
5 892 8688 5447 11429
5 1824 8521 5858 11430
5 7589 7922 3016 11431
5 5842 8841 4384 11432
5 9240 10076 3230 11433
5 1626 9445 5407 11434
5 2172 10215 6344 11435
5 2249 7755 4144 11436
5 260 6800 259 11437
5 894 8343 5446 11438
5 3273 6837 6056 11439
5 5716 6515 572 11440
5 693 6751 692 11441
5 4703 9084 1778 11442
5 8620 10572 2681 11443
5 1175 6806 1174 11444
5 1568 7423 5394 11445
5 5521 9133 3416 11446
5 16 7438 15 11447
5 3543 7313 5930 11448
5 457 6579 5636 11449
5 251 6803 250 11450
5 8649 10200 3529 11451
5 2983 7669 5985 11452
5 3049 8226 7079 11453
5 1318 6956 1317 11454
5 7374 10321 4355 11455
5 7955 8313 2314 11456
5 5635 6583 454 11457
5 3022 7534 6284 11458
5 5658 10069 3966 11459
5 2484 10275 5391 11460
5 4970 10293 1551 11461
5 2887 6014 5824 11462
5 1177 6811 1176 11463
5 6362 7199 1779 11464
5 2673 9889 5930 11465
5 3267 8324 6231 11466
5 7643 9055 2080 11467
5 3258 7327 5734 11468
5 1789 7674 4562 11469
5 3257 9894 4718 11470
5 5992 5993 1561 11471
5 4244 10057 5199 11472
5 2950 7555 5760 11473
5 6309 7426 2911 11474
5 5503 6739 1163 11475
5 4190 9686 8525 11476
5 5202 8683 1871 11477
5 2495 8479 6080 11478
5 1181 6813 1180 11479
5 2471 9271 5373 11480
5 7776 8977 4006 11481
5 6066 9714 4721 11482
5 4340 10124 4584 11483
5 7837 8567 3312 11484
5 2222 10493 6793 11485
5 2367 7610 4631 11486
5 4576 8248 1882 11487
5 3542 10595 8000 11488
5 5807 7044 3126 11489
5 6060 6853 3283 11490
5 218 6846 217 11491
5 4535 7653 1661 11492
5 2655 6093 4795 11493
5 7931 8501 2969 11494
5 5384 8197 1592 11495
5 5780 9938 3913 11496
5 4389 8650 6356 11497
5 276 6802 275 11498
5 5979 9587 2002 11499
5 7588 8398 3053 11500
5 3279 6843 6061 11501
5 249 6815 248 11502
5 5395 8888 1762 11503
5 8192 10048 5223 11504
5 1183 6830 1182 11505
5 3212 8165 4552 11506
5 5173 8187 3552 11507
5 3920 7417 1502 11508
5 3030 6800 5999 11509
5 1240 6893 1239 11510
5 5669 7186 3106 11511
5 1278 6917 1277 11512
5 6008 8199 1000 11513
5 5121 6507 2118 11514
5 245 6818 244 11515
5 3234 9818 9591 11516
5 1633 6969 6838 11517
5 3161 7188 7044 11518
5 5113 10202 3213 11519
5 7448 7781 2145 11520
5 2266 7619 4128 11521
5 1187 6835 1186 11522
5 5315 7031 1304 11523
5 3965 9384 5688 11524
5 5420 6841 187 11525
5 2263 10094 9018 11526
5 959 7892 5846 11527
5 3948 7991 7637 11528
5 1189 6837 1188 11529
5 4406 10252 1682 11530
5 1305 7156 5315 11531
5 5590 6650 805 11532
5 4609 6450 2587 11533
5 1871 9571 5645 11534
5 1458 9040 6441 11535
5 364 6681 5571 11536
5 3406 7783 6282 11537
5 1193 6839 1192 11538
5 4379 9644 2840 11539
5 2243 7893 6079 11540
5 1195 6843 1194 11541
5 2324 10007 5811 11542
5 6801 9996 5650 11543
5 3591 8136 8122 11544
5 2003 8316 7577 11545
5 659 7424 658 11546
5 3483 8134 6009 11547
5 204 6869 203 11548
5 3635 9575 9085 11549
5 661 7429 660 11550
5 5104 6844 2969 11551
5 2574 10467 6038 11552
5 5405 9706 7881 11553
5 875 7427 874 11554
5 10007 10036 3145 11555
5 4118 7355 2609 11556
5 5570 6684 361 11557
5 3836 10368 8157 11558
5 8411 8436 1649 11559
5 2061 9664 7617 11560
5 225 6844 224 11561
5 4694 8124 2464 11562
5 1788 9639 4171 11563
5 5816 8318 411 11564
5 5101 9230 3690 11565
5 4128 8177 2266 11566
5 6094 10101 4421 11567
5 4122 8057 2453 11568
5 2956 7958 6799 11569
5 2001 6580 3341 11570
5 5857 7437 20 11571
5 5112 7839 3250 11572
5 2453 8059 4122 11573
5 6954 7844 2308 11574
5 1514 10135 5379 11575
5 665 7433 664 11576
5 5022 8685 1904 11577
5 3338 9690 5911 11578
5 667 7435 666 11579
5 2951 9199 5652 11580
5 5875 6973 3713 11581
5 2190 8607 5372 11582
5 5663 6596 1031 11583
5 2309 10239 5651 11584
5 4525 7425 3168 11585
5 3831 10258 4684 11586
5 2394 9759 5671 11587
5 7181 10464 1970 11588
5 5267 7196 3776 11589
5 1034 6597 5662 11590
5 4980 7116 2122 11591
5 1429 10026 4314 11592
5 5293 9618 2171 11593
5 1562 9399 5805 11594
5 2262 10612 7570 11595
5 3895 9119 7245 11596
5 4923 8427 1919 11597
5 8071 10265 2342 11598
5 5626 6638 850 11599
5 3834 9645 9636 11600
5 7281 9218 4328 11601
5 6942 7522 3080 11602
5 3876 9403 6437 11603
5 1970 10464 6187 11604
5 185 6883 184 11605
5 181 6885 180 11606
5 2383 10467 4327 11607
5 1387 7084 1386 11608
5 2639 8772 5310 11609
5 853 6663 5625 11610
5 7937 10094 2263 11611
5 5980 9708 1608 11612
5 103 6906 102 11613
5 5311 8777 2639 11614
5 4553 9226 7436 11615
5 3189 9865 3667 11616
5 4572 7832 2111 11617
5 5846 8307 958 11618
5 3371 8064 7749 11619
5 4303 8751 5823 11620
5 1435 8464 4984 11621
5 394 6631 5644 11622
5 7812 7846 2108 11623
5 2595 10375 4675 11624
5 584 7407 583 11625
5 3176 8451 5525 11626
5 582 7409 581 11627
5 1442 6307 5000 11628
5 6208 9172 1894 11629
5 5236 7489 1450 11630
5 3451 8370 2322 11631
5 2992 8266 7233 11632
5 1251 6927 1250 11633
5 1199 6853 1198 11634
5 5413 6893 1240 11635
5 5338 10205 3864 11636
5 508 6558 5735 11637
5 2800 8032 4473 11638
5 6365 7179 2036 11639
5 3227 9473 5219 11640
5 4697 8972 1870 11641
5 6046 8073 1042 11642
5 133 6914 132 11643
5 4495 7994 3172 11644
5 1768 6724 4841 11645
5 2606 7784 5937 11646
5 1045 8077 6051 11647
5 7475 9791 2875 11648
5 2570 9462 6361 11649
5 3617 8446 8001 11650
5 4303 7516 2446 11651
5 6988 7535 3020 11652
5 1652 10068 5557 11653
5 3076 8852 5365 11654
5 4465 9602 5827 11655
5 2898 8073 6046 11656
5 6709 8999 2589 11657
5 4181 7243 1584 11658
5 3904 6862 5637 11659
5 199 6890 198 11660
5 328 7499 327 11661
5 2878 7730 5627 11662
5 6289 7402 2633 11663
5 4733 9281 6509 11664
5 4437 10224 1720 11665
5 4134 8211 2275 11666
5 2381 8952 6748 11667
5 5592 9372 3287 11668
5 5508 9729 1750 11669
5 2820 8191 4511 11670
5 4669 5908 2714 11671
5 2975 7077 6170 11672
5 5643 6670 391 11673
5 1684 9407 7624 11674
5 5976 9142 1604 11675
5 6051 8077 2897 11676
5 2275 7765 4134 11677
5 5523 9020 463 11678
5 3549 7779 5067 11679
5 188 8136 5420 11680
5 1059 6612 5680 11681
5 462 9020 5522 11682
5 8864 9415 3342 11683
5 3463 8272 4513 11684
5 211 6877 210 11685
5 4151 7661 6608 11686
5 6327 8892 1510 11687
5 5682 6614 1067 11688
5 3707 10432 7143 11689
5 1061 8950 5513 11690
5 2454 8933 4465 11691
5 5512 8950 1062 11692
5 4779 10529 10141 11693
5 1070 6615 5681 11694
5 1618 9429 6052 11695
5 3505 7552 4837 11696
5 8479 9923 2177 11697
5 7079 8226 2425 11698
5 5304 8181 1926 11699
5 4225 9799 1700 11700
5 642 8075 6054 11701
5 5353 8735 3239 11702
5 6006 10423 1493 11703
5 2576 7404 3754 11704
5 4175 7164 2257 11705
5 7928 10470 5191 11706
5 5201 9112 3694 11707
5 4328 8804 7281 11708
5 5873 9688 4729 11709
5 2429 7836 7835 11710
5 8264 9917 2939 11711
5 5802 7303 3268 11712
5 2366 9305 4497 11713
5 681 6974 680 11714
5 7042 9796 3180 11715
5 4071 8715 5575 11716
5 149 6924 148 11717
5 8583 8584 2172 11718
5 8553 9394 3474 11719
5 3534 7516 5940 11720
5 5008 8733 2376 11721
5 2072 7396 7198 11722
5 4044 10463 4858 11723
5 3063 10501 5321 11724
5 352 7514 351 11725
5 2209 7925 4984 11726
5 5927 8388 2670 11727
5 924 8200 6092 11728
5 494 6571 5760 11729
5 3100 7121 6248 11730
5 5499 6565 1470 11731
5 7760 8478 1625 11732
5 6399 7598 1595 11733
5 4343 10552 1742 11734
5 3358 9233 5898 11735
5 1241 7939 5413 11736
5 8630 8648 1703 11737
5 2638 8811 7015 11738
5 6501 8491 2698 11739
5 5988 7187 2462 11740
5 473 9094 5537 11741
5 1835 9219 6197 11742
5 7260 9900 2998 11743
5 5306 8869 3801 11744
5 5349 9305 2366 11745
5 5501 8412 1136 11746
5 2739 7989 7128 11747
5 4741 9311 3776 11748
5 880 6639 5678 11749
5 1425 7419 5396 11750
5 9452 10045 5311 11751
5 1137 8760 5501 11752
5 4513 8003 3463 11753
5 2385 10437 5528 11754
5 5679 6642 877 11755
5 5412 7939 1242 11756
5 5586 7153 2238 11757
5 2471 7279 4901 11758
5 6086 7805 2790 11759
5 6004 10489 3422 11760
5 2257 8008 4175 11761
5 5462 8863 3419 11762
5 5500 8760 1138 11763
5 1299 7004 1298 11764
5 3420 7800 6306 11765
5 2879 8664 7312 11766
5 2854 9719 4397 11767
5 1243 7949 5412 11768
5 4951 8067 5634 11769
5 3444 7212 5094 11770
5 9710 10022 4690 11771
5 1157 8636 5488 11772
5 2507 8756 6161 11773
5 5504 9048 1361 11774
5 3641 8699 8112 11775
5 591 9362 5580 11776
5 4947 9255 6897 11777
5 8784 9597 2901 11778
5 3826 9737 5606 11779
5 5579 9362 592 11780
5 826 6657 5677 11781
5 9650 9660 3828 11782
5 2424 10330 6307 11783
5 9106 10073 2568 11784
5 3318 10264 4719 11785
5 3779 10025 8239 11786
5 3250 9628 5808 11787
5 4908 10106 7120 11788
5 4431 10457 5594 11789
5 1007 9062 5538 11790
5 2169 8363 6069 11791
5 2232 9569 5165 11792
5 2063 8743 5418 11793
5 6054 8075 2899 11794
5 8756 9960 2176 11795
5 4034 9503 8320 11796
5 139 6939 138 11797
5 3749 9969 1429 11798
5 4961 9185 1418 11799
5 4905 9290 1888 11800
5 5855 8669 2198 11801
5 3452 7802 4925 11802
5 5702 9738 4335 11803
5 2138 8076 5484 11804
5 997 6609 5731 11805
5 4002 10026 8561 11806
5 5476 6095 3160 11807
5 5787 6581 479 11808
5 5734 7327 505 11809
5 5706 9397 2673 11810
5 2526 10105 8624 11811
5 5732 6610 994 11812
5 6730 7115 4065 11813
5 3945 7641 3232 11814
5 5321 10501 3123 11815
5 981 7504 980 11816
5 3411 7140 5589 11817
5 5668 7201 3099 11818
5 491 7493 490 11819
5 5676 6690 823 11820
5 489 7495 488 11821
5 977 7506 976 11822
5 975 7507 974 11823
5 6110 10359 434 11824
5 1933 9566 6891 11825
5 738 8337 6179 11826
5 3133 10212 4094 11827
5 64 6967 63 11828
5 2357 8935 5588 11829
5 10141 10529 1467 11830
5 7251 9029 3057 11831
5 97 6944 96 11832
5 7598 9413 1595 11833
5 9268 9730 4434 11834
5 3040 9068 5326 11835
5 1796 10110 4784 11836
5 2945 10445 4879 11837
5 8414 8876 3538 11838
5 2924 7905 7369 11839
5 4441 10082 2298 11840
5 3541 7199 6362 11841
5 7562 10441 3515 11842
5 5542 9069 936 11843
5 9902 10280 2155 11844
5 3701 9862 5795 11845
5 935 9069 5543 11846
5 2857 9746 4405 11847
5 3155 7103 6157 11848
5 2277 10046 5191 11849
5 5432 10323 1521 11850
5 6468 9055 4447 11851
5 9215 9414 4012 11852
5 232 6781 5984 11853
5 6078 10285 1411 11854
5 1304 7031 1303 11855
5 5275 8690 2648 11856
5 6578 7599 1414 11857
5 5328 8908 2668 11858
5 3149 7860 5792 11859
5 5114 7280 1465 11860
5 5642 6723 1143 11861
5 2283 8422 5576 11862
5 6108 8707 2495 11863
5 3493 9082 5548 11864
5 1164 8663 5503 11865
5 3249 8605 6216 11866
5 2110 9726 8020 11867
5 2663 9908 8700 11868
5 1846 7179 6365 11869
5 6781 9839 5984 11870
5 575 7639 5715 11871
5 5481 10198 2294 11872
5 5916 7676 2028 11873
5 3387 8916 4983 11874
5 2901 9597 5762 11875
5 4436 9789 5335 11876
5 2956 8306 6155 11877
5 3099 7201 5689 11878
5 6057 8706 2969 11879
5 7312 8664 2432 11880
5 1980 9346 7171 11881
5 5174 10003 4410 11882
5 8121 10625 3201 11883
5 4885 8862 2877 11884
5 5465 10192 2221 11885
5 417 7415 416 11886
5 1023 7531 1022 11887
5 1025 7532 1024 11888
5 7569 8754 5165 11889
5 7896 7897 3499 11890
5 3171 9010 6578 11891
5 7774 9751 4531 11892
5 5718 6658 862 11893
5 4334 7414 5673 11894
5 1831 9036 6111 11895
5 3287 9372 8300 11896
5 2740 9170 5831 11897
5 1353 7152 1352 11898
5 872 6651 5722 11899
5 620 9265 5582 11900
5 1146 6727 5641 11901
5 6398 7647 3416 11902
5 5861 8553 3474 11903
5 5382 9435 3686 11904
5 1916 10129 9457 11905
5 5033 7833 2672 11906
5 126 6957 125 11907
5 5822 6791 1537 11908
5 8189 8853 3091 11909
5 2190 8293 3083 11910
5 5491 10541 2814 11911
5 5723 6655 869 11912
5 6067 9259 3357 11913
5 1483 10559 8086 11914
5 1534 8458 6977 11915
5 5720 6663 854 11916
5 788 8287 6190 11917
5 4824 6515 2931 11918
5 1804 7774 4531 11919
5 3144 7893 5731 11920
5 801 6680 5705 11921
5 4408 9356 1843 11922
5 5450 6927 1251 11923
5 5426 8923 2464 11924
5 4165 7578 6754 11925
5 3702 10052 8436 11926
5 1667 7223 5691 11927
5 1842 7876 5495 11928
5 4736 9548 2506 11929
5 2300 8595 5419 11930
5 5581 9265 621 11931
5 5858 8555 1824 11932
5 6208 8805 3014 11933
5 5704 6682 798 11934
5 123 6959 122 11935
5 119 6958 118 11936
5 5340 9255 3655 11937
5 775 6686 5700 11938
5 6688 7962 3008 11939
5 158 6943 157 11940
5 5699 6687 772 11941
5 50 7067 5388 11942
5 6018 6813 3261 11943
5 5824 9125 2027 11944
5 3552 7714 5173 11945
5 5762 6369 2901 11946
5 4836 6052 2622 11947
5 2886 6230 6229 11948
5 1083 8108 6115 11949
5 3288 7464 4860 11950
5 2051 7606 5574 11951
5 3308 9600 7515 11952
5 413 7432 412 11953
5 3110 8345 5493 11954
5 5961 7986 673 11955
5 3641 9348 7147 11956
5 5305 8748 2103 11957
5 156 6945 155 11958
5 4026 7170 5436 11959
5 2224 8840 4560 11960
5 5561 9098 917 11961
5 4847 9095 6286 11962
5 3180 9796 6346 11963
5 5600 7545 2130 11964
5 916 9098 5562 11965
5 5750 8548 3170 11966
5 1880 9140 4856 11967
5 5562 9099 915 11968
5 5701 10549 3380 11969
5 7227 8544 4247 11970
5 1616 8557 3942 11971
5 2583 9760 5693 11972
5 4179 7383 7322 11973
5 914 9099 5563 11974
5 1449 9995 6139 11975
5 5381 8881 8409 11976
5 3206 7991 5560 11977
5 2618 8082 6562 11978
5 5144 6667 2486 11979
5 7951 8129 4736 11980
5 3365 9782 4821 11981
5 6142 8921 2507 11982
5 3920 8329 7946 11983
5 946 9146 5569 11984
5 5218 8742 4173 11985
5 930 6625 5792 11986
5 1650 9252 7622 11987
5 2891 8356 7190 11988
5 5379 7166 1514 11989
5 3443 8439 5653 11990
5 1102 7564 1101 11991
5 2992 7528 6088 11992
5 3284 9524 5073 11993
5 5770 6637 404 11994
5 1969 7530 5964 11995
5 5820 6611 1013 11996
5 5793 6629 927 11997
5 4727 10308 6110 11998
5 4161 10316 5429 11999
5 2824 7289 6127 12000
5 8031 10147 4524 12001
5 4791 8491 7346 12002
5 1221 7638 1220 12003
5 759 7650 6029 12004
5 1371 7219 1370 12005
5 4979 10083 2174 12006
5 4268 10493 5254 12007
5 3213 7827 5113 12008
5 1852 8879 6100 12009
5 5969 6806 3254 12010
5 2996 7063 5897 12011
5 5801 6626 418 12012
5 6819 9597 4561 12013
5 999 7439 998 12014
5 5814 6621 971 12015
5 991 8088 6096 12016
5 162 6946 161 12017
5 171 6934 170 12018
5 1444 8712 5291 12019
5 3594 9626 5285 12020
5 4909 7057 3125 12021
5 6097 8090 988 12022
5 1252 8015 5450 12023
5 7346 9002 3369 12024
5 6296 8715 4071 12025
5 3038 5292 2707 12026
5 7130 7984 3122 12027
5 3502 7866 2630 12028
5 7515 9600 4585 12029
5 8358 10009 2947 12030
5 8474 9697 3486 12031
5 51 7067 50 12032
5 130 6968 129 12033
5 305 6778 5649 12034
5 631 8045 6066 12035
5 2561 6962 5057 12036
5 7160 9681 1611 12037
5 3490 9366 5586 12038
5 6523 7134 1607 12039
5 6481 7534 2146 12040
5 1751 8944 4358 12041
5 5388 7225 49 12042
5 6073 8045 632 12043
5 3149 10170 7861 12044
5 74 6992 73 12045
5 5759 7493 491 12046
5 5883 6757 3396 12047
5 5439 10484 4566 12048
5 1795 8893 4786 12049
5 4629 7057 2235 12050
5 5814 7712 2970 12051
5 1539 7440 5487 12052
5 5577 9118 886 12053
5 885 9118 5578 12054
5 2413 8974 5356 12055
5 4741 8161 1441 12056
5 5621 9419 524 12057
5 1614 9270 7317 12058
5 5521 10008 2717 12059
5 523 9419 5620 12060
5 421 7303 5802 12061
5 4161 9171 6871 12062
5 5805 8208 3005 12063
5 5152 9408 3811 12064
5 7789 9837 3328 12065
5 3024 8413 6207 12066
5 1516 8886 4478 12067
5 3226 9965 9276 12068
5 1829 8899 5795 12069
5 6131 7890 596 12070
5 4666 9780 2327 12071
5 5494 10512 2430 12072
5 6408 7850 3512 12073
5 2896 7974 5920 12074
5 3640 8636 8012 12075
5 116 6972 115 12076
5 357 6722 5714 12077
5 7787 8757 2544 12078
5 6104 9361 1715 12079
5 112 6971 111 12080
5 3813 6983 6169 12081
5 8076 9731 3384 12082
5 5622 9423 617 12083
5 674 8452 5961 12084
5 8874 9474 2656 12085
5 1233 6953 1232 12086
5 7445 10226 3760 12087
5 2129 8432 5698 12088
5 152 6955 151 12089
5 6069 9525 1530 12090
5 8856 10013 2181 12091
5 7860 7861 2429 12092
5 2958 8389 6223 12093
5 833 6674 5786 12094
5 5844 6623 962 12095
5 5785 6675 830 12096
5 5546 8666 2204 12097
5 144 6966 143 12098
5 110 6970 109 12099
5 3921 9232 6271 12100
5 5604 10491 2470 12101
5 2952 7441 5047 12102
5 1225 7698 1224 12103
5 3195 8850 5231 12104
5 2853 9948 6039 12105
5 8201 8904 4209 12106
5 6232 8236 3362 12107
5 390 6670 5797 12108
5 2086 8364 7575 12109
5 808 8309 5591 12110
5 5713 6725 354 12111
5 7509 8435 3733 12112
5 1859 8608 4579 12113
5 926 7474 925 12114
5 6048 6835 3274 12115
5 1528 7954 7018 12116
5 8033 9930 3093 12117
5 5494 9590 3981 12118
5 6630 9065 2581 12119
5 4780 9267 1782 12120
5 3363 7010 5715 12121
5 2 9709 1373 12122
5 595 7472 594 12123
5 7042 10027 1565 12124
5 5854 6627 952 12125
5 2120 8796 8392 12126
5 8834 9872 2598 12127
5 2885 10249 6023 12128
5 7861 10170 2096 12129
5 1591 7066 6213 12130
5 7872 8107 5255 12131
5 2484 10312 10275 12132
5 6472 10146 3322 12133
5 5571 9028 363 12134
5 4173 10378 1854 12135
5 8345 9251 4055 12136
5 5762 9597 2215 12137
5 3264 8520 6183 12138
5 362 9028 5570 12139
5 5793 7835 3165 12140
5 4231 10182 7701 12141
5 7063 10392 1635 12142
5 8196 9674 1509 12143
5 8585 10476 3944 12144
5 5618 6817 1214 12145
5 2691 8193 6242 12146
5 2643 9446 7447 12147
5 32 7155 31 12148
5 3018 7737 6384 12149
5 543 6551 5998 12150
5 5873 7159 1571 12151
5 6337 7855 3447 12152
5 2456 7814 4882 12153
5 6702 8360 2314 12154
5 2669 6512 5111 12155
5 3193 8526 5426 12156
5 2651 8872 7136 12157
5 5610 8116 2101 12158
5 4571 8723 7825 12159
5 2598 9893 8847 12160
5 7701 10555 2980 12161
5 217 6846 5614 12162
5 1612 10010 5220 12163
5 6182 8524 3269 12164
5 3454 6848 3453 12165
5 6884 10245 1504 12166
5 2156 7732 5939 12167
5 3158 10415 6952 12168
5 5591 9129 807 12169
5 806 9129 5590 12170
5 2738 9182 6196 12171
5 3551 7748 5346 12172
5 7490 9856 5374 12173
5 3330 7493 5759 12174
5 2454 9245 4965 12175
5 9662 9995 2440 12176
5 6003 9508 4599 12177
5 5796 6698 387 12178
5 2524 8856 6226 12179
5 6055 6839 3280 12180
5 1217 6821 5617 12181
5 1775 8272 5593 12182
5 534 7487 533 12183
5 5379 9667 7166 12184
5 4597 9166 1486 12185
5 5247 10219 1954 12186
5 700 8051 6034 12187
5 207 7736 206 12188
5 7764 9653 3256 12189
5 5613 6831 214 12190
5 2186 8720 8718 12191
5 4813 7668 1670 12192
5 6899 9573 2608 12193
5 1237 6965 1236 12194
5 1111 6649 5851 12195
5 106 6975 105 12196
5 102 6906 5529 12197
5 5565 10325 1706 12198
5 7147 9348 2299 12199
5 2054 7968 7793 12200
5 2563 7159 4470 12201
5 724 7645 723 12202
5 6576 6577 2378 12203
5 3085 9910 7085 12204
5 9559 9747 4742 12205
5 722 7647 721 12206
5 5417 10302 3892 12207
5 5807 9762 3161 12208
5 2239 9932 9474 12209
5 4620 8610 1866 12210
5 5981 7615 3669 12211
5 8510 9126 2909 12212
5 1627 8657 5252 12213
5 3108 10082 4441 12214
5 5309 10579 1712 12215
5 8684 8685 5022 12216
5 1309 7071 1308 12217
5 1454 6950 5061 12218
5 4059 9791 7475 12219
5 7086 7745 3017 12220
5 4865 8529 1679 12221
5 2290 10629 8254 12222
5 330 8381 6274 12223
5 8880 10041 2187 12224
5 3649 8663 8029 12225
5 6533 7589 3192 12226
5 740 7525 739 12227
5 6343 9525 3147 12228
5 4350 10161 1712 12229
5 3075 10298 8687 12230
5 3353 8619 7490 12231
5 4793 9368 8035 12232
5 4581 8963 1763 12233
5 5661 8424 2228 12234
5 4337 7265 1546 12235
5 5121 9971 1496 12236
5 3164 8062 5204 12237
5 4201 10320 1723 12238
5 5825 10040 2660 12239
5 790 7524 789 12240
5 3055 9478 5684 12241
5 1313 7069 1312 12242
5 1311 7068 1310 12243
5 1873 9676 5882 12244
5 5493 8345 1558 12245
5 8219 9423 3792 12246
5 8320 9503 2182 12247
5 3239 8271 6928 12248
5 8675 10107 3672 12249
5 3219 7697 7234 12250
5 5864 6656 397 12251
5 6029 8443 758 12252
5 1280 7040 1279 12253
5 1464 8761 5409 12254
5 1802 6685 5032 12255
5 1743 10503 4671 12256
5 2508 6866 5058 12257
5 6894 9941 2305 12258
5 3102 6354 6303 12259
5 6393 9456 3098 12260
5 5636 9400 456 12261
5 6185 7933 535 12262
5 2273 8625 4848 12263
5 455 9400 5635 12264
5 2088 8203 7587 12265
5 5664 9594 548 12266
5 547 9594 5665 12267
5 3106 8320 2182 12268
5 6689 10483 4717 12269
5 6115 8108 2917 12270
5 3213 10202 4900 12271
5 2787 10089 8965 12272
5 3546 9404 4322 12273
5 4617 9561 1579 12274
5 1642 9190 5646 12275
5 2873 10531 8655 12276
5 3981 8627 5494 12277
5 2850 7845 7133 12278
5 5637 10344 3590 12279
5 291 7703 290 12280
5 4053 9930 5534 12281
5 3723 9916 6496 12282
5 4586 8398 1569 12283
5 2174 9872 9109 12284
5 2763 9695 5526 12285
5 7030 9267 4780 12286
5 3145 7768 5811 12287
5 3169 7274 6203 12288
5 2369 10515 4164 12289
5 2609 8321 5244 12290
5 6106 7794 2312 12291
5 5539 7918 4435 12292
5 287 7713 286 12293
5 2363 9397 5706 12294
5 2732 9664 5997 12295
5 4900 9096 3213 12296
5 285 7715 284 12297
5 6187 7602 1970 12298
5 1230 7803 1229 12299
5 5050 8133 2658 12300
5 5864 7755 2982 12301
5 2119 7877 4976 12302
5 6404 6955 3403 12303
5 3809 6580 2001 12304
5 6096 9871 4624 12305
5 3089 7613 6887 12306
5 3854 10220 3073 12307
5 6177 8486 4182 12308
5 6284 8183 3184 12309
5 6887 7613 2210 12310
5 4203 7139 2264 12311
5 974 7507 5813 12312
5 6225 8257 3942 12313
5 5020 10165 2125 12314
5 2533 10222 8939 12315
5 1454 8142 6389 12316
5 6034 8497 699 12317
5 2980 10555 6122 12318
5 482 7785 5788 12319
5 4944 9158 6915 12320
5 5463 8759 2153 12321
5 272 7731 271 12322
5 3081 9183 4936 12323
5 4976 8895 2588 12324
5 270 7733 269 12325
5 5625 9263 852 12326
5 6328 8370 2395 12327
5 851 9263 5626 12328
5 6479 7554 1785 12329
5 266 7739 265 12330
5 264 7741 263 12331
5 2531 8880 6251 12332
5 744 6710 5829 12333
5 2026 10447 6116 12334
5 5984 8590 231 12335
5 1702 6930 6517 12336
5 5828 6712 741 12337
5 5715 7639 3363 12338
5 5254 6220 1935 12339
5 504 7533 503 12340
5 441 7657 440 12341
5 3090 6551 4857 12342
5 5438 9756 3970 12343
5 4560 8840 5730 12344
5 59 7041 58 12345
5 6688 8054 2339 12346
5 4235 10623 3054 12347
5 3747 9200 8310 12348
5 5554 6914 133 12349
5 1262 7034 1261 12350
5 6820 9139 3187 12351
5 3222 8543 8517 12352
5 5975 8808 1857 12353
5 7651 10037 3003 12354
5 5765 6755 1150 12355
5 3047 10033 5077 12356
5 2189 9984 7151 12357
5 3288 10091 5135 12358
5 7836 10358 3165 12359
5 7075 8571 4133 12360
5 4327 8845 2383 12361
5 6317 6378 3275 12362
5 8622 9900 1694 12363
5 2979 7766 5851 12364
5 794 6700 5860 12365
5 2799 9152 5465 12366
5 2117 9508 6003 12367
5 5859 6701 791 12368
5 5099 5100 2407 12369
5 8570 10237 1696 12370
5 5675 9872 2174 12371
5 6211 8978 2524 12372
5 2603 8517 5800 12373
5 4447 9055 7643 12374
5 3523 8250 4529 12375
5 1003 7680 1002 12376
5 670 6695 5862 12377
5 2343 9565 5086 12378
5 2470 9921 5604 12379
5 559 7583 558 12380
5 349 6741 5804 12381
5 1392 10223 4832 12382
5 5469 9509 1779 12383
5 578 7636 577 12384
5 576 7639 575 12385
5 1870 8972 6120 12386
5 1519 10498 5748 12387
5 1266 7036 1265 12388
5 609 7586 608 12389
5 3312 8506 6601 12390
5 5892 6692 841 12391
5 2264 8138 4203 12392
5 1153 6758 5764 12393
5 4252 8805 6208 12394
5 2651 7136 5628 12395
5 3043 9336 8104 12396
5 3938 9551 6624 12397
5 332 7579 331 12398
5 4827 10301 2616 12399
5 5644 9355 393 12400
5 7267 7370 1436 12401
5 1036 7574 1035 12402
5 4 10346 1393 12403
5 6157 7103 2698 12404
5 1866 8610 5812 12405
5 1631 7356 6734 12406
5 380 6705 5869 12407
5 5833 7271 3775 12408
5 6197 7295 2835 12409
5 5379 10135 6271 12410
5 6199 8601 3281 12411
5 4388 7401 3402 12412
5 392 9355 5643 12413
5 6310 10121 3127 12414
5 5529 8400 101 12415
5 4868 9712 6053 12416
5 3985 10281 5339 12417
5 5080 7585 2456 12418
5 3550 7483 6168 12419
5 3329 8639 6283 12420
5 5785 8131 3156 12421
5 79 7022 78 12422
5 4685 9961 7326 12423
5 6750 9396 4496 12424
5 9109 9872 3332 12425
5 518 7594 517 12426
5 429 7561 428 12427
5 1032 9468 5663 12428
5 5662 9468 1033 12429
5 318 6765 5784 12430
5 3875 10189 7710 12431
5 3521 9956 7158 12432
5 5120 7600 3175 12433
5 2825 9128 8322 12434
5 6847 10333 3910 12435
5 5803 6766 346 12436
5 5783 6767 315 12437
5 3762 7417 6280 12438
5 5715 9790 574 12439
5 4371 10267 2536 12440
5 84 7011 83 12441
5 6255 9843 3076 12442
5 6155 8306 1623 12443
5 6845 10463 1902 12444
5 573 9790 5716 12445
5 5007 9530 3800 12446
5 8808 8842 3898 12447
5 2027 7626 5177 12448
5 2664 8806 7340 12449
5 7891 8914 3138 12450
5 1291 7076 1290 12451
5 3041 6575 4429 12452
5 4380 7726 2465 12453
5 4600 9665 7070 12454
5 1256 7014 1255 12455
5 6096 8088 2926 12456
5 3500 10203 8907 12457
5 7672 8603 2094 12458
5 71 7028 70 12459
5 7027 9689 1769 12460
5 3766 9665 4600 12461
5 5116 9614 2082 12462
5 5596 7641 1490 12463
5 3013 10558 4483 12464
5 2266 9460 7971 12465
5 2097 7050 4893 12466
5 2591 9449 7296 12467
5 6406 8148 1924 12468
5 4574 9876 8685 12469
5 6641 10088 3221 12470
5 2927 8090 6097 12471
5 5922 9310 2988 12472
5 5930 10370 5706 12473
5 5863 7435 667 12474
5 3032 8749 5907 12475
5 7122 9927 4977 12476
5 5762 7808 1957 12477
5 3145 10036 5950 12478
5 4634 8698 3229 12479
5 5398 7699 2446 12480
5 2173 9893 5690 12481
5 6566 7188 3161 12482
5 1662 7901 5775 12483
5 532 7193 6114 12484
5 6504 7401 2340 12485
5 6636 8118 1442 12486
5 1016 7801 5819 12487
5 2480 10033 5603 12488
5 5732 7813 2961 12489
5 5876 8043 3067 12490
5 3647 8216 4648 12491
5 1467 6876 5327 12492
5 6113 7197 529 12493
5 5326 8097 2367 12494
5 5799 9897 2603 12495
5 5963 6664 908 12496
5 6221 8817 3012 12497
5 2672 9625 5033 12498
5 3333 7384 5868 12499
5 5868 7384 377 12500
5 613 7576 612 12501
5 5634 8067 3391 12502
5 551 7591 550 12503
5 2550 8855 7502 12504
5 3453 6438 3409 12505
5 4786 7730 1795 12506
5 1242 7939 1241 12507
5 3292 8618 6198 12508
5 67 7026 66 12509
5 5861 9241 2944 12510
5 3435 9005 6353 12511
5 1260 7019 1259 12512
5 822 6690 5938 12513
5 6455 9149 3112 12514
5 655 7592 654 12515
5 4719 10264 8878 12516
5 1244 7949 1243 12517
5 3316 8769 5455 12518
5 7300 10249 2885 12519
5 2299 10496 5698 12520
5 6286 9095 1592 12521
5 2604 9961 4685 12522
5 6381 6999 3618 12523
5 614 7716 613 12524
5 1553 10577 4771 12525
5 6443 7703 3450 12526
5 5680 9497 1058 12527
5 4199 7508 2339 12528
5 7046 7065 1843 12529
5 6356 8650 1603 12530
5 2998 7908 5966 12531
5 6066 8045 2924 12532
5 4995 10430 7350 12533
5 3507 10179 8782 12534
5 5517 9718 1644 12535
5 1068 9493 5682 12536
5 8321 9840 2268 12537
5 5681 9493 1069 12538
5 907 6664 5982 12539
5 5734 7345 3258 12540
5 5599 10419 2308 12541
5 8104 9336 3908 12542
5 5023 8721 3176 12543
5 5833 9646 2652 12544
5 510 7608 509 12545
5 2924 8045 6073 12546
5 4755 7071 3022 12547
5 466 7618 465 12548
5 5683 9963 2941 12549
5 2937 9090 5649 12550
5 3763 9252 7670 12551
5 5729 6822 1207 12552
5 5983 6666 904 12553
5 4808 10589 3238 12554
5 5671 9543 2394 12555
5 5719 8396 1637 12556
5 1144 9210 5642 12557
5 4916 8464 1435 12558
5 3233 9706 5466 12559
5 6247 9023 2531 12560
5 5675 10466 2598 12561
5 5813 7507 3353 12562
5 6605 8991 5175 12563
5 2668 8819 5359 12564
5 6434 9360 4300 12565
5 6254 9434 1909 12566
5 2339 8054 4199 12567
5 2515 3785 2514 12568
5 6070 9035 2211 12569
5 5641 9210 1145 12570
5 1885 10008 9117 12571
5 1276 7045 1275 12572
5 6186 10505 5572 12573
5 3976 8042 7795 12574
5 5779 7165 2372 12575
5 982 7604 981 12576
5 5932 10143 1762 12577
5 298 7822 297 12578
5 3601 7970 5779 12579
5 5304 8525 1674 12580
5 134 8531 5554 12581
5 296 7830 295 12582
5 5986 6679 1123 12583
5 6062 9338 4501 12584
5 1443 7381 5651 12585
5 7770 9672 2246 12586
5 5678 9463 879 12587
5 3459 7713 6442 12588
5 2598 10466 5690 12589
5 5614 9650 3828 12590
5 5470 7071 1309 12591
5 878 9463 5679 12592
5 1248 7978 1247 12593
5 7075 9962 3998 12594
5 2651 9173 5875 12595
5 1845 9503 4034 12596
5 1438 8089 5080 12597
5 5946 8566 3194 12598
5 502 7909 6252 12599
5 2569 10308 4727 12600
5 5677 9442 825 12601
5 824 9442 5676 12602
5 63 6967 5552 12603
5 22 7456 21 12604
5 1310 7068 5470 12605
5 4593 9792 3547 12606
5 3242 6188 5913 12607
5 6433 6975 3410 12608
5 6314 10459 3335 12609
5 3151 9715 7482 12610
5 1393 10223 1392 12611
5 3343 7435 5863 12612
5 3117 7011 6467 12613
5 5468 7068 1311 12614
5 4070 9072 1554 12615
5 3247 7380 6740 12616
5 1312 7069 5468 12617
5 4496 10248 6750 12618
5 760 7650 759 12619
5 4024 9745 9661 12620
5 3763 7670 7537 12621
5 5928 6728 752 12622
5 485 7783 484 12623
5 483 7785 482 12624
5 1750 9729 8037 12625
5 5526 10184 2210 12626
5 2038 9541 5246 12627
5 2342 10265 7138 12628
5 3490 7822 6491 12629
5 4852 6666 2966 12630
5 5039 10332 7008 12631
5 1851 8489 4550 12632
5 4690 8129 3040 12633
5 6287 8022 1037 12634
5 6826 9650 2890 12635
5 2320 7597 6262 12636
5 4647 10310 4278 12637
5 7111 9799 4225 12638
5 5614 8945 216 12639
5 5735 9783 507 12640
5 3258 7345 6678 12641
5 6364 7702 1628 12642
5 1823 9730 5597 12643
5 6951 7001 3048 12644
5 3862 10175 4352 12645
5 3828 9660 5613 12646
5 3058 9803 6635 12647
5 506 9783 5734 12648
5 4202 9765 7779 12649
5 1019 7800 1018 12650
5 1017 7801 1016 12651
5 3834 9636 5618 12652
5 1215 8964 5618 12653
5 5695 9063 3432 12654
5 922 7806 921 12655
5 6157 8927 3155 12656
5 5648 9202 302 12657
5 939 7660 938 12658
5 303 9203 5648 12659
5 1582 10509 6256 12660
5 5649 9203 304 12661
5 1660 9624 4284 12662
5 3020 7069 4759 12663
5 215 8945 5613 12664
5 2028 7995 5916 12665
5 2294 10198 6825 12666
5 5640 8493 1513 12667
5 8042 9104 3355 12668
5 8484 9898 5406 12669
5 4549 10452 1517 12670
5 5617 8964 1216 12671
5 2146 7535 6724 12672
5 6314 7412 1578 12673
5 10124 10299 1375 12674
5 3363 7770 7470 12675
5 1101 7634 1100 12676
5 7867 8830 3012 12677
5 1841 9003 6176 12678
5 6490 7403 2086 12679
5 7095 9213 4651 12680
5 5141 8513 2472 12681
5 1004 7631 1003 12682
5 1325 7141 1324 12683
5 2103 10358 7836 12684
5 2268 9840 6017 12685
5 1097 7652 1096 12686
5 1253 8015 1252 12687
5 4105 6384 2585 12688
5 370 7648 369 12689
5 1491 7745 4183 12690
5 1379 9883 1378 12691
5 1126 6693 5985 12692
5 4503 8876 8414 12693
5 5617 9645 3834 12694
5 2995 8955 6099 12695
5 4592 9365 6875 12696
5 5758 9331 3450 12697
5 1903 9438 6249 12698
5 184 6883 5684 12699
5 3182 8057 5860 12700
5 8580 9529 4967 12701
5 7118 9496 2820 12702
5 3382 10098 8263 12703
5 203 6869 5709 12704
5 3607 8459 5935 12705
5 8209 9217 2621 12706
5 2546 9294 5306 12707
5 5645 9215 1871 12708
5 7956 9524 3284 12709
5 5683 6885 181 12710
5 1602 9402 3819 12711
5 5853 7854 1108 12712
5 3186 6206 6205 12713
5 5933 6742 712 12714
5 4748 9592 4749 12715
5 4328 10526 1868 12716
5 5859 8059 3185 12717
5 6460 7733 3466 12718
5 1737 7124 4812 12719
5 8941 9869 4186 12720
5 2950 6571 4877 12721
5 3033 10015 6075 12722
5 3111 9587 5979 12723
5 3159 9877 4280 12724
5 5810 9603 4066 12725
5 366 7704 365 12726
5 386 6698 6012 12727
5 6272 9058 2537 12728
5 6089 8373 2338 12729
5 7710 10189 2739 12730
5 3471 7739 6459 12731
5 3797 8865 4906 12732
5 5309 9670 2039 12733
5 5002 8895 1836 12734
5 1820 9259 6067 12735
5 840 6692 6024 12736
5 568 7635 567 12737
5 2166 8961 6534 12738
5 2182 7757 3143 12739
5 2436 8282 6498 12740
5 6721 7325 3610 12741
5 2570 9832 5967 12742
5 4003 10326 9431 12743
5 3661 8533 8204 12744
5 5267 10095 7378 12745
5 2198 8672 6373 12746
5 5552 8366 62 12747
5 2435 10362 4846 12748
5 3775 8861 5833 12749
5 7100 8483 1449 12750
5 3493 7920 6397 12751
5 5700 9467 774 12752
5 773 9467 5699 12753
5 814 6699 6026 12754
5 459 7696 458 12755
5 2537 9070 6278 12756
5 3459 9339 5774 12757
5 5705 9491 800 12758
5 3043 8104 5035 12759
5 5766 6846 218 12760
5 889 7709 888 12761
5 520 7735 519 12762
5 8662 10110 5169 12763
5 5760 9833 493 12764
5 799 9491 5704 12765
5 2883 9636 6845 12766
5 4218 5152 2358 12767
5 5731 9678 996 12768
5 6842 7316 3091 12769
5 995 9678 5732 12770
5 492 9833 5759 12771
5 2170 9359 4597 12772
5 1382 7697 1381 12773
5 1108 7854 1107 12774
5 1106 7855 1105 12775
5 5777 8911 3847 12776
5 5509 8279 2778 12777
5 1120 6669 6071 12778
5 4348 9879 5016 12779
5 965 8167 5843 12780
5 5463 10318 8759 12781
5 4507 9571 8683 12782
5 5411 9778 3179 12783
5 5992 8969 3554 12784
5 5911 7351 3825 12785
5 4222 7261 2274 12786
5 6054 9177 4450 12787
5 1054 7678 1053 12788
5 863 9563 5718 12789
5 5948 6747 703 12790
5 1855 9180 6230 12791
5 921 7684 920 12792
5 4567 10291 8284 12793
5 2354 10037 7651 12794
5 6015 6705 381 12795
5 7008 9300 1456 12796
5 6180 7774 1804 12797
5 528 7677 527 12798
5 9482 10070 6204 12799
5 8963 10024 2388 12800
5 1055 7868 1054 12801
5 5722 9593 871 12802
5 855 9570 5720 12803
5 46 7186 45 12804
5 870 9593 5723 12805
5 5653 7767 3443 12806
5 955 8173 5852 12807
5 3362 9672 7770 12808
5 561 7754 560 12809
5 4450 9177 2489 12810
5 1066 7723 1065 12811
5 3469 8153 5818 12812
5 3599 9535 8927 12813
5 1902 7689 6845 12814
5 7162 10551 2252 12815
5 414 7773 413 12816
5 4413 9151 2479 12817
5 2393 7118 3855 12818
5 718 7920 717 12819
5 7017 10034 4369 12820
5 716 7921 715 12821
5 2534 10509 4462 12822
5 2755 8183 5667 12823
5 5815 7606 2051 12824
5 6536 7175 3552 12825
5 8377 10441 3626 12826
5 1831 10198 5481 12827
5 5858 7056 3198 12828
5 6030 9353 2769 12829
5 1548 8752 4198 12830
5 607 7769 606 12831
5 4310 7629 2428 12832
5 7146 7792 3368 12833
5 1733 8676 6676 12834
5 3219 6661 5610 12835
5 2428 7560 4310 12836
5 5788 9880 481 12837
5 480 9880 5787 12838
5 4721 9714 2497 12839
5 2754 9542 7617 12840
5 400 8106 5865 12841
5 2636 9227 8417 12842
5 2274 8242 4222 12843
5 3234 9591 9060 12844
5 5435 9169 4359 12845
5 3126 8723 4571 12846
5 3170 8608 5411 12847
5 4554 8171 2513 12848
5 5152 8207 2358 12849
5 728 6737 6002 12850
5 5341 9306 2043 12851
5 2513 8175 4554 12852
5 932 7728 931 12853
5 5544 9268 1877 12854
5 2364 9795 7793 12855
5 8256 8400 3659 12856
5 54 7132 53 12857
5 4227 7275 2469 12858
5 2661 9130 7047 12859
5 2170 9752 9359 12860
5 5356 7231 1952 12861
5 1696 8184 6168 12862
5 4135 10232 2812 12863
5 1168 8349 6191 12864
5 1913 8873 5639 12865
5 2046 8890 6379 12866
5 7366 10561 5902 12867
5 4362 10596 7649 12868
5 3014 8805 5821 12869
5 6115 9330 4536 12870
5 6419 10137 4640 12871
5 3866 10579 5309 12872
5 2015 8413 7943 12873
5 5351 9404 3546 12874
5 5714 9464 356 12875
5 5685 7205 3132 12876
5 8532 10252 4406 12877
5 460 7771 459 12878
5 1778 9084 4642 12879
5 5351 6812 2701 12880
5 3359 8764 6305 12881
5 566 8383 5940 12882
5 5520 9178 3574 12883
5 2588 8236 4834 12884
5 4650 8111 1457 12885
5 2272 7304 4230 12886
5 355 9464 5713 12887
5 2787 8965 7862 12888
5 5876 10059 2540 12889
5 4798 7546 1732 12890
5 967 7738 966 12891
5 1992 8266 6367 12892
5 410 7744 409 12893
5 860 7750 859 12894
5 957 7743 956 12895
5 4788 6927 2984 12896
5 961 7775 960 12897
5 2640 9726 8361 12898
5 6031 8914 4387 12899
5 8692 8776 1739 12900
5 2206 8107 4731 12901
5 6191 8599 1167 12902
5 2157 8824 8192 12903
5 148 6924 5697 12904
5 44 7184 43 12905
5 9138 10580 5151 12906
5 402 7753 401 12907
5 7133 7845 2431 12908
5 890 7799 889 12909
5 5841 8924 3188 12910
5 3328 9837 6478 12911
5 3347 8772 6294 12912
5 3631 7820 5597 12913
5 2792 10462 6348 12914
5 4589 6979 2530 12915
5 5759 7284 3330 12916
5 7906 8983 5014 12917
5 6702 8093 3030 12918
5 4126 9581 8846 12919
5 7568 10617 4925 12920
5 7426 9924 2911 12921
5 1095 6665 6145 12922
5 2469 8258 4227 12923
5 1296 7121 1295 12924
5 449 7752 448 12925
5 5977 6770 333 12926
5 2417 9044 5464 12927
5 6295 8777 3352 12928
5 5073 9213 3178 12929
5 5944 10289 2523 12930
5 882 7797 881 12931
5 5908 8050 1668 12932
5 1330 7208 1329 12933
5 5911 9690 2653 12934
5 6164 6945 3377 12935
5 405 9748 5770 12936
5 1968 7038 6201 12937
5 4569 9752 2170 12938
5 2514 3785 3784 12939
5 5828 8244 3177 12940
5 5773 7746 2122 12941
5 2302 10495 9324 12942
5 751 6728 6065 12943
5 2137 8875 5519 12944
5 1604 9582 5976 12945
5 3398 10300 8900 12946
5 5490 8801 2375 12947
5 2825 10257 9128 12948
5 6312 7110 1961 12949
5 1807 9626 5139 12950
5 859 7964 858 12951
5 3417 9424 5558 12952
5 6188 10335 4319 12953
5 2152 10448 4265 12954
5 2443 7654 5575 12955
5 2433 7724 4302 12956
5 2654 8767 6997 12957
5 5792 9806 929 12958
5 3039 8396 5719 12959
5 6051 9151 4413 12960
5 769 6719 6088 12961
5 928 9806 5793 12962
5 1142 7821 1141 12963
5 6421 6507 5121 12964
5 6087 6720 766 12965
5 427 7294 6183 12966
5 5832 9379 3466 12967
5 6277 9357 4323 12968
5 7542 7615 2665 12969
5 7085 9910 4045 12970
5 1332 7202 1331 12971
5 4965 8065 2454 12972
5 5547 8794 2611 12973
5 2983 6693 4872 12974
5 2996 10158 5909 12975
5 1419 9874 5360 12976
5 3935 8982 8652 12977
5 581 7409 6231 12978
5 8328 9077 3576 12979
5 7987 10601 2571 12980
5 1502 7869 6521 12981
5 3471 9380 5835 12982
5 6182 7298 424 12983
5 5802 9845 420 12984
5 4574 8685 7453 12985
5 6428 8080 656 12986
5 2645 8546 5330 12987
5 6159 8313 2241 12988
5 1065 7819 1064 12989
5 367 7840 366 12990
5 4501 9338 3634 12991
5 5954 6751 693 12992
5 2421 8344 5612 12993
5 6160 9441 3303 12994
5 419 9845 5801 12995
5 1334 7201 1333 12996
5 2476 8047 6207 12997
5 4624 9871 2544 12998
5 8341 9497 3856 12999
5 803 7828 802 13000
5 2137 8293 6224 13001
5 5819 9918 1015 13002
5 1014 9918 5820 13003
5 7553 10301 4827 13004
5 2924 10398 7905 13005
5 2902 10030 4482 13006
5 6368 9368 3531 13007
5 1336 7209 1335 13008
5 1338 7205 1337 13009
5 3037 8501 6352 13010
5 2725 9297 4849 13011
5 1288 7094 1287 13012
5 3776 10095 5267 13013
5 3285 8312 6176 13014
5 1301 7142 1300 13015
5 5813 9885 973 13016
5 5786 9725 832 13017
5 4302 7669 2433 13018
5 831 9725 5785 13019
5 844 8217 5891 13020
5 972 9885 5814 13021
5 4834 8324 2588 13022
5 635 7278 6216 13023
5 3589 10533 5912 13024
5 9276 9965 3608 13025
5 3136 8571 6592 13026
5 5995 6778 306 13027
5 8731 10472 3685 13028
5 5726 10547 2646 13029
5 2041 7849 5253 13030
5 4588 8592 1689 13031
5 4462 8218 7450 13032
5 1835 10550 4546 13033
5 1882 8248 5498 13034
5 2611 8809 5567 13035
5 5193 9561 3319 13036
5 5394 9007 1568 13037
5 7793 9795 4069 13038
5 5703 9878 2104 13039
5 2324 10425 9126 13040
5 2685 9420 4718 13041
5 2202 8170 7758 13042
5 292 7826 291 13043
5 883 7847 882 13044
5 359 7859 358 13045
5 4078 9553 7554 13046
5 5797 9769 389 13047
5 557 7688 6407 13048
5 9119 9677 3162 13049
5 2725 8985 4838 13050
5 7007 9335 2601 13051
5 2329 8984 5452 13052
5 2533 5564 3501 13053
5 42 7232 41 13054
5 6431 8151 761 13055
5 6259 8794 3336 13056
5 4230 8355 2272 13057
5 2825 8322 5232 13058
5 6118 7059 3197 13059
5 5743 6023 3716 13060
5 5741 7232 3143 13061
5 2293 9559 5481 13062
5 388 9769 5796 13063
5 4189 9208 8212 13064
5 3105 9906 6291 13065
5 3084 7497 4944 13066
5 4247 7468 7227 13067
5 6413 7691 552 13068
5 9306 10329 4653 13069
5 5979 7379 3584 13070
5 3759 8949 8737 13071
5 4834 8236 6232 13072
5 5942 8630 1703 13073
5 6273 10589 2164 13074
5 3368 10587 4837 13075
5 3427 9630 7762 13076
5 3143 7232 5666 13077
5 6484 9479 3462 13078
5 6199 7315 650 13079
5 4717 9929 2685 13080
5 5914 8075 643 13081
5 1116 7823 1115 13082
5 1689 8696 4570 13083
5 2535 8458 6205 13084
5 189 8136 188 13085
5 829 7848 828 13086
5 5970 6804 1171 13087
5 5253 9781 2041 13088
5 599 7973 598 13089
5 3728 8125 6862 13090
5 538 7982 537 13091
5 782 6716 6149 13092
5 3474 9394 6726 13093
5 6148 6717 779 13094
5 2490 8415 5511 13095
5 672 7887 671 13096
5 6516 7026 3451 13097
5 1174 6806 5969 13098
5 3519 8215 6214 13099
5 5843 9968 964 13100
5 4111 9371 6573 13101
5 963 9968 5844 13102
5 5772 7462 2649 13103
5 516 7756 6435 13104
5 3405 7127 5788 13105
5 3679 8531 8273 13106
5 5302 10454 3006 13107
5 1707 8836 4927 13108
5 6425 7853 467 13109
5 960 7892 959 13110
5 2848 10241 7503 13111
5 6223 8389 1642 13112
5 1141 7919 1140 13113
5 6513 7762 1818 13114
5 2667 8780 5989 13115
5 804 7904 803 13116
5 5473 10232 3073 13117
5 7694 9752 4569 13118
5 6263 9875 7348 13119
5 5657 10538 2249 13120
5 3097 9346 6912 13121
5 6282 8551 3406 13122
5 3344 8809 6258 13123
5 5381 8409 3225 13124
5 275 6802 5991 13125
5 3593 9089 6998 13126
5 715 7921 5934 13127
5 653 7332 6198 13128
5 4139 10035 1756 13129
5 4377 9126 8510 13130
5 4692 9572 3695 13131
5 5684 9046 183 13132
5 8983 10624 5038 13133
5 6215 9303 3305 13134
5 2547 9753 5946 13135
5 1151 9555 5765 13136
5 1894 7927 4922 13137
5 182 9046 5683 13138
5 953 9990 5854 13139
5 5852 9990 954 13140
5 9196 9886 1934 13141
5 7301 7742 1782 13142
5 6111 9200 1831 13143
5 2864 10628 6605 13144
5 6444 7759 511 13145
5 5788 7785 3405 13146
5 5999 6800 260 13147
5 3885 9529 4564 13148
5 6316 10267 1577 13149
5 40 7228 39 13150
5 5764 9555 1152 13151
5 5930 9889 3543 13152
5 4848 10057 2273 13153
5 6573 8243 4111 13154
5 676 7878 675 13155
5 5940 10461 565 13156
5 3314 9105 6036 13157
5 778 7903 777 13158
5 5587 5588 1781 13159
5 6857 9049 3293 13160
5 796 7895 795 13161
5 3083 9505 3278 13162
5 1040 8026 1039 13163
5 2255 9812 8191 13164
5 7295 7448 2145 13165
5 20 7437 19 13166
5 3132 7811 2244 13167
5 6250 6944 97 13168
5 1777 9440 9021 13169
5 5812 9792 1866 13170
5 7240 7273 1908 13171
5 4246 7147 2299 13172
5 5779 8621 7165 13173
5 3968 9673 6184 13174
5 7166 8674 1514 13175
5 757 7884 756 13176
5 345 6766 6102 13177
5 4870 9878 3389 13178
5 3891 8629 5389 13179
5 2150 10025 8140 13180
5 6855 9367 4664 13181
5 6465 7930 983 13182
5 5977 8172 3207 13183
5 229 8128 228 13184
5 499 7873 498 13185
5 1109 9958 5853 13186
5 1208 9349 5729 13187
5 5851 9958 1110 13188
5 1204 8139 1203 13189
5 1149 7944 1148 13190
5 5898 9233 2615 13191
5 3567 9381 7425 13192
5 2793 8327 4770 13193
5 360 7947 359 13194
5 8254 10629 5243 13195
5 3663 10399 9825 13196
5 4692 10588 2358 13197
5 7070 10570 4600 13198
5 2962 6519 4896 13199
5 2555 8870 6172 13200
5 6105 6769 340 13201
5 138 6939 6276 13202
5 2506 7951 4736 13203
5 5931 8108 1084 13204
5 5711 10602 1726 13205
5 2035 9087 5435 13206
5 5340 10120 1940 13207
5 732 6736 6167 13208
5 7274 8512 1765 13209
5 1777 9021 5696 13210
5 5155 7149 4278 13211
5 5784 9584 317 13212
5 4911 6621 2970 13213
5 316 9584 5783 13214
5 6801 8100 4402 13215
5 764 8099 763 13216
5 5804 9658 348 13217
5 5829 9774 743 13218
5 708 7913 707 13219
5 742 9774 5828 13220
5 1881 9337 4843 13221
5 3632 10618 4587 13222
5 347 9658 5803 13223
5 6317 7448 3252 13224
5 1752 7112 4803 13225
5 198 6890 5872 13226
5 5865 9985 399 13227
5 6166 6737 729 13228
5 5709 9175 202 13229
5 4869 6339 2951 13230
5 6027 6803 251 13231
5 1725 10450 4451 13232
5 1927 10345 9696 13233
5 5515 6834 2519 13234
5 702 7953 701 13235
5 2423 9131 5507 13236
5 398 9985 5864 13237
5 4924 8048 1500 13238
5 7746 9949 3010 13239
5 6125 8814 3482 13240
5 6787 9478 3055 13241
5 698 7917 697 13242
5 2672 8362 4763 13243
5 2217 8843 5752 13244
5 3695 9572 8119 13245
5 2461 9374 4384 13246
5 6092 8200 4224 13247
5 6635 9803 4381 13248
5 2431 10225 7133 13249
5 5958 8077 1046 13250
5 6019 6811 1177 13251
5 3423 9134 9091 13252
5 2477 9208 5871 13253
5 3332 8834 6239 13254
5 178 8176 6240 13255
5 2368 10340 4299 13256
5 8700 9529 1545 13257
5 1550 10034 5943 13258
5 409 8096 408 13259
5 2698 7103 6501 13260
5 3005 8208 5148 13261
5 3011 6718 5488 13262
5 5370 8205 2497 13263
5 5953 6489 3202 13264
5 2265 9403 8179 13265
5 2057 7356 1719 13266
5 5442 8037 2120 13267
5 401 8106 400 13268
5 1622 8566 5946 13269
5 9032 9642 2274 13270
5 4011 8833 6774 13271
5 6232 7636 578 13272
5 3400 7612 6976 13273
5 6245 10513 3380 13274
5 1180 6813 6018 13275
5 6016 9316 2771 13276
5 2299 8172 4246 13277
5 4056 8276 6991 13278
5 668 9931 5863 13279
5 3215 7188 6566 13280
5 2095 10371 5518 13281
5 6231 8324 4834 13282
5 2585 10120 7621 13283
5 7252 7885 1574 13284
5 2397 10160 9084 13285
5 4377 10036 10007 13286
5 8057 8058 2453 13287
5 416 7999 415 13288
5 637 7940 636 13289
5 7810 10356 3557 13290
5 9510 9728 4702 13291
5 4535 9539 7653 13292
5 2453 8063 8059 13293
5 4200 8199 6008 13294
5 3825 8988 5911 13295
5 5862 9931 669 13296
5 1306 7156 1305 13297
5 8213 8269 2128 13298
5 3297 9253 8078 13299
5 6238 8847 3340 13300
5 2717 9133 5521 13301
5 5860 9895 793 13302
5 1782 7742 6868 13303
5 7656 10203 3500 13304
5 755 8477 5929 13305
5 792 9895 5859 13306
5 3142 6360 5717 13307
5 673 7986 672 13308
5 5555 7203 1323 13309
5 2679 8933 6085 13310
5 1148 7996 1147 13311
5 3268 7567 5802 13312
5 3147 7590 6343 13313
5 3777 9785 6332 13314
5 1649 8436 4817 13315
5 6050 7459 3208 13316
5 5697 9014 147 13317
5 2075 9846 5096 13318
5 2256 8934 6249 13319
5 7956 8114 1422 13320
5 6219 10119 6373 13321
5 5241 9298 3061 13322
5 3330 7284 6793 13323
5 6852 7908 2998 13324
5 3727 9440 8710 13325
5 644 10185 5914 13326
5 2778 8279 6388 13327
5 432 7997 431 13328
5 6662 9578 3066 13329
5 6406 9080 2518 13330
5 7932 10551 5404 13331
5 7052 8478 3464 13332
5 3046 7958 6155 13333
5 5869 9928 379 13334
5 5466 9706 8652 13335
5 7286 8701 1455 13336
5 6049 6830 1183 13337
5 3182 10339 8058 13338
5 230 7981 229 13339
5 6518 7902 940 13340
5 5478 8356 4943 13341
5 1864 8857 6886 13342
5 3287 8445 5592 13343
5 4598 6550 3093 13344
5 378 9928 5868 13345
5 5684 6883 3055 13346
5 206 7998 205 13347
5 4526 9932 3178 13348
5 4531 9751 1853 13349
5 5891 10028 843 13350
5 842 10028 5892 13351
5 5998 10606 542 13352
5 1623 9502 6270 13353
5 680 6974 5959 13354
5 3475 7638 6447 13355
5 6544 8746 2712 13356
5 8456 9061 2219 13357
5 219 9406 5766 13358
5 1708 9224 6292 13359
5 9591 9818 4645 13360
5 7790 9239 3771 13361
5 8650 10405 1603 13362
5 7234 9818 2011 13363
5 6338 8908 3376 13364
5 1226 8006 1225 13365
5 3246 7210 4989 13366
5 3620 9313 4590 13367
5 2569 8931 7923 13368
5 1205 7993 1204 13369
5 4990 7210 3246 13370
5 6240 8785 177 13371
5 4536 9330 2516 13372
5 6330 10002 2874 13373
5 5258 7701 1439 13374
5 1316 7161 1315 13375
5 3864 9349 8835 13376
5 3403 6955 6163 13377
5 5025 6173 1766 13378
5 3710 10500 8371 13379
5 2164 8255 5332 13380
5 2998 9900 6852 13381
5 1186 6835 6048 13382
5 5990 7731 272 13383
5 4929 6610 2961 13384
5 2252 7932 7912 13385
5 1220 8009 1219 13386
5 1409 7796 6875 13387
5 638 10510 637 13388
5 6053 9341 2776 13389
5 6254 9038 2271 13390
5 5960 8319 677 13391
5 5391 10275 8135 13392
5 38 7263 37 13393
5 6194 6972 3404 13394
5 6056 6837 1189 13395
5 2940 8043 7597 13396
5 4772 8795 5830 13397
5 263 7741 6000 13398
5 256 8001 255 13399
5 6269 8466 1814 13400
5 3694 9994 7151 13401
5 7331 7505 1567 13402
5 6137 8166 3029 13403
5 4719 8792 3318 13404
5 5889 9666 2590 13405
5 8071 9542 2754 13406
5 3172 8545 4495 13407
5 1078 7992 1077 13408
5 2954 6349 4886 13409
5 4923 9430 1678 13410
5 3133 10519 10212 13411
5 2465 9391 4380 13412
5 3894 9570 8391 13413
5 5408 7002 2976 13414
5 3319 8284 5193 13415
5 4584 10124 1376 13416
5 4860 10077 3288 13417
5 2599 9708 5980 13418
5 2770 10413 4366 13419
5 1192 6839 6055 13420
5 1085 10217 5931 13421
5 6343 7590 3146 13422
5 6540 7824 1005 13423
5 706 8394 5949 13424
5 488 7495 6283 13425
5 1090 8004 1089 13426
5 4876 9899 3705 13427
5 4682 7549 2415 13428
5 212 8069 211 13429
5 5115 8586 2981 13430
5 1785 8591 6479 13431
5 2258 10542 6503 13432
5 9577 10320 4201 13433
5 2562 3454 3453 13434
5 2874 10002 4522 13435
5 1324 7141 5555 13436
5 701 8051 700 13437
5 3531 10289 5944 13438
5 2049 7899 6331 13439
5 5819 7801 3421 13440
5 1159 8012 1158 13441
5 6061 6843 1195 13442
5 8859 10210 2095 13443
5 7241 7246 1854 13444
5 2877 9834 7282 13445
5 966 8167 965 13446
5 3428 9141 4472 13447
5 5836 9374 2842 13448
5 440 8005 439 13449
5 7473 8954 5072 13450
5 5136 9068 3040 13451
5 6100 9041 1852 13452
5 6387 9554 4290 13453
5 2791 7702 6364 13454
5 2762 9797 4611 13455
5 696 8404 5955 13456
5 6634 7471 3491 13457
5 6057 6844 225 13458
5 6228 9385 2556 13459
5 4818 7076 3028 13460
5 5933 8054 3008 13461
5 956 8173 955 13462
5 3013 8796 7277 13463
5 374 7385 6239 13464
5 5727 10495 7277 13465
5 5585 10621 3537 13466
5 4264 7276 2303 13467
5 2446 7516 5398 13468
5 4607 9451 3721 13469
5 1047 10336 5958 13470
5 2050 9344 5179 13471
5 1839 10419 5599 13472
5 5957 10336 1048 13473
5 62 8366 61 13474
5 6377 10101 2957 13475
5 1985 10070 6362 13476
5 1166 8029 1165 13477
5 1049 10338 5957 13478
5 3319 9667 5379 13479
5 3349 9585 8229 13480
5 2993 9142 5976 13481
5 3525 7091 6838 13482
5 1079 10603 1078 13483
5 1198 6853 6060 13484
5 1889 9843 6255 13485
5 1098 8087 1097 13486
5 777 8084 776 13487
5 6259 7429 661 13488
5 1170 8074 1169 13489
5 6238 7395 371 13490
5 6847 8800 3170 13491
5 8097 9787 1420 13492
5 6072 7970 3601 13493
5 3765 10380 6795 13494
5 2283 8245 8244 13495
5 4179 8252 6827 13496
5 3072 7929 4889 13497
5 6860 8416 1977 13498
5 1091 10619 1090 13499
5 3187 9139 7172 13500
5 9018 10094 5329 13501
5 5114 10322 2254 13502
5 2037 6995 1748 13503
5 3342 9415 1794 13504
5 2308 10419 6954 13505
5 6941 7820 1624 13506
5 6320 10402 3029 13507
5 2495 8530 4221 13508
5 5671 9759 3418 13509
5 7988 9537 4390 13510
5 7131 10179 3507 13511
5 5223 9499 2157 13512
5 248 6815 6138 13513
5 933 8098 932 13514
5 3023 6739 5503 13515
5 664 7433 6258 13516
5 4221 8433 2495 13517
5 5269 10067 1863 13518
5 5761 6992 74 13519
5 98 8866 6250 13520
5 3410 6975 6217 13521
5 6483 7324 1549 13522
5 5938 10188 821 13523
5 6306 8690 3420 13524
5 1773 7891 5272 13525
5 4937 6656 2982 13526
5 6406 7603 2439 13527
5 785 8070 784 13528
5 4725 8974 2413 13529
5 845 8217 844 13530
5 2497 8205 4721 13531
5 2303 8387 4264 13532
5 3379 7692 6451 13533
5 911 10309 5962 13534
5 7605 9575 2270 13535
5 1693 9174 5966 13536
5 5962 10311 910 13537
5 6260 7874 3283 13538
5 6137 6818 245 13539
5 4644 8576 7496 13540
5 9517 10612 2262 13541
5 909 10311 5963 13542
5 7926 9771 2903 13543
5 2979 6649 4938 13544
5 9670 10394 4722 13545
5 3648 10237 8570 13546
5 2373 8737 5615 13547
5 6871 9171 1495 13548
5 5566 10063 2455 13549
5 5929 10087 754 13550
5 2781 10375 6140 13551
5 6326 9132 1614 13552
5 753 10087 5928 13553
5 1592 8197 6286 13554
5 5684 9478 3907 13555
5 2504 9800 4660 13556
5 6514 7466 3515 13557
5 3143 7757 2183 13558
5 6976 7483 3550 13559
5 5616 7141 1325 13560
5 6887 10184 4445 13561
5 3353 7421 5813 13562
5 527 8109 526 13563
5 2092 8548 5750 13564
5 2244 8851 3099 13565
5 6218 6970 3412 13566
5 7012 9232 3921 13567
5 2304 10234 5771 13568
5 6303 10327 1472 13569
5 3907 9478 2321 13570
5 2734 9951 5756 13571
5 735 8105 734 13572
5 627 8079 626 13573
5 2696 9387 4488 13574
5 5495 8028 1678 13575
5 5947 6083 3004 13576
5 1764 7450 4840 13577
5 980 7504 6294 13578
5 8714 9043 2193 13579
5 7286 9916 3723 13580
5 628 8215 627 13581
5 3421 7204 5819 13582
5 6295 7506 977 13583
5 2085 10599 6451 13584
5 190 8122 189 13585
5 6073 10398 2924 13586
5 2590 9666 5028 13587
5 3369 9002 7106 13588
5 4187 10148 5776 13589
5 4718 8883 3257 13590
5 2356 9949 7746 13591
5 7425 7864 2284 13592
5 5982 10365 906 13593
5 5886 6957 126 13594
5 6021 9304 2774 13595
5 905 10365 5983 13596
5 1022 7531 6305 13597
5 338 8112 337 13598
5 6172 9079 6173 13599
5 6949 7120 2711 13600
5 179 8176 178 13601
5 324 6777 6222 13602
5 828 8146 827 13603
5 4277 9470 8144 13604
5 6072 8587 1117 13605
5 3006 6890 4873 13606
5 6276 8871 137 13607
5 5934 10066 714 13608
5 4804 7473 6918 13609
5 1347 7309 1346 13610
5 713 10066 5933 13611
5 5909 8770 3848 13612
5 8058 10339 2115 13613
5 558 7688 557 13614
5 2977 6669 4948 13615
5 6221 6780 321 13616
5 5656 8187 1606 13617
5 129 6968 5887 13618
5 49 7225 48 13619
5 1595 9273 5913 13620
5 2313 7938 4245 13621
5 2518 8148 6406 13622
5 552 7691 551 13623
5 1 7967 1403 13624
5 4245 8573 2313 13625
5 5206 7967 1 13626
5 1124 10343 5986 13627
5 3701 8901 6369 13628
5 336 8699 5978 13629
5 2957 10101 6094 13630
5 5210 10286 1802 13631
5 6200 6802 276 13632
5 101 8400 100 13633
5 6214 8205 3519 13634
5 612 8152 611 13635
5 2155 10280 8238 13636
5 36 7344 35 13637
5 6678 10192 4305 13638
5 4368 9279 1684 13639
5 4563 9860 3730 13640
5 6403 10075 2888 13641
5 3908 10184 5526 13642
5 2118 7974 5121 13643
5 8778 8821 1573 13644
5 5558 9933 2208 13645
5 430 8174 429 13646
5 5940 8383 3534 13647
5 4708 10382 6386 13648
5 5985 10343 1125 13649
5 6446 7698 3506 13650
5 8566 9387 3194 13651
5 1828 9699 6086 13652
5 2444 9180 6711 13653
5 6735 6838 3226 13654
5 2949 10122 5369 13655
5 1475 9808 4786 13656
5 3427 7762 6513 13657
5 7542 8034 3669 13658
5 1493 10423 6117 13659
5 2888 10075 4543 13660
5 1323 7203 1322 13661
5 5987 9763 2511 13662
5 6529 7215 521 13663
5 6282 7783 485 13664
5 1546 7747 4006 13665
5 4713 9044 2417 13666
5 4561 8784 1832 13667
5 5949 10116 705 13668
5 1327 7291 1326 13669
5 704 10116 5948 13670
5 1326 7291 5616 13671
5 6819 8041 3518 13672
5 1918 10622 5376 13673
5 797 8185 796 13674
5 309 8600 5996 13675
5 9035 9050 2211 13676
5 2827 9516 5964 13677
5 6120 9363 1870 13678
5 3287 9666 5889 13679
5 2488 6005 6004 13680
5 3769 7403 6490 13681
5 677 8319 676 13682
5 4250 7955 2314 13683
5 1376 10103 4584 13684
5 2130 10172 5600 13685
5 122 6959 5925 13686
5 5574 10560 4485 13687
5 5924 6958 119 13688
5 5913 9273 3242 13689
5 3183 9443 4516 13690
5 3520 7072 5852 13691
5 5955 10127 695 13692
5 678 10125 5960 13693
5 3415 9414 9215 13694
5 694 10127 5954 13695
5 2750 7985 7838 13696
5 5062 8409 1520 13697
5 4922 7927 2457 13698
5 6082 9634 4213 13699
5 5717 10154 3142 13700
5 3094 7480 4992 13701
5 2314 8360 4250 13702
5 2414 10407 9267 13703
5 7249 10102 1559 13704
5 7191 7242 1853 13705
5 210 6877 6099 13706
5 4484 9713 1915 13707
5 4706 9509 5469 13708
5 517 7756 516 13709
5 5950 10036 1598 13710
5 4659 10190 6793 13711
5 569 8188 568 13712
5 2930 7718 4907 13713
5 327 8178 326 13714
5 3166 9413 7598 13715
5 3181 6524 5767 13716
5 2710 8249 5336 13717
5 6214 8215 628 13718
5 5659 7288 3056 13719
5 6012 10383 385 13720
5 3851 10332 5039 13721
5 2888 10205 5338 13722
5 511 7759 510 13723
5 8941 9186 2559 13724
5 6522 9337 1881 13725
5 4178 8277 7541 13726
5 6024 10426 839 13727
5 384 10383 6011 13728
5 1349 7330 1348 13729
5 180 8246 179 13730
5 6461 9274 1840 13731
5 5603 7689 1902 13732
5 5219 9679 3227 13733
5 6011 10387 383 13734
5 5907 8749 1930 13735
5 5184 9967 2143 13736
5 6789 9837 4428 13737
5 2963 6371 4915 13738
5 3931 9246 8202 13739
5 1406 9817 7414 13740
5 1631 9609 7573 13741
5 2164 10589 6948 13742
5 5464 7342 1963 13743
5 6604 10507 2738 13744
5 34 7373 33 13745
5 6026 10408 813 13746
5 176 8204 175 13747
5 382 10387 6015 13748
5 2753 10374 5774 13749
5 5959 10125 679 13750
5 812 10408 6025 13751
5 6510 10247 1657 13752
5 4461 9720 5524 13753
5 8722 9494 1636 13754
5 6025 10410 811 13755
5 2492 7970 4426 13756
5 3183 6340 6279 13757
5 1570 9803 5410 13758
5 2778 8277 5509 13759
5 2361 9667 4617 13760
5 3266 7407 5052 13761
5 2718 9053 6146 13762
5 1507 9247 7055 13763
5 5951 9822 1979 13764
5 3722 9165 7237 13765
5 4073 10037 2354 13766
5 4426 7972 2492 13767
5 2452 9456 6393 13768
5 1904 9876 6419 13769
5 5054 7407 3266 13770
5 594 7472 6487 13771
5 6002 10287 727 13772
5 2354 10043 4073 13773
5 5751 8874 1416 13774
5 8325 9148 3989 13775
5 3267 7409 5054 13776
5 3289 7402 6289 13777
5 2307 9728 5599 13778
5 3429 6871 5486 13779
5 8392 10473 5442 13780
5 5202 10443 2148 13781
5 1784 10520 5767 13782
5 75 9033 5761 13783
5 6338 7564 1102 13784
5 3668 8114 7956 13785
5 3954 9748 8351 13786
5 254 8446 6028 13787
5 6043 9076 2993 13788
5 9498 10074 3540 13789
5 846 8195 845 13790
5 6704 7479 2905 13791
5 4 9230 5101 13792
5 1888 9485 4905 13793
5 2909 9126 5406 13794
5 5407 6617 3538 13795
5 1118 10614 6072 13796
5 6169 6983 3051 13797
5 3446 7854 5853 13798
5 6071 10614 1119 13799
5 228 8128 6058 13800
5 1549 8629 6483 13801
5 5978 10162 335 13802
5 6678 7345 2221 13803
5 2122 7230 4980 13804
5 213 8268 212 13805
5 1844 9292 4069 13806
5 334 10162 5977 13807
5 5872 9532 197 13808
5 45 7186 5669 13809
5 7343 8327 4089 13810
5 6660 9637 3479 13811
5 1782 9267 4750 13812
5 5942 9351 5941 13813
5 6304 7530 1969 13814
5 7807 8124 4694 13815
5 6931 7907 3092 13816
5 5507 7511 1965 13817
5 4838 8986 2823 13818
5 1100 8247 1099 13819
5 6814 9854 4999 13820
5 3518 8041 5843 13821
5 2270 9575 6713 13822
5 6306 7800 1019 13823
5 4671 10503 9492 13824
5 2149 10230 8508 13825
5 6174 7428 3263 13826
5 5881 9391 2849 13827
5 6290 8188 569 13828
5 3560 9036 4742 13829
5 2472 8034 7542 13830
5 3098 8202 6523 13831
5 450 8359 449 13832
5 707 8394 706 13833
5 1375 10299 1374 13834
5 5936 10568 4315 13835
5 1628 8914 6031 13836
5 5937 7784 1979 13837
5 3827 9705 5639 13838
5 6127 7289 3838 13839
5 3998 9962 8675 13840
5 5548 9082 2717 13841
5 1572 7451 5672 13842
5 5365 10264 3318 13843
5 3732 9322 4643 13844
5 697 8404 696 13845
5 5321 7034 3063 13846
5 2261 9487 8897 13847
5 5795 8164 3701 13848
5 6080 8479 2177 13849
5 596 7890 595 13850
5 1593 8044 5159 13851
5 2245 7811 3132 13852
5 986 8376 985 13853
5 100 8256 99 13854
5 1970 7602 6347 13855
5 5293 7584 3657 13856
5 3558 9510 4702 13857
5 5629 9577 2055 13858
5 8685 9876 1904 13859
5 4580 9794 2882 13860
5 1053 8270 1052 13861
5 3265 7662 5544 13862
5 3448 9307 8617 13863
5 2094 7580 6836 13864
5 2163 8707 6108 13865
5 1319 8681 1318 13866
5 2048 10076 9240 13867
5 4605 9640 8884 13868
5 5586 9366 2814 13869
5 5747 8500 1421 13870
5 2706 5857 3454 13871
5 5752 10225 2431 13872
5 2276 8207 3811 13873
5 4969 8678 3652 13874
5 369 8296 368 13875
5 135 8531 134 13876
5 255 8446 254 13877
5 920 8283 919 13878
5 4851 9698 2749 13879
5 5996 10174 308 13880
5 4995 7971 1847 13881
5 5645 9571 3357 13882
5 5136 9469 1912 13883
5 6643 8532 1621 13884
5 8608 9778 5411 13885
5 307 10174 5995 13886
5 1948 7157 6908 13887
5 2968 6383 4926 13888
5 3210 6391 4918 13889
5 3029 8014 6320 13890
5 4919 6391 3210 13891
5 1817 9141 6633 13892
5 6098 7736 207 13893
5 2935 10416 6107 13894
5 6129 8967 1663 13895
5 136 8273 135 13896
5 8610 10131 3351 13897
5 1172 10023 5970 13898
5 2310 10319 5866 13899
5 1005 7824 1004 13900
5 3629 9280 4652 13901
5 2820 9496 8191 13902
5 5969 10023 1173 13903
5 2213 8362 6195 13904
5 1410 10264 8852 13905
5 3263 9223 6133 13906
5 5669 7184 44 13907
5 4875 9372 2523 13908
5 4817 8436 8078 13909
5 3092 7907 7721 13910
5 6091 10364 1402 13911
5 601 7961 600 13912
5 5350 10621 2884 13913
5 6065 10471 750 13914
5 467 7853 466 13915
5 5492 10622 1918 13916
5 4910 8551 6282 13917
5 124 8350 123 13918
5 5778 7076 1291 13919
5 6939 10560 6276 13920
5 3025 9064 6318 13921
5 567 8383 566 13922
5 448 8294 447 13923
5 2775 7268 5574 13924
5 6146 9053 1934 13925
5 8086 10559 5118 13926
5 5373 7520 1972 13927
5 6897 9641 1872 13928
5 1396 8790 1395 13929
5 5991 10104 274 13930
5 968 8305 967 13931
5 175 8533 174 13932
5 3817 9394 8553 13933
5 2891 8937 4943 13934
5 273 10104 5990 13935
5 7628 7963 2207 13936
5 503 7909 502 13937
5 958 8307 957 13938
5 6588 7019 3123 13939
5 4603 7375 3603 13940
5 9036 9559 4742 13941
5 4278 10310 5155 13942
5 498 8289 497 13943
5 1652 9428 6858 13944
5 4316 8458 2535 13945
5 2253 9093 8710 13946
5 6319 7140 3411 13947
5 411 8318 410 13948
5 125 8365 124 13949
5 6088 10566 768 13950
5 767 10566 6087 13951
5 535 7933 534 13952
5 4724 8582 2470 13953
5 4293 7469 2306 13954
5 6473 9659 3066 13955
5 6000 10118 262 13956
5 261 10118 5999 13957
5 8969 9012 3554 13958
5 403 8323 402 13959
5 5903 7040 1280 13960
5 6601 9598 2200 13961
5 3113 7621 6480 13962
5 117 8340 116 13963
5 3429 10476 8585 13964
5 2523 10289 4793 13965
5 784 8317 783 13966
5 2572 7834 7000 13967
5 3447 8819 6337 13968
5 540 7979 539 13969
5 5534 10189 4373 13970
5 1169 8349 1168 13971
5 2992 6719 4972 13972
5 5768 9196 3389 13973
5 861 8338 860 13974
5 1841 8036 5156 13975
5 626 8301 625 13976
5 4428 9837 7789 13977
5 1403 7967 6091 13978
5 756 8477 755 13979
5 8442 9784 3299 13980
5 6401 7045 3135 13981
5 1829 9862 4577 13982
5 4961 9568 2866 13983
5 6334 7789 3328 13984
5 6856 9476 1681 13985
5 616 8219 615 13986
5 2368 8976 6427 13987
5 2316 10396 6083 13988
5 2634 8551 4910 13989
5 2073 10108 4712 13990
5 5670 7208 1330 13991
5 4721 8205 6214 13992
5 3813 9106 6312 13993
5 4034 9351 1703 13994
5 2052 8617 6154 13995
5 3487 8799 8791 13996
5 940 7902 939 13997
5 1359 9596 1358 13998
5 3405 8013 7791 13999
5 3003 10037 5887 14000
5 8190 8679 1660 14001
5 2306 8541 4293 14002
5 3838 8206 6127 14003
5 8888 8889 1762 14004
5 8288 9676 3706 14005
5 6562 8082 1600 14006
5 6942 8627 3981 14007
5 6260 6853 1199 14008
5 5606 9737 2527 14009
5 6797 8320 3106 14010
5 3141 7263 5738 14011
5 4784 8628 1796 14012
5 4470 7159 5873 14013
5 4315 10228 2319 14014
5 734 8347 733 14015
5 3190 7984 7130 14016
5 9722 9882 1731 14017
5 43 7184 5666 14018
5 2200 8863 5462 14019
5 2874 9839 5200 14020
5 1105 7855 6337 14021
5 9085 10226 3635 14022
5 3424 10627 10480 14023
5 3513 10425 7363 14024
5 5886 10043 3002 14025
5 3184 7156 6764 14026
5 3121 9332 6988 14027
5 7880 9700 3925 14028
5 8263 10098 4681 14029
5 3504 7173 5865 14030
5 1920 10163 5772 14031
5 2507 8395 4285 14032
5 5972 10403 2124 14033
5 1331 7202 5670 14034
5 1393 10346 10223 14035
5 1622 9753 7843 14036
5 5853 7292 3446 14037
5 5441 7956 1422 14038
5 6352 9647 3037 14039
5 8942 10380 3765 14040
5 6140 10375 2595 14041
5 2767 10442 5835 14042
5 3024 8047 6138 14043
5 4507 8683 7494 14044
5 983 7930 982 14045
5 3852 8502 2555 14046
5 6028 10196 253 14047
5 252 10196 6027 14048
5 5668 7202 1332 14049
5 4285 8348 2507 14050
5 5887 9436 128 14051
5 127 9436 5886 14052
5 7190 8356 1447 14053
5 1178 10169 6019 14054
5 6562 8229 2618 14055
5 3557 9944 7810 14056
5 1115 8369 1114 14057
5 2047 9711 5905 14058
5 8438 10256 4753 14059
5 2283 9551 8422 14060
5 5169 10110 1796 14061
5 311 8342 310 14062
5 550 7591 6526 14063
5 5879 8210 2230 14064
5 5530 9144 3443 14065
5 1407 9736 8308 14066
5 6018 10169 1179 14067
5 4630 8976 2368 14068
5 5863 7619 3343 14069
5 3704 10446 5623 14070
5 2216 9712 5657 14071
5 1498 10534 5600 14072
5 7296 9449 3995 14073
5 3556 10433 5220 14074
5 5593 8389 2958 14075
5 8683 9571 1871 14076
5 1333 7201 5668 14077
5 1292 8788 5778 14078
5 6151 10563 2545 14079
5 3018 7041 4880 14080
5 1974 9772 5737 14081
5 3010 9949 5925 14082
5 5588 8935 2042 14083
5 4606 8520 2557 14084
5 1958 10290 6532 14085
5 5924 9950 3009 14086
5 2102 7620 7328 14087
5 2316 9697 8474 14088
5 1989 7534 6481 14089
5 5421 10362 2435 14090
5 2634 9207 5194 14091
5 2930 9863 7718 14092
5 1615 10273 7300 14093
5 5858 8521 3354 14094
5 6502 9813 3175 14095
5 2557 8524 4606 14096
5 2177 8921 6142 14097
5 3124 9961 6752 14098
5 5525 8451 8375 14099
5 4783 10404 2866 14100
5 3811 9056 8725 14101
5 5743 8661 1505 14102
5 5689 7201 1334 14103
5 3848 8016 5631 14104
5 6496 7957 3723 14105
5 1791 9859 9315 14106
5 5775 7901 3059 14107
5 1711 9370 6124 14108
5 6368 10368 1728 14109
5 6134 6943 158 14110
5 2881 10111 6832 14111
5 6386 10605 3606 14112
5 3481 8339 8304 14113
5 6530 10530 1613 14114
5 3250 9882 6090 14115
5 3159 6300 6266 14116
5 5975 8806 2664 14117
5 5667 8031 1988 14118
5 5160 7379 2002 14119
5 6102 10522 344 14120
5 7425 9381 3168 14121
5 3040 8129 7951 14122
5 5666 7232 42 14123
5 6190 8287 4298 14124
5 7871 9029 2034 14125
5 343 10522 6101 14126
5 4878 9227 6001 14127
5 6327 6998 2994 14128
5 6123 10105 1570 14129
5 6101 10524 342 14130
5 5647 8620 2333 14131
5 161 6946 6135 14132
5 341 10524 6105 14133
5 2616 9680 6570 14134
5 3686 10325 5565 14135
5 6208 9194 9172 14136
5 4553 7436 1618 14137
5 6283 8639 4910 14138
5 3862 9611 7882 14139
5 6323 8782 1710 14140
5 4427 7528 2499 14141
5 6497 7962 1993 14142
5 2336 8595 8476 14143
5 4910 8639 2634 14144
5 2828 9732 6440 14145
5 2974 6991 5952 14146
5 6774 8833 3577 14147
5 8538 9412 4969 14148
5 1466 9288 7856 14149
5 2499 7659 4427 14150
5 4868 7786 3516 14151
5 1335 7209 5689 14152
5 533 7487 7193 14153
5 3200 8569 6797 14154
5 1184 10193 6049 14155
5 5889 8445 3287 14156
5 4728 8605 2496 14157
5 7176 9185 2466 14158
5 4117 9949 2356 14159
5 632 8045 631 14160
5 2356 9950 4117 14161
5 3811 9408 9056 14162
5 6575 6576 1819 14163
5 5826 9688 1571 14164
5 8578 9685 3721 14165
5 5358 10485 3738 14166
5 497 8289 6341 14167
5 9136 10294 4182 14168
5 6048 10193 1185 14169
5 6320 8014 1971 14170
5 758 8443 757 14171
5 1042 8073 1041 14172
5 5685 7209 1336 14173
5 293 8475 292 14174
5 1037 8022 1036 14175
5 675 8452 674 14176
5 4277 10367 9470 14177
5 8957 10259 2800 14178
5 1046 8077 1045 14179
5 326 8437 325 14180
5 643 8075 642 14181
5 7084 7883 3839 14182
5 2470 10491 4724 14183
5 1395 8482 1394 14184
5 3233 9820 7881 14185
5 5925 9523 121 14186
5 120 9523 5924 14187
5 1190 10204 6056 14188
5 847 8421 846 14189
5 3378 6943 6134 14190
5 4660 9273 7408 14191
5 721 7647 6398 14192
5 625 8301 6339 14193
5 155 6945 6164 14194
5 1337 7205 5685 14195
5 2514 3784 3783 14196
5 6055 10204 1191 14197
5 6058 10207 227 14198
5 6109 6968 130 14199
5 6994 6995 2037 14200
5 2065 9940 5086 14201
5 8037 9729 4643 14202
5 470 8554 469 14203
5 1057 8341 1056 14204
5 6139 9662 3073 14205
5 310 8600 309 14206
5 6497 7906 2267 14207
5 4932 6422 3222 14208
5 7925 8979 5095 14209
5 7428 9223 3263 14210
5 992 8088 991 14211
5 4585 9124 8419 14212
5 1687 9412 5018 14213
5 226 10207 6057 14214
5 2630 4859 2736 14215
5 988 8090 987 14216
5 5868 7765 3333 14217
5 509 7608 6558 14218
5 8216 9433 3831 14219
5 709 8490 708 14220
5 1196 10208 6061 14221
5 3746 10074 9498 14222
5 6060 10208 1197 14223
5 3222 6422 4931 14224
5 3451 7026 6233 14225
5 3732 9729 5508 14226
5 2759 10123 5915 14227
5 699 8497 698 14228
5 2787 7862 4861 14229
5 2344 9470 7772 14230
5 1341 7302 1340 14231
5 3191 10320 9577 14232
5 1117 8587 1116 14233
5 146 8462 145 14234
5 2322 8370 6328 14235
5 7117 7972 2977 14236
5 1084 8108 1083 14237
5 7129 10307 2426 14238
5 6622 9488 1849 14239
5 8115 10416 2935 14240
5 4314 9240 3230 14241
5 4936 8092 3628 14242
5 4789 9131 2423 14243
5 1293 8788 1292 14244
5 4615 8762 1619 14245
5 6908 7157 4066 14246
5 8014 8956 1971 14247
5 2919 8258 7577 14248
5 7360 9788 2101 14249
5 5422 8604 2427 14250
5 2789 9956 6152 14251
5 4323 9905 6277 14252
5 2985 6411 4952 14253
5 4953 6411 2985 14254
5 6441 9040 3485 14255
5 7312 9692 5015 14256
5 2988 6414 4950 14257
5 4386 9904 5454 14258
5 3065 9663 6470 14259
5 5423 9287 3688 14260
5 7483 8570 1696 14261
5 6163 6955 152 14262
5 656 8080 655 14263
5 5153 7636 3362 14264
5 1496 9971 4649 14265
5 998 7439 6609 14266
5 7212 7498 2077 14267
5 1483 8086 5332 14268
5 2264 9482 6204 14269
5 4007 10192 5465 14270
5 1793 6576 6575 14271
5 3363 7639 5153 14272
5 476 8431 475 14273
5 3396 7063 5883 14274
5 1158 8636 1157 14275
5 7640 8750 1389 14276
5 3416 9133 6398 14277
5 3526 8111 7794 14278
5 5165 9569 1884 14279
5 407 8351 406 14280
5 6452 6974 681 14281
5 2045 7430 5652 14282
5 2467 9641 6897 14283
5 6602 8288 1672 14284
5 465 7618 6552 14285
5 6161 8756 2176 14286
5 6205 9724 3186 14287
5 8233 9652 3786 14288
5 9571 10304 3357 14289
5 1010 8463 1009 14290
5 10480 10627 4257 14291
5 5015 9692 1797 14292
5 3536 7164 5891 14293
5 7969 8336 2207 14294
5 5352 10593 10191 14295
5 6176 9003 3285 14296
5 5715 7010 4017 14297
5 6626 7415 417 14298
5 6601 8506 3311 14299
5 3106 7186 4863 14300
5 7597 8043 1915 14301
5 2772 10504 9832 14302
5 4493 10525 7310 14303
5 7053 10486 3478 14304
5 6513 8646 3427 14305
5 6918 7473 2777 14306
5 7509 8925 3734 14307
5 6706 9485 1888 14308
5 6349 8431 476 14309
5 1841 9567 5151 14310
5 943 8615 942 14311
5 2627 9441 6160 14312
5 5941 8569 2786 14313
5 857 8391 856 14314
5 77 8514 76 14315
5 7267 10382 5399 14316
5 3196 9751 7774 14317
5 2024 8501 7931 14318
5 4867 9980 1536 14319
5 2936 6703 6694 14320
5 1165 8663 1164 14321
5 8897 9465 4060 14322
5 5156 9567 1841 14323
5 6796 8830 2008 14324
5 5865 8106 3504 14325
5 3389 9196 4870 14326
5 1345 7337 1344 14327
5 1231 8522 1230 14328
5 2781 8990 5556 14329
5 2887 8147 6014 14330
5 1281 9204 5903 14331
5 3193 8124 7807 14332
5 2769 10537 6658 14333
5 5970 8530 3231 14334
5 1489 9924 5260 14335
5 6020 8053 1421 14336
5 2524 8468 4308 14337
5 1367 8526 1366 14338
5 2384 9757 5541 14339
5 1632 8491 6501 14340
5 2657 10511 6130 14341
5 3006 10454 5872 14342
5 4733 9669 4220 14343
5 8462 9014 3798 14344
5 2987 6418 4958 14345
5 4959 6418 2987 14346
5 6212 10417 1735 14347
5 2724 8693 7484 14348
5 5843 8167 3518 14349
5 1814 8466 4765 14350
5 2479 9528 4413 14351
5 4942 8690 6306 14352
5 5852 8173 3520 14353
5 5652 9199 2201 14354
5 1653 7882 6608 14355
5 1619 8762 7006 14356
5 4308 8406 2524 14357
5 4469 10578 5674 14358
5 6437 7258 1973 14359
5 339 8550 338 14360
5 2577 9681 4619 14361
5 6019 8395 3253 14362
5 6490 7416 3978 14363
5 7266 7808 2773 14364
5 7197 7677 528 14365
5 41 7232 5741 14366
5 1561 6302 5992 14367
5 1436 10605 6386 14368
5 1919 8427 5448 14369
5 7682 7683 4412 14370
5 8433 8479 2495 14371
5 4050 8235 6993 14372
5 7229 8448 3844 14373
5 1000 8199 999 14374
5 1035 7574 6597 14375
5 9302 10014 3255 14376
5 6138 10499 247 14377
5 9121 9130 3346 14378
5 1450 7049 5236 14379
5 8977 10615 4337 14380
5 4997 6742 3008 14381
5 6097 10177 2927 14382
5 3990 8665 7129 14383
5 1802 10286 5691 14384
5 9138 9425 2113 14385
5 949 8505 948 14386
5 246 10499 6137 14387
5 4779 8625 3001 14388
5 1219 8594 1218 14389
5 6629 7474 926 14390
5 2755 6405 4311 14391
5 3007 8316 7064 14392
5 9221 10620 3865 14393
5 6397 7920 718 14394
5 3320 10620 9221 14395
5 6122 10555 2273 14396
5 5235 9744 1979 14397
5 925 8200 924 14398
5 231 8590 230 14399
5 1546 9256 7747 14400
5 1600 8233 6562 14401
5 257 8581 256 14402
5 1160 8574 1159 14403
5 1679 9024 6075 14404
5 6375 8305 968 14405
5 7217 7586 609 14406
5 2993 9827 6043 14407
5 5934 7921 3492 14408
5 2536 10267 6316 14409
5 6292 9224 3611 14410
5 1009 8534 1008 14411
5 4825 8221 3436 14412
5 3421 8182 7916 14413
5 6554 7771 460 14414
5 761 8151 760 14415
5 1658 8310 6799 14416
5 5901 9204 1282 14417
5 4561 9597 8784 14418
5 3357 8509 5645 14419
5 8010 8749 3032 14420
5 5533 9553 2114 14421
5 2199 8970 6003 14422
5 5831 9170 2195 14423
5 3816 9250 8811 14424
5 6250 10578 6944 14425
5 6261 9188 2390 14426
5 6014 8767 2654 14427
5 337 8699 336 14428
5 458 7696 6579 14429
5 8212 9208 2477 14430
5 1472 10327 4757 14431
5 1878 7699 6478 14432
5 3161 9191 6566 14433
5 4799 10238 10039 14434
5 3467 7731 5990 14435
5 2176 8978 6211 14436
5 5259 10145 2971 14437
5 6740 9136 3247 14438
5 7641 8932 1490 14439
5 5030 9959 1468 14440
5 1206 8606 1205 14441
5 7143 7405 1420 14442
5 4317 7817 2381 14443
5 1268 8602 1267 14444
5 2565 8601 4625 14445
5 5255 6850 1506 14446
5 6496 9916 2066 14447
5 1167 8599 1166 14448
5 6875 7796 4592 14449
5 5767 10233 3181 14450
5 4636 7957 6496 14451
5 1611 9681 6987 14452
5 893 8688 892 14453
5 3691 9029 7871 14454
5 5451 10297 1917 14455
5 115 6972 6194 14456
5 7869 10489 6521 14457
5 2531 8504 4313 14458
5 3969 7914 2402 14459
5 6082 7092 3313 14460
5 6193 6971 112 14461
5 4523 9838 6119 14462
5 2824 8018 6506 14463
5 7044 7188 2123 14464
5 1283 9225 5901 14465
5 526 8109 6528 14466
5 2622 10490 7006 14467
5 3933 10322 5114 14468
5 6114 8171 4554 14469
5 6371 8463 1010 14470
5 5741 7228 40 14471
5 4625 8618 2565 14472
5 8050 8727 3196 14473
5 4313 8434 2531 14474
5 5974 7263 3141 14475
5 6000 7741 3470 14476
5 6548 10149 3206 14477
5 1499 7761 6416 14478
5 4554 8175 6113 14479
5 938 7660 6586 14480
5 5984 9839 2874 14481
5 7327 7533 504 14482
5 8731 8989 2250 14483
5 8552 10581 3872 14484
5 6099 10216 209 14485
5 290 7703 6443 14486
5 205 8641 204 14487
5 2381 8706 4317 14488
5 447 8294 6429 14489
5 4906 8865 4844 14490
5 5921 6572 2600 14491
5 4941 10099 9993 14492
5 8229 9585 3392 14493
5 312 8597 311 14494
5 6322 7132 3113 14495
5 4218 9376 5152 14496
5 7936 9337 2787 14497
5 6106 10554 1451 14498
5 1539 10479 5422 14499
5 3297 8078 6007 14500
5 6523 8202 2765 14501
5 4608 10111 2881 14502
5 1404 9717 5536 14503
5 208 10216 6098 14504
5 6133 6937 3263 14505
5 6442 7713 287 14506
5 6393 6881 1540 14507
5 3873 10472 8686 14508
5 2581 9065 5658 14509
5 6125 9022 3157 14510
5 1227 8660 1226 14511
5 3087 6907 6643 14512
5 6891 10206 4542 14513
5 2142 7535 6988 14514
5 3494 10512 5494 14515
5 58 7041 6084 14516
5 9212 10250 4862 14517
5 7987 10136 3160 14518
5 1852 10538 5657 14519
5 6484 9261 1876 14520
5 1793 6577 6576 14521
5 1797 7581 5015 14522
5 1791 9315 6456 14523
5 2648 8690 4942 14524
5 3275 7448 6317 14525
5 1566 7537 7005 14526
5 1957 7266 5847 14527
5 1921 10318 5463 14528
5 2489 9607 4450 14529
5 3738 9633 9508 14530
5 3425 7599 6578 14531
5 6100 8879 3516 14532
5 6501 8067 1632 14533
5 6383 8505 949 14534
5 9213 9524 2330 14535
5 7951 9469 5136 14536
5 9417 9521 5262 14537
5 2236 8339 5895 14538
5 2349 8647 7850 14539
5 1741 7179 5354 14540
5 6478 10186 3328 14541
5 1818 10496 4891 14542
5 4901 7279 1947 14543
5 2202 9455 5386 14544
5 5999 8360 3030 14545
5 8556 9721 3480 14546
5 4326 9282 9107 14547
5 1114 8369 6395 14548
5 1780 9338 6062 14549
5 2537 8528 4324 14550
5 809 8309 808 14551
5 1511 9680 6921 14552
5 6305 8764 4942 14553
5 3812 10056 8210 14554
5 895 8343 894 14555
5 4324 8536 2537 14556
5 269 7733 6460 14557
5 6605 7478 2864 14558
5 4817 9037 1649 14559
5 109 6970 6218 14560
5 2962 10251 5357 14561
5 3667 10457 4431 14562
5 6090 9722 3315 14563
5 6133 9223 1489 14564
5 6459 7739 266 14565
5 2193 9043 8516 14566
5 1690 10475 9169 14567
5 6049 8468 3260 14568
5 1586 10004 5084 14569
5 118 8689 117 14570
5 4219 8095 2710 14571
5 1138 8760 1137 14572
5 428 7561 7294 14573
5 6636 9684 3102 14574
5 3452 9021 7802 14575
5 4702 9728 9513 14576
5 4704 9580 3660 14577
5 4998 6818 3029 14578
5 6244 9217 4796 14579
5 2183 8068 3141 14580
5 7058 10142 2829 14581
5 6409 9501 3071 14582
5 39 7228 5738 14583
5 1818 10139 6513 14584
5 6217 6975 106 14585
5 1408 8767 6014 14586
5 6646 9941 1926 14587
5 2168 9999 5286 14588
5 1064 7819 6584 14589
5 789 8287 788 14590
5 7073 9293 1999 14591
5 3922 9127 7354 14592
5 2559 9869 8941 14593
5 7667 7727 2980 14594
5 5117 7493 3330 14595
5 500 8739 499 14596
5 3571 10303 8222 14597
5 5297 7700 1637 14598
5 6179 8337 4321 14599
5 8292 10139 4891 14600
5 3329 7495 5117 14601
5 6223 8328 2958 14602
5 6039 9948 2412 14603
5 6614 7723 1066 14604
5 3263 7948 6174 14605
5 2884 10621 5585 14606
5 3167 9274 6461 14607
5 514 8741 513 14608
5 7169 8976 4630 14609
5 7710 8900 1670 14610
5 1640 8484 5987 14611
5 7215 7735 520 14612
5 9457 10129 5589 14613
5 3289 10244 5333 14614
5 5607 9784 8442 14615
5 2019 6733 1724 14616
5 9709 10334 1373 14617
5 1431 10016 9828 14618
5 5608 8648 4535 14619
5 2592 8024 4831 14620
5 7171 10337 4329 14621
5 3444 7498 7212 14622
5 5071 7338 3345 14623
5 7218 9075 3611 14624
5 3413 6971 6193 14625
5 3345 7338 5070 14626
5 1768 9764 4524 14627
5 6590 7799 890 14628
5 1757 10431 7500 14629
5 6456 7158 1791 14630
5 931 7728 6625 14631
5 6754 8771 4165 14632
5 1686 8649 6567 14633
5 888 7709 6616 14634
5 3360 7365 5082 14635
5 7287 10064 1540 14636
5 1394 9230 4 14637
5 5081 7365 3360 14638
5 3275 7781 7448 14639
5 5940 7516 4303 14640
5 3456 8281 5204 14641
5 6623 7775 961 14642
5 1376 10124 1375 14643
5 6153 7057 4629 14644
5 820 8527 819 14645
5 1615 9483 3646 14646
5 4331 9824 8165 14647
5 6491 7822 298 14648
5 2890 10302 5417 14649
5 6111 9036 3560 14650
5 7233 7528 2992 14651
5 5477 7693 3335 14652
5 1834 8335 5505 14653
5 3385 9850 6573 14654
5 7025 8222 1646 14655
5 4942 8764 2648 14656
5 2841 10085 7125 14657
5 2188 10095 7214 14658
5 3756 9455 5205 14659
5 475 8668 474 14660
5 1533 9448 7519 14661
5 6405 8693 3174 14662
5 7646 8355 2923 14663
5 739 8337 738 14664
5 5053 7298 3269 14665
5 2873 7265 4337 14666
5 191 8728 190 14667
5 6308 6946 162 14668
5 6226 8856 2181 14669
5 3706 10342 8288 14670
5 2702 10230 8959 14671
5 7600 10552 3500 14672
5 4757 10327 6354 14673
5 2181 9023 6247 14674
5 2753 9331 5758 14675
5 3268 7303 5053 14676
5 1254 8691 1253 14677
5 5334 10598 1490 14678
5 3592 7139 5929 14679
5 6119 9119 3895 14680
5 1571 9688 5873 14681
5 5338 8449 1901 14682
5 1441 8161 6156 14683
5 6414 8421 847 14684
5 3125 10563 6151 14685
5 5953 9312 1573 14686
5 7585 7814 2456 14687
5 6447 7638 1221 14688
5 1458 8021 4924 14689
5 6701 7524 790 14690
5 1637 10109 5719 14691
5 3277 9752 7694 14692
5 2674 10269 6881 14693
5 1979 9744 5951 14694
5 7788 10259 5615 14695
5 5238 7973 3496 14696
5 5634 10293 4970 14697
5 3496 7973 5237 14698
5 1596 8927 6157 14699
5 7219 8653 1370 14700
5 5286 9917 8264 14701
5 4183 10164 5031 14702
5 1576 9905 4323 14703
5 5736 9993 2317 14704
5 5774 9339 2753 14705
5 9479 10527 3462 14706
5 2112 9237 9145 14707
5 3428 7863 6633 14708
5 7033 8336 4123 14709
5 7612 7721 1695 14710
5 6256 10509 2534 14711
5 3885 9477 5757 14712
5 1552 9179 6063 14713
5 7805 9699 3952 14714
5 1694 7149 5155 14715
5 2048 10326 7501 14716
5 8163 8795 4772 14717
5 3118 7614 5018 14718
5 1096 7652 6665 14719
5 4729 9688 3173 14720
5 1851 9640 4605 14721
5 6056 8504 3273 14722
5 5149 10563 6153 14723
5 6196 9182 2315 14724
5 4819 10077 1518 14725
5 5015 7581 6242 14726
5 2140 8734 5161 14727
5 8900 10300 5520 14728
5 1136 8412 1135 14729
5 1728 9368 6368 14730
5 1407 8308 7729 14731
5 1530 9525 6343 14732
5 3112 9149 8944 14733
5 1917 10297 5461 14734
5 6793 7284 2222 14735
5 5572 10505 1990 14736
5 5947 10284 3650 14737
5 3680 9417 5262 14738
5 6618 7847 883 14739
5 8484 9763 5987 14740
5 6712 7525 740 14741
5 4891 10139 1818 14742
5 555 8820 554 14743
5 1537 7163 5822 14744
5 881 7797 6639 14745
5 2387 9810 3580 14746
5 5181 9533 1668 14747
5 817 9277 6332 14748
5 6492 8902 5196 14749
5 6192 7034 1262 14750
5 8802 10357 2846 14751
5 654 7592 7332 14752
5 3076 9843 7016 14753
5 6587 8098 933 14754
5 1649 9037 4740 14755
5 2997 6463 4988 14756
5 4987 6463 2997 14757
5 3929 9041 7901 14758
5 4892 8772 2639 14759
5 6023 10249 1536 14760
5 2639 8777 4892 14761
5 5011 7681 3128 14762
5 5365 9410 3076 14763
5 3619 7563 5063 14764
5 7758 8170 2742 14765
5 5017 6780 3012 14766
5 6170 7077 3153 14767
5 1461 9633 5721 14768
5 9638 10592 4832 14769
5 6896 8552 3872 14770
5 4643 9729 3732 14771
5 2101 8116 5382 14772
5 4299 10340 7451 14773
5 5891 8217 3536 14774
5 2662 10402 6320 14775
5 8527 10188 4106 14776
5 6135 10151 160 14777
5 7257 10293 3391 14778
5 331 8381 330 14779
5 2555 7272 3852 14780
5 2776 10460 6637 14781
5 2136 8225 5694 14782
5 6337 8819 4973 14783
5 1232 8753 1231 14784
5 159 10151 6134 14785
5 3022 6284 4755 14786
5 5066 7314 3282 14787
5 5457 8447 2481 14788
5 7162 7567 3268 14789
5 4544 8399 2521 14790
5 3582 8393 5878 14791
5 4744 9620 3239 14792
5 2771 10414 6016 14793
5 948 8726 947 14794
5 689 8725 688 14795
5 8926 9031 3031 14796
5 177 8785 176 14797
5 3282 7314 5065 14798
5 143 6966 6325 14799
5 2551 9303 6215 14800
5 131 9988 6109 14801
5 1401 9707 1400 14802
5 636 7940 7278 14803
5 6017 8002 2268 14804
5 6298 6965 1237 14805
5 4692 10235 1819 14806
5 6061 8528 3279 14807
5 1265 7036 6189 14808
5 5738 7263 38 14809
5 6513 10139 3426 14810
5 6397 9082 3493 14811
5 1836 10088 6641 14812
5 6251 8880 2187 14813
5 7352 10510 638 14814
5 5065 7315 3281 14815
5 1496 9369 6421 14816
5 9224 10112 3611 14817
5 5471 10318 1921 14818
5 2059 3038 2707 14819
5 5558 9424 2575 14820
5 1764 9148 6150 14821
5 2187 9058 6272 14822
5 3452 10617 6213 14823
5 4401 10230 8515 14824
5 6294 8772 4892 14825
5 5565 8042 3355 14826
5 7539 10144 2270 14827
5 9269 10353 4649 14828
5 1224 7698 6446 14829
5 4892 8777 6295 14830
5 2391 9301 8371 14831
5 5845 6696 1801 14832
5 3283 8536 6060 14833
5 4628 10349 1827 14834
5 7259 7582 2175 14835
5 6633 9611 1817 14836
5 3874 8017 5981 14837
5 3503 10515 7468 14838
5 2774 9486 6021 14839
5 2466 9185 4961 14840
5 2648 9401 5275 14841
5 7235 7782 3324 14842
5 9054 10500 3710 14843
5 5597 9730 3631 14844
5 8436 10052 2986 14845
5 3437 8842 8808 14846
5 4344 8774 6062 14847
5 1753 8842 6175 14848
5 6035 9607 2900 14849
5 2334 7952 5707 14850
5 5576 9765 2116 14851
5 365 7704 6681 14852
5 1267 8828 1266 14853
5 2133 9899 4876 14854
5 1377 10103 1376 14855
5 6820 8716 4052 14856
5 8510 10036 4377 14857
5 6281 9969 3874 14858
5 5085 6811 3253 14859
5 6743 10194 1654 14860
5 4831 8024 2644 14861
5 2441 9001 3842 14862
5 6164 10240 154 14863
5 3226 9276 6735 14864
5 3261 8348 6018 14865
5 2299 8432 8172 14866
5 6278 9070 2189 14867
5 6409 6934 171 14868
5 5111 9166 3565 14869
5 2959 10337 7171 14870
5 7490 8619 2161 14871
5 6675 7848 829 14872
5 3505 8295 7552 14873
5 153 10240 6163 14874
5 6650 7904 804 14875
5 6646 9231 2305 14876
5 5087 7358 3303 14877
5 4771 10577 3927 14878
5 5091 7362 3366 14879
5 3366 7362 5090 14880
5 7649 10596 1727 14881
5 7089 7905 2496 14882
5 802 7828 6680 14883
5 3104 8125 7389 14884
5 8348 8756 2507 14885
5 2050 7651 5739 14886
5 5418 10272 2063 14887
5 3486 7293 5083 14888
5 6176 8312 3129 14889
5 216 8945 215 14890
5 31 7446 30 14891
5 4518 8331 2529 14892
5 2529 8332 4518 14893
5 1211 8786 1210 14894
5 3564 9982 8405 14895
5 1881 9411 6522 14896
5 3583 9270 8503 14897
5 6793 10493 4659 14898
5 6660 9211 1880 14899
5 1937 9022 6125 14900
5 1620 9539 4535 14901
5 3205 9168 7394 14902
5 919 8283 6604 14903
5 2591 10113 9449 14904
5 6085 8933 2454 14905
5 3310 10273 6493 14906
5 2159 8334 5250 14907
5 99 8866 98 14908
5 6799 8310 2956 14909
5 137 8871 136 14910
5 2767 9379 5832 14911
5 4598 8810 1672 14912
5 1621 8532 4406 14913
5 2205 8829 8614 14914
5 6216 8605 4728 14915
5 5835 9380 2767 14916
5 3508 7982 5248 14917
5 1271 8815 1270 14918
5 5093 7364 3305 14919
5 3601 8587 6072 14920
5 5155 8622 1694 14921
5 2673 9397 5308 14922
5 2011 9818 6374 14923
5 5249 7982 3508 14924
5 1216 8964 1215 14925
5 151 6955 6404 14926
5 2780 10429 6805 14927
5 6836 7580 3880 14928
5 3187 8644 5632 14929
5 70 7028 6235 14930
5 7577 8258 2469 14931
5 9378 10615 3096 14932
5 2205 8867 8829 14933
5 3359 7531 5145 14934
5 5145 7532 3358 14935
5 6274 8381 4392 14936
5 3358 7532 5146 14937
5 6233 7026 67 14938
5 6482 8490 709 14939
5 6812 9884 1630 14940
5 1698 8257 6225 14941
5 2228 8424 8032 14942
5 1062 8950 1061 14943
5 4973 8908 6338 14944
5 5647 10572 8620 14945
5 6084 9643 57 14946
5 6654 8438 2135 14947
5 9088 9323 2218 14948
5 7189 7720 3715 14949
5 76 9033 75 14950
5 8053 10404 4783 14951
5 5310 9452 2639 14952
5 1210 8835 1209 14953
5 1872 9641 6703 14954
5 6321 9121 2662 14955
5 2784 10231 6081 14956
5 6577 8091 2378 14957
5 5426 8526 1367 14958
5 3174 7142 6293 14959
5 25 7593 24 14960
5 795 7895 6700 14961
5 981 7604 7504 14962
5 5092 6830 3260 14963
5 4661 9948 2853 14964
5 6329 10183 1814 14965
5 671 7887 6695 14966
5 6868 7742 3527 14967
5 4977 9927 9796 14968
5 2806 8837 5870 14969
5 5326 9068 3314 14970
5 7540 10478 3857 14971
5 3240 6849 6721 14972
5 1811 7151 5541 14973
5 2178 10159 5331 14974
5 9324 10495 5568 14975
5 562 10011 6964 14976
5 6392 10409 897 14977
5 7494 8399 3137 14978
5 4849 9297 9296 14979
5 4697 8638 7685 14980
5 827 8146 6657 14981
5 3450 9331 6443 14982
5 3254 8433 5969 14983
5 7348 9875 3869 14984
5 3066 9578 4746 14985
5 147 9014 146 14986
5 3580 7094 6775 14987
5 8805 9322 5821 14988
5 2021 8911 5777 14989
5 9085 9122 3760 14990
5 3492 7508 5934 14991
5 7471 8519 3491 14992
5 1703 8648 5608 14993
5 613 7716 7576 14994
5 5654 10484 2920 14995
5 2944 9241 5809 14996
5 1140 7919 6673 14997
5 6112 9881 2918 14998
5 6388 8279 4054 14999
5 6770 7579 332 15000
5 5142 7506 3352 15001
5 1839 9510 6726 15002
5 3353 7507 5142 15003
5 6684 7947 360 15004
5 6301 10347 1476 15005
5 5505 8137 1816 15006
5 4716 9753 2547 15007
5 8113 8290 3446 15008
5 6281 8561 1429 15009
5 688 9056 687 15010
5 5214 7783 3406 15011
5 6412 9563 864 15012
5 3405 7785 5214 15013
5 6473 6953 1233 15014
5 7395 7648 370 15015
5 4973 8819 2668 15016
5 2542 9010 6860 15017
5 6637 8323 403 15018
5 6442 9339 3459 15019
5 145 8919 144 15020
5 7975 9754 3373 15021
5 5215 8656 2914 15022
5 5086 10100 2343 15023
5 5331 10009 8358 15024
5 4361 6480 2786 15025
5 2079 9350 5952 15026
5 7671 9092 4996 15027
5 7047 8836 4226 15028
5 3966 10069 8884 15029
5 1657 9433 6556 15030
5 2707 3682 3681 15031
5 7443 10603 1079 15032
5 3690 9230 8482 15033
5 358 7859 6722 15034
5 6717 7903 778 15035
5 6833 9328 2990 15036
5 776 8084 6686 15037
5 6723 7821 1142 15038
5 2969 8706 7931 15039
5 6194 10262 114 15040
5 2953 9260 5460 15041
5 113 10262 6193 15042
5 1077 7992 7358 15043
5 2404 8459 7320 15044
5 3585 7261 5949 15045
5 1398 10270 1397 15046
5 2611 8794 4762 15047
5 6990 9502 3560 15048
5 3578 7720 7189 15049
5 2986 8775 6007 15050
5 3475 9545 6426 15051
5 1385 10148 1384 15052
5 4649 9971 9269 15053
5 2428 7572 7250 15054
5 6724 7535 2142 15055
5 6046 9528 2898 15056
5 1543 9894 4888 15057
5 3274 8406 6048 15058
5 6448 10185 645 15059
5 7001 10341 4336 15060
5 4762 8809 2611 15061
5 1255 8928 1254 15062
5 3325 7782 7235 15063
5 183 9046 182 15064
5 2426 10307 8092 15065
5 7460 10619 1091 15066
5 5791 9447 1512 15067
5 5960 7304 3568 15068
5 4671 10279 1743 15069
5 1089 8004 7364 15070
5 1547 9481 5781 15071
5 5021 6718 3011 15072
5 3510 7736 6098 15073
5 6682 8185 797 15074
5 838 10426 6417 15075
5 6658 8338 861 15076
5 4676 9536 2550 15077
5 10315 10377 4517 15078
5 3237 9309 6135 15079
5 6009 8134 3575 15080
5 2180 8157 7623 15081
5 5905 10565 3236 15082
5 3036 7907 6931 15083
5 7080 9852 3201 15084
5 5038 7392 2735 15085
5 5042 10403 3545 15086
5 8929 9123 2260 15087
5 105 6975 6433 15088
5 5098 6837 3273 15089
5 3588 7275 5955 15090
5 6128 9909 2925 15091
5 1714 10329 6635 15092
5 363 9028 362 15093
5 6902 7225 3200 15094
5 6439 10238 2254 15095
5 2062 10130 6042 15096
5 463 9020 462 15097
5 6491 9366 3490 15098
5 37 7263 5974 15099
5 5593 8272 3463 15100
5 1929 7254 6711 15101
5 6984 9976 605 15102
5 6624 7386 1984 15103
5 7134 8698 1607 15104
5 690 8936 689 15105
5 1491 9865 6961 15106
5 8525 9686 1674 15107
5 3586 7949 6648 15108
5 7369 7905 2020 15109
5 3735 9506 8143 15110
5 9431 10502 1422 15111
5 4464 10360 9027 15112
5 6466 10217 1086 15113
5 4792 10488 1541 15114
5 7445 10534 1498 15115
5 4055 8304 4890 15116
5 5788 7127 4072 15117
5 3099 10086 3326 15118
5 4964 9057 1919 15119
5 4532 8401 2541 15120
5 3009 9562 4800 15121
5 3280 8434 6055 15122
5 2724 6963 4243 15123
5 7564 7634 1101 15124
5 2541 8403 4532 15125
5 6261 7055 3293 15126
5 413 7773 7432 15127
5 5719 9548 3039 15128
5 2940 10412 4656 15129
5 4116 9507 9411 15130
5 6347 10538 4715 15131
5 4698 9708 2599 15132
5 2668 8908 4973 15133
5 2272 8355 7646 15134
5 1236 6965 6470 15135
5 2228 10259 7788 15136
5 3393 7657 5197 15137
5 6599 8153 3469 15138
5 3394 10417 6212 15139
5 2273 10555 5258 15140
5 5102 6843 3279 15141
5 3466 9379 6460 15142
5 6168 8184 3306 15143
5 3390 7427 5125 15144
5 4597 9359 9166 15145
5 7637 7991 3206 15146
5 5126 7427 3390 15147
5 107 10389 6217 15148
5 1847 10581 8552 15149
5 6218 10389 108 15150
5 1879 9377 6202 15151
5 1574 8924 5841 15152
5 1598 10036 8510 15153
5 3641 7147 5978 15154
5 1008 9062 1007 15155
5 5124 7424 3337 15156
5 6103 10131 2049 15157
5 6459 9380 3471 15158
5 4178 9736 8277 15159
5 6242 7581 2691 15160
5 7623 9358 2180 15161
5 4325 8330 6836 15162
5 3080 8592 7207 15163
5 5750 9651 4032 15164
5 3337 7424 5123 15165
5 6747 7953 702 15166
5 6456 9315 3348 15167
5 2840 9644 6366 15168
5 2991 7963 7628 15169
5 6520 8597 312 15170
5 2862 9432 6505 15171
5 4360 8955 2336 15172
5 936 9069 935 15173
5 1837 7517 6603 15174
5 1422 10502 5441 15175
5 2240 10091 4819 15176
5 8406 8856 2524 15177
5 5044 6800 3030 15178
5 8956 9393 1971 15179
5 5123 7429 3336 15180
5 4669 8050 5908 15181
5 1147 7996 6727 15182
5 5329 10094 1800 15183
5 3516 8879 4868 15184
5 1679 10015 4865 15185
5 2842 9374 7976 15186
5 1990 10505 6652 15187
5 6350 7022 79 15188
5 6124 9370 3173 15189
5 6635 10329 3979 15190
5 6676 10173 1733 15191
5 2336 8476 4360 15192
5 7367 8070 785 15193
5 5852 7072 4138 15194
5 4453 8047 2476 15195
5 1133 10435 6430 15196
5 3855 9033 8514 15197
5 27 7521 26 15198
5 6755 7944 1149 15199
5 7631 7680 1003 15200
5 4423 9576 7610 15201
5 5203 7680 3399 15202
5 7762 9630 3428 15203
5 4861 7862 1784 15204
5 5149 8123 2545 15205
5 1494 9280 6535 15206
5 4052 9139 6820 15207
5 6937 9807 2226 15208
5 78 9016 77 15209
5 5746 10010 8473 15210
5 1692 10513 6245 15211
5 2682 7180 7002 15212
5 2468 9260 5394 15213
5 1263 10051 6192 15214
5 8154 8311 3244 15215
5 2476 8166 4453 15216
5 1534 9724 6205 15217
5 4941 9993 9488 15218
5 3470 9198 8313 15219
5 2700 7422 5595 15220
5 5989 9939 2383 15221
5 6067 10304 2141 15222
5 5912 10533 2268 15223
5 6189 10051 1264 15224
5 749 10471 6464 15225
5 4865 10015 7876 15226
5 474 9094 473 15227
5 2545 10563 5149 15228
5 6354 9684 5000 15229
5 6580 8274 2587 15230
5 595 7890 7472 15231
5 6748 8952 2380 15232
5 1432 8769 7245 15233
5 5337 9587 7249 15234
5 917 9098 916 15235
5 2975 8271 7077 15236
5 915 9099 914 15237
5 6603 7517 3407 15238
5 3225 8793 5583 15239
5 6879 9066 1451 15240
5 6543 8574 1160 15241
5 5956 7337 1345 15242
5 7825 8812 3070 15243
5 7923 10393 2934 15244
5 6816 7318 3472 15245
5 1670 8900 5520 15246
5 8441 9740 1891 15247
5 2212 9353 6030 15248
5 4097 10591 8954 15249
5 7415 7999 416 15250
5 2280 7816 6549 15251
5 1874 9032 5014 15252
5 783 8317 6716 15253
5 2955 8541 7943 15254
5 3344 7433 5132 15255
5 4830 10457 3667 15256
5 4906 10076 3797 15257
5 8322 9128 4782 15258
5 6647 7978 3598 15259
5 4695 8834 2598 15260
5 1849 9700 6622 15261
5 3373 9689 7975 15262
5 3081 10247 6510 15263
5 8434 8880 2531 15264
5 174 8533 6410 15265
5 8997 9472 2123 15266
5 5132 7435 3343 15267
5 5768 8052 2830 15268
5 3046 7959 7958 15269
5 3507 8782 6323 15270
5 7388 8105 735 15271
5 4787 10064 4043 15272
5 2598 8847 4695 15273
5 7293 9697 3511 15274
5 6370 7028 71 15275
5 5417 8537 1996 15276
5 4763 8362 6857 15277
5 886 9118 885 15278
5 5997 9664 2061 15279
5 4017 7382 5716 15280
5 3710 8371 7518 15281
5 5228 7800 3420 15282
5 6555 8581 257 15283
5 3321 7367 5106 15284
5 3421 7801 5228 15285
5 807 9129 806 15286
5 3024 6815 5064 15287
5 7188 8997 2123 15288
5 7347 10252 1527 15289
5 3554 9012 5460 15290
5 1773 9414 6267 15291
5 6400 8081 2793 15292
5 4579 8608 8548 15293
5 301 9202 6492 15294
5 6346 9796 2371 15295
5 3568 8319 5960 15296
5 4803 7112 7111 15297
5 6319 10155 1952 15298
5 7583 7688 558 15299
5 1282 9204 1281 15300
5 5998 7726 4380 15301
5 5527 10094 7937 15302
5 5040 6739 3023 15303
5 6478 9837 1878 15304
5 5326 9787 8097 15305
5 1743 7444 5769 15306
5 4002 9240 4314 15307
5 4585 8419 7515 15308
5 6532 8763 3036 15309
5 3295 8053 6020 15310
5 6557 10338 1050 15311
5 3031 6545 5004 15312
5 2492 8621 5779 15313
5 6269 9992 1677 15314
5 4601 8937 6311 15315
5 4098 9261 9113 15316
5 7126 10093 3095 15317
5 5003 6545 3031 15318
5 6183 8520 4606 15319
5 5917 7522 3473 15320
5 947 9146 946 15321
5 5974 7344 36 15322
5 6589 9977 3095 15323
5 202 9175 201 15324
5 8867 10356 3711 15325
5 6334 9635 1936 15326
5 4606 8524 6182 15327
5 3778 9892 5545 15328
5 1729 10545 6978 15329
5 733 8347 6736 15330
5 6644 8475 293 15331
5 7510 8968 1800 15332
5 6042 8565 2062 15333
5 1284 9225 1283 15334
5 3039 8832 5219 15335
5 3013 6520 5019 15336
5 8392 8849 2301 15337
5 1465 10253 6541 15338
5 9273 9800 3242 15339
5 5902 10561 2625 15340
5 2233 8804 6683 15341
5 1888 9531 6706 15342
5 6549 9599 3506 15343
5 8807 9651 3935 15344
5 5119 7384 3333 15345
5 1911 9677 9119 15346
5 1541 8066 5535 15347
5 459 7771 7696 15348
5 3224 7373 5968 15349
5 2516 9881 4536 15350
5 3362 7770 5153 15351
5 1784 9465 4861 15352
5 551 7691 7591 15353
5 3332 7385 5119 15354
5 5153 7770 3363 15355
5 7649 10296 4362 15356
5 1940 7737 6897 15357
5 5612 8572 1890 15358
5 7576 8152 612 15359
5 1578 10459 6314 15360
5 534 7933 7487 15361
5 7451 10340 3204 15362
5 68 10261 6233 15363
5 921 7806 7684 15364
5 6235 10261 69 15365
5 3857 10088 7877 15366
5 6499 9292 1844 15367
5 6467 7011 84 15368
5 2231 9310 5922 15369
5 6014 8147 1408 15370
5 3857 10478 10080 15371
5 3055 9766 6787 15372
5 2927 10177 8353 15373
5 6503 10542 3748 15374
5 4398 7850 6408 15375
5 3318 10254 5365 15376
5 8624 10105 6123 15377
5 2813 6264 6263 15378
5 3731 9771 7926 15379
5 3818 9189 7729 15380
5 3042 10263 7538 15381
5 2792 8222 7025 15382
5 5181 6926 3214 15383
5 2704 7942 5358 15384
5 6726 9394 1839 15385
5 5929 8477 3592 15386
5 1054 7868 7678 15387
5 1270 9101 1269 15388
5 3955 8382 2404 15389
5 6249 9438 2256 15390
5 3351 10131 6103 15391
5 6356 9665 3766 15392
5 302 9202 301 15393
5 304 9203 303 15394
5 7594 7756 517 15395
5 3061 8948 6622 15396
5 8078 9253 4817 15397
5 6788 9631 2777 15398
5 1894 9172 7927 15399
5 7325 9771 1665 15400
5 2703 8288 6602 15401
5 2887 8905 8147 15402
5 1275 7045 6401 15403
5 7005 7537 2942 15404
5 7657 8005 440 15405
5 3238 10589 6273 15406
5 2019 2515 2514 15407
5 8377 8838 2220 15408
5 2219 9061 8232 15409
5 8374 9813 1577 15410
5 3633 7276 5996 15411
5 1145 9210 1144 15412
5 9856 10045 4735 15413
5 2000 8274 7413 15414
5 1346 7309 5956 15415
5 3553 10592 9638 15416
5 1616 9966 6143 15417
5 6691 8292 2298 15418
5 5949 8394 3585 15419
5 1387 7883 7084 15420
5 6484 8697 3142 15421
5 4943 8356 2891 15422
5 3338 7388 5128 15423
5 2326 9875 6263 15424
5 6063 9179 3361 15425
5 9254 9450 2223 15426
5 1554 8655 4070 15427
5 4051 7284 5759 15428
5 7002 7180 1469 15429
5 6248 7121 1296 15430
5 568 8188 7635 15431
5 2271 9434 6254 15432
5 6607 10309 912 15433
5 4416 9775 7665 15434
5 4984 7925 7306 15435
5 35 7344 5968 15436
5 6566 9191 1977 15437
5 6641 8265 3354 15438
5 2589 8999 5877 15439
5 615 9155 614 15440
5 3130 6772 5469 15441
5 3430 7806 5242 15442
5 2521 9909 4544 15443
5 6284 7534 1989 15444
5 7501 9595 3295 15445
5 4955 8732 3064 15446
5 5359 9583 2668 15447
5 6384 7737 1940 15448
5 3254 6806 5085 15449
5 2949 10000 4737 15450
5 7843 10363 1622 15451
5 6501 7103 3391 15452
5 7322 8701 2567 15453
5 3252 7295 6197 15454
5 5955 8404 3588 15455
5 5843 8041 4124 15456
5 5809 9246 3931 15457
5 3690 8482 5951 15458
5 5769 9669 2060 15459
5 3598 7978 6594 15460
5 7747 9256 4396 15461
5 7533 7909 503 15462
5 7677 8109 527 15463
5 510 7759 7608 15464
5 1715 10439 4921 15465
5 3631 9730 9268 15466
5 3349 8229 6562 15467
5 2495 8707 8530 15468
5 2032 8135 5671 15469
5 726 10287 6564 15470
5 6963 8870 3100 15471
5 8702 10504 2772 15472
5 3403 8426 6404 15473
5 3195 9301 6697 15474
5 6083 10396 1701 15475
5 7723 7819 1065 15476
5 5837 8943 1890 15477
5 3946 10547 5726 15478
5 8954 10591 4680 15479
5 2422 10250 9212 15480
5 5262 9521 3822 15481
5 889 7799 7709 15482
5 3391 8067 6501 15483
5 6938 8312 1596 15484
5 6804 8074 1170 15485
5 7447 9446 1560 15486
5 53 7132 6322 15487
5 6058 8128 3559 15488
5 5819 7204 4099 15489
5 1626 8981 5127 15490
5 852 9263 851 15491
5 3141 8068 2184 15492
5 3073 7100 6139 15493
5 3611 9075 8023 15494
5 3164 10140 8418 15495
5 621 9265 620 15496
5 7927 9172 4912 15497
5 7635 8383 567 15498
5 3642 7399 7398 15499
5 7468 10515 2369 15500
5 3125 7057 6153 15501
5 5650 10239 3103 15502
5 2214 9316 6016 15503
5 4610 8448 7229 15504
5 2434 10096 7243 15505
5 3266 8103 5054 15506
5 3648 8570 6419 15507
5 4625 8601 6199 15508
5 2749 9122 9085 15509
5 5054 8103 3267 15510
5 2756 10199 5166 15511
5 7686 9716 4013 15512
5 6594 7978 1248 15513
5 4030 7345 5734 15514
5 4751 10199 3596 15515
5 5597 7820 2726 15516
5 1272 9320 1271 15517
5 2288 9650 6826 15518
5 4164 10574 6427 15519
5 3426 8646 6513 15520
5 7234 7697 4645 15521
5 5812 8610 3351 15522
5 6427 8976 3262 15523
5 66 7026 6516 15524
5 5188 8857 1864 15525
5 6648 7949 1244 15526
5 818 9277 817 15527
5 9796 9927 2371 15528
5 3261 6813 5092 15529
5 5284 8026 3539 15530
5 3539 8026 5283 15531
5 3511 10071 9519 15532
5 6769 8550 339 15533
5 6005 9040 1458 15534
5 429 8174 7561 15535
5 3542 8000 6141 15536
5 6589 7014 1256 15537
5 6047 8142 1454 15538
5 5034 9082 6397 15539
5 5968 7373 34 15540
5 1452 8848 6468 15541
5 1915 8043 5876 15542
5 6198 8618 4625 15543
5 5640 9875 2326 15544
5 7060 10335 3242 15545
5 5178 9234 3241 15546
5 7775 7892 960 15547
5 6986 8811 2638 15548
5 4762 8794 6259 15549
5 1439 10206 5258 15550
5 5655 8465 6210 15551
5 7480 9214 4007 15552
5 9569 10546 1884 15553
5 3744 8567 7837 15554
5 3868 9723 7872 15555
5 1520 8881 4732 15556
5 6469 7094 3580 15557
5 325 8437 6777 15558
5 7182 7609 3927 15559
5 1623 9621 6155 15560
5 3733 7852 7509 15561
5 7499 8178 327 15562
5 3059 8823 5775 15563
5 4266 9777 9299 15564
5 7207 10475 3080 15565
5 6753 10000 2949 15566
5 3128 7664 7663 15567
5 2047 7922 7589 15568
5 4171 9639 9531 15569
5 9784 10527 1599 15570
5 4645 9818 7234 15571
5 5639 9705 2881 15572
5 6258 8809 4762 15573
5 1598 10486 7053 15574
5 5865 7173 4144 15575
5 9802 10281 3985 15576
5 2625 8724 5902 15577
5 3671 8820 5433 15578
5 7750 7964 859 15579
5 4891 10496 9348 15580
5 999 8199 7439 15581
5 5434 8820 3671 15582
5 7632 9485 2825 15583
5 3830 10368 6368 15584
5 1614 10288 6326 15585
5 6845 9636 2289 15586
5 3175 8967 6129 15587
5 2507 8921 8395 15588
5 5256 7854 3446 15589
5 3447 7855 5256 15590
5 2829 8751 7058 15591
5 8652 8982 3478 15592
5 8025 9686 3119 15593
5 6619 8786 1211 15594
5 6313 7406 3698 15595
5 3221 8265 6641 15596
5 1247 7978 6647 15597
5 3356 8027 5965 15598
5 2726 7820 6941 15599
5 6787 9766 2018 15600
5 1259 7019 6588 15601
5 7046 9480 2582 15602
5 6458 9870 1732 15603
5 1056 9242 1055 15604
5 2216 9341 6053 15605
5 882 7847 7797 15606
5 3961 9933 5558 15607
5 2729 8564 4768 15608
5 5945 7309 1347 15609
5 5191 10046 3853 15610
5 6486 9332 2441 15611
5 6262 7597 1915 15612
5 6998 9089 1999 15613
5 6427 10482 4769 15614
5 466 7853 7618 15615
5 4063 9677 7255 15616
5 1779 9701 5469 15617
5 1429 9969 6281 15618
5 1209 9349 1208 15619
5 5583 9857 2823 15620
5 6713 9575 3635 15621
5 6192 10020 3063 15622
5 7744 8096 409 15623
5 3343 7619 7350 15624
5 4262 9715 6495 15625
5 393 9355 392 15626
5 2914 6794 5215 15627
5 3036 8763 7907 15628
5 9447 10465 2564 15629
5 7176 10508 2044 15630
5 1515 10218 6044 15631
5 5838 7096 3395 15632
5 8815 9320 3969 15633
5 592 9362 591 15634
5 366 7840 7704 15635
5 6003 8970 3461 15636
5 3835 7772 5580 15637
5 1097 8087 7652 15638
5 1694 9900 7260 15639
5 2252 7567 7162 15640
5 2403 9937 8766 15641
5 1435 9768 4916 15642
5 6479 8591 3322 15643
5 3132 7205 4962 15644
5 1782 10209 4780 15645
5 6293 7142 1301 15646
5 8604 8823 3865 15647
5 7753 8106 401 15648
5 5579 7780 3835 15649
5 3473 7522 6942 15650
5 7738 8167 966 15651
5 7470 7770 2246 15652
5 6120 8972 3138 15653
5 6398 9133 5034 15654
5 4941 9488 3678 15655
5 6225 9764 1768 15656
5 6546 10494 234 15657
5 5698 10282 2129 15658
5 2218 9323 8705 15659
5 1350 9586 1349 15660
5 3524 9163 6382 15661
5 7008 8960 3638 15662
5 7743 8173 956 15663
5 5260 9924 7426 15664
5 1599 10040 9784 15665
5 3574 9178 4912 15666
5 3160 7950 5476 15667
5 932 8098 7728 15668
5 1797 9692 4956 15669
5 6892 9702 3000 15670
5 4061 10245 6884 15671
5 3068 9811 6235 15672
5 7474 8200 925 15673
5 2029 8465 5655 15674
5 5891 7164 4175 15675
5 291 7826 7703 15676
5 3274 6835 5098 15677
5 5557 10068 3971 15678
5 8737 8949 1812 15679
5 6297 8958 2552 15680
5 5193 10291 2756 15681
5 5964 9516 2372 15682
5 2343 10001 5235 15683
5 2203 8235 5757 15684
5 6556 9433 3647 15685
5 5822 7163 5100 15686
5 1036 8022 7574 15687
5 3486 9697 7293 15688
5 2395 9812 6329 15689
5 4375 8853 8487 15690
5 7106 9002 3199 15691
5 4133 10583 7075 15692
5 5990 7938 3467 15693
5 6497 9719 2854 15694
5 3970 8898 5438 15695
5 7931 8706 2381 15696
5 4701 7519 2942 15697
5 3542 8968 7510 15698
5 201 9175 6553 15699
5 7540 7877 2119 15700
5 4181 9345 6246 15701
5 5748 9857 4760 15702
5 2611 9375 5547 15703
5 1004 7824 7631 15704
5 3492 8680 8373 15705
5 8165 9824 4552 15706
5 3666 8741 5425 15707
5 456 9400 455 15708
5 5424 8741 3666 15709
5 6427 10574 2368 15710
5 4912 9172 3574 15711
5 2217 9304 6021 15712
5 2849 9391 8159 15713
5 5589 9078 3048 15714
5 7056 7980 3198 15715
5 6562 8233 3349 15716
5 7306 7925 2892 15717
5 5808 9628 1589 15718
5 1688 8730 7096 15719
5 803 7904 7828 15720
5 3204 10340 6385 15721
5 5594 7730 2878 15722
5 3062 10053 6189 15723
5 4796 9217 8209 15724
5 3548 8359 5357 15725
5 2047 7589 6533 15726
5 982 7930 7604 15727
5 858 9327 857 15728
5 3346 6568 5049 15729
5 2728 7548 5687 15730
5 3470 7955 6000 15731
5 6277 9905 2948 15732
5 3280 6839 5102 15733
5 2582 9517 7065 15734
5 2625 10561 4657 15735
5 6683 8804 4328 15736
5 5048 6568 3346 15737
5 1297 9887 6248 15738
5 2412 9158 6039 15739
5 9360 10586 4319 15740
5 6447 9545 3475 15741
5 220 9406 219 15742
5 524 9419 523 15743
5 1993 7962 6688 15744
5 7749 8064 2098 15745
5 2536 10553 6314 15746
5 7328 10506 2643 15747
5 3507 9153 7131 15748
5 617 9423 616 15749
5 1356 7865 1355 15750
5 8065 9742 2454 15751
5 5779 7970 2492 15752
5 3461 10187 6541 15753
5 7634 8247 1100 15754
5 939 7902 7660 15755
5 449 8359 7752 15756
5 1506 7872 5255 15757
5 7678 8270 1053 15758
5 2615 8364 7403 15759
5 9696 10345 5818 15760
5 2643 10506 4150 15761
5 3632 9270 8280 15762
5 128 9436 127 15763
5 1348 7330 5945 15764
5 3014 10194 6743 15765
5 5929 7139 4203 15766
5 7747 9908 2663 15767
5 4387 8914 7891 15768
5 3055 6883 5068 15769
5 6525 9746 2857 15770
5 3590 8282 5045 15771
5 7051 9638 2065 15772
5 6037 9795 2364 15773
5 5696 9021 3452 15774
5 2370 8544 5499 15775
5 2136 8231 8225 15776
5 1440 8953 5267 15777
5 2234 8041 6819 15778
5 6831 8268 213 15779
5 7006 8762 2622 15780
5 3116 8141 6032 15781
5 9490 9704 2132 15782
5 3636 8554 5393 15783
5 7752 8294 448 15784
5 825 9442 824 15785
5 1892 10225 5752 15786
5 7684 8283 920 15787
5 6608 7882 3078 15788
5 5392 8554 3636 15789
5 6628 9406 220 15790
5 4367 9309 2357 15791
5 5800 8517 2162 15792
5 5772 10163 3756 15793
5 2147 10126 7541 15794
5 4176 10503 5769 15795
5 2357 9102 4367 15796
5 3080 10475 8627 15797
5 5409 8761 3370 15798
5 7140 9078 5589 15799
5 3624 8739 5431 15800
5 6713 9654 3186 15801
5 3437 8808 5975 15802
5 3441 7514 5187 15803
5 9431 10326 4002 15804
5 7873 8289 498 15805
5 1936 9741 6334 15806
5 2688 10535 5347 15807
5 9104 10092 2156 15808
5 7400 7815 2433 15809
5 5148 9608 3026 15810
5 5186 7514 3441 15811
5 967 8305 7738 15812
5 7320 8459 2089 15813
5 2635 10530 6530 15814
5 6419 9876 3648 15815
5 1801 8018 5845 15816
5 211 8069 6877 15817
5 5632 8644 1419 15818
5 3950 7613 5665 15819
5 3410 8568 6433 15820
5 879 9463 878 15821
5 4143 10582 8979 15822
5 6894 8093 2010 15823
5 7821 7919 1141 15824
5 957 8307 7743 15825
5 6573 9850 2675 15826
5 5580 9362 3835 15827
5 4677 9051 7465 15828
5 3835 9362 5579 15829
5 1735 10417 4548 15830
5 1033 9468 1032 15831
5 356 9464 355 15832
5 8879 9712 4868 15833
5 6822 8606 1206 15834
5 5037 10178 3105 15835
5 6861 7727 2209 15836
5 774 9467 773 15837
5 655 8080 7592 15838
5 8954 10576 4097 15839
5 2100 9220 6788 15840
5 5196 8902 2814 15841
5 4782 10530 2635 15842
5 359 7947 7859 15843
5 627 8215 8079 15844
5 7690 10608 3401 15845
5 7835 7836 3165 15846
5 672 7986 7887 15847
5 3363 7470 7010 15848
5 6735 9276 2870 15849
5 4130 7292 5853 15850
5 4620 8757 7787 15851
5 2524 8978 8468 15852
5 2480 8449 5338 15853
5 5920 7974 3753 15854
5 6541 10187 1465 15855
5 3617 7469 6028 15856
5 410 8318 7744 15857
5 3612 8376 5366 15858
5 5367 8376 3612 15859
5 5466 8652 3478 15860
5 5664 7751 3950 15861
5 4336 9457 7001 15862
5 5667 10147 8031 15863
5 6237 9640 1851 15864
5 2544 10177 4624 15865
5 6733 6734 1724 15866
5 6332 9277 3777 15867
5 5074 7710 2739 15868
5 4686 9008 7633 15869
5 2465 8160 8159 15870
5 6402 9320 1272 15871
5 1830 8388 5927 15872
5 4620 10131 8610 15873
5 1445 8453 5141 15874
5 7850 8647 3512 15875
5 800 9491 799 15876
5 1069 9493 1068 15877
5 4573 9615 2401 15878
5 2893 8849 8392 15879
5 1287 7094 6469 15880
5 402 8323 7753 15881
5 7848 8146 828 15882
5 1513 9955 5640 15883
5 6567 8649 3529 15884
5 3417 7645 5230 15885
5 1058 9497 1057 15886
5 5229 7645 3417 15887
5 1218 8594 6821 15888
5 7943 8541 2306 15889
5 8280 9270 3583 15890
5 3380 10513 5907 15891
5 1575 9313 5900 15892
5 3040 9710 4690 15893
5 7524 8287 789 15894
5 6838 6969 3525 15895
5 3416 7647 5229 15896
5 3217 9425 9138 15897
5 6595 9054 1468 15898
5 5113 10197 3042 15899
5 6660 9248 3181 15900
5 8417 9227 4878 15901
5 5497 9541 2038 15902
5 6738 8728 191 15903
5 5944 10364 3531 15904
5 7648 8296 369 15905
5 7396 9343 3151 15906
5 2795 9627 6768 15907
5 2380 10002 6330 15908
5 4701 10052 7519 15909
5 3415 9215 5645 15910
5 7903 8084 777 15911
5 4785 7349 3255 15912
5 6028 8446 3617 15913
5 6931 9750 8698 15914
5 7638 8009 1220 15915
5 5511 8415 1955 15916
5 3196 8727 5218 15917
5 2553 9073 7371 15918
5 4528 10539 2287 15919
5 3897 10266 5079 15920
5 6997 8416 3171 15921
5 1758 8743 5300 15922
5 860 8338 7750 15923
5 7151 9994 2189 15924
5 7501 10326 4003 15925
5 5602 8168 3209 15926
5 5196 9366 6491 15927
5 2717 9082 5034 15928
5 1601 10146 6472 15929
5 6243 9846 2075 15930
5 121 9523 120 15931
5 7862 8965 4698 15932
5 1302 10029 6293 15933
5 5585 8248 4576 15934
5 2345 10586 9360 15935
5 2292 9791 9396 15936
5 8907 8967 3500 15937
5 3300 10553 5744 15938
5 2518 9080 4530 15939
5 3487 8791 8729 15940
5 614 9155 7716 15941
5 5354 5904 1661 15942
5 1625 8478 7052 15943
5 7525 8337 739 15944
5 8686 10472 1723 15945
5 7300 9483 1615 15946
5 686 9376 685 15947
5 197 9532 196 15948
5 7603 7929 3597 15949
5 1753 8586 5115 15950
5 1864 10504 5188 15951
5 4213 9634 7661 15952
5 5183 9188 6261 15953
5 4426 7970 6072 15954
5 5455 8769 1432 15955
5 6921 10301 3150 15956
5 9145 9237 3220 15957
5 9723 9979 2085 15958
5 5452 10186 2329 15959
5 6322 10044 52 15960
5 3902 9717 5601 15961
5 3385 7499 5189 15962
5 3506 9599 6446 15963
5 1500 9466 9234 15964
5 2154 10576 8954 15965
5 7929 9527 4889 15966
5 6071 7972 4426 15967
5 6860 9010 3171 15968
5 5951 8790 3846 15969
5 6810 8660 1227 15970
5 4759 6988 3020 15971
5 5760 7555 4051 15972
5 3545 10290 5042 15973
5 5052 8858 3266 15974
5 796 8185 7895 15975
5 5530 9064 3025 15976
5 4513 9864 6244 15977
5 2531 9023 8504 15978
5 1713 10394 7085 15979
5 6585 10376 1998 15980
5 5871 9959 2906 15981
5 7823 8369 1115 15982
5 2097 10626 5489 15983
5 5565 9935 2747 15984
5 864 9563 863 15985
5 8079 8301 626 15986
5 1152 9555 1151 15987
5 5996 8600 3633 15988
5 548 9594 547 15989
5 1627 9112 5201 15990
5 856 9570 855 15991
5 5218 9751 3196 15992
5 2229 9945 8558 15993
5 2046 10474 6253 15994
5 4842 9820 1833 15995
5 61 8366 6715 15996
5 8907 10203 3966 15997
5 3372 9828 6345 15998
5 4088 8746 7238 15999
5 5735 7706 4030 16000
5 3149 7861 7860 16001
5 5813 7421 4091 16002
5 7831 8761 4480 16003
5 5282 9978 2450 16004
5 5034 9133 2717 16005
5 7944 7996 1148 16006
5 2552 8958 7667 16007
5 3166 7598 6461 16008
5 7953 8051 701 16009
5 14 8589 13 16010
5 3219 7234 6661 16011
5 1819 10588 4692 16012
5 687 9408 686 16013
5 23 7965 22 16014
5 5204 9317 3456 16015
5 871 9593 870 16016
5 499 8739 7873 16017
5 3859 8518 7642 16018
5 3979 10329 9306 16019
5 5607 8442 2392 16020
5 7085 10394 4020 16021
5 760 8151 7650 16022
5 3827 9919 6553 16023
5 6807 9978 3251 16024
5 2325 8248 5585 16025
5 9492 9612 2227 16026
5 4842 10551 7162 16027
5 317 9584 316 16028
5 6202 9377 3096 16029
5 6885 8246 180 16030
5 2223 9450 8818 16031
5 3526 9066 6879 16032
5 5926 8770 1705 16033
5 2816 10150 6116 16034
5 4564 9477 3885 16035
5 3820 9609 1538 16036
5 1116 8587 7823 16037
5 6640 8936 690 16038
5 6677 8812 1838 16039
5 5978 7147 4246 16040
5 6389 8142 3643 16041
5 3257 7426 6309 16042
5 3251 9978 7341 16043
5 2358 10588 4749 16044
5 7519 10052 3702 16045
5 5122 6934 3071 16046
5 8405 9982 3944 16047
5 5612 9740 8572 16048
5 6561 9874 1419 16049
5 6980 7302 3670 16050
5 676 8319 7878 16051
5 5059 7121 3100 16052
5 7736 7998 206 16053
5 4002 10326 9240 16054
5 7838 9823 2750 16055
5 1354 7566 1353 16056
5 5223 9140 1880 16057
5 6239 8834 4695 16058
5 1772 7849 5246 16059
5 1225 8006 7698 16060
5 5978 8699 3641 16061
5 1973 9149 6455 16062
5 7000 7834 2058 16063
5 6374 9818 3234 16064
5 3423 7391 5163 16065
5 5162 7391 3423 16066
5 7190 8845 2891 16067
5 408 9550 407 16068
5 4407 9135 2582 16069
5 1755 10101 6377 16070
5 4576 9848 5585 16071
5 3121 7161 5078 16072
5 4695 8847 6238 16073
5 2061 9542 7354 16074
5 3928 10373 7588 16075
5 4524 10062 1767 16076
5 8700 9908 4564 16077
5 7191 9459 2610 16078
5 204 8641 6869 16079
5 2537 9058 8528 16080
5 5894 9518 3804 16081
5 6471 9225 1284 16082
5 7137 10140 3164 16083
5 2025 10377 5400 16084
5 9113 9261 3462 16085
5 7009 9946 1896 16086
5 2582 9120 4407 16087
5 5418 8743 3759 16088
5 5416 8615 3658 16089
5 3658 8615 5415 16090
5 9365 9398 2386 16091
5 2042 9557 5588 16092
5 1632 9002 7346 16093
5 2250 8989 8460 16094
5 2492 7972 7117 16095
5 3419 8863 5345 16096
5 8195 8217 845 16097
5 1862 10038 5401 16098
5 1516 9685 8578 16099
5 6872 9544 2809 16100
5 5805 9399 3896 16101
5 3047 6619 5089 16102
5 5444 8179 1787 16103
5 5074 8900 7710 16104
5 8536 9070 2537 16105
5 6492 9202 3781 16106
5 196 9532 6732 16107
5 2405 9810 7239 16108
5 3128 8679 7664 16109
5 7884 8477 756 16110
5 4384 9374 5836 16111
5 5405 10038 1862 16112
5 1769 9944 7027 16113
5 5751 9474 8874 16114
5 1418 9568 4961 16115
5 6069 8363 3790 16116
5 6396 10283 1832 16117
5 4318 10154 5717 16118
5 233 10494 6781 16119
5 6886 9236 3163 16120
5 4072 7722 5787 16121
5 3348 10594 4913 16122
5 6038 10467 2383 16123
5 6726 7760 3474 16124
5 7363 10425 2324 16125
5 3572 8099 5319 16126
5 5823 8751 2829 16127
5 7311 8602 1268 16128
5 6279 8493 3183 16129
5 5318 8099 3572 16130
5 2494 8537 5417 16131
5 3611 10112 7218 16132
5 3600 7885 7252 16133
5 5893 9761 2009 16134
5 3406 8013 5214 16135
5 1430 9512 7105 16136
5 5214 8013 3405 16137
5 57 9643 56 16138
5 2384 10075 6403 16139
5 7913 8394 707 16140
5 3134 7040 5903 16141
5 3133 9132 6326 16142
5 5628 6873 2651 16143
5 348 9658 347 16144
5 7541 9115 2147 16145
5 2643 7447 7328 16146
5 6040 9752 3277 16147
5 5486 8667 3429 16148
5 9439 10575 3802 16149
5 2323 9157 8030 16150
5 7661 9634 1653 16151
5 996 9678 995 16152
5 1952 9801 6319 16153
5 7579 8381 331 16154
5 2461 7977 7976 16155
5 3350 9937 6925 16156
5 7917 8404 697 16157
5 6314 10553 7412 16158
5 8415 10097 1955 16159
5 757 8443 7884 16160
5 5334 10102 7249 16161
5 3501 7037 3502 16162
5 3889 9563 6412 16163
5 5621 7969 3884 16164
5 1527 10132 7347 16165
5 5296 7920 3493 16166
5 9462 10406 1982 16167
5 6634 10352 1963 16168
5 5926 9713 3367 16169
5 3492 7921 5296 16170
5 8616 9538 1846 16171
5 7872 9723 2867 16172
5 5063 9934 3619 16173
5 6599 10348 1965 16174
5 2081 10248 6171 16175
5 8184 9798 3991 16176
5 8927 9767 3599 16177
5 7125 8841 2841 16178
5 2938 8332 7900 16179
5 5547 8961 2166 16180
5 6988 9332 2142 16181
5 3991 9798 8019 16182
5 6366 9907 2840 16183
5 1637 8396 7097 16184
5 3865 10620 8604 16185
5 8483 9067 3739 16186
5 7878 8452 675 16187
5 2034 9029 7251 16188
5 4622 8816 2573 16189
5 3191 9577 5629 16190
5 4548 10417 10390 16191
5 1630 8230 6812 16192
5 5949 7261 4222 16193
5 2227 9612 9009 16194
5 2573 8817 4622 16195
5 5874 7643 2080 16196
5 7047 9130 2023 16197
5 3037 6620 5104 16198
5 6926 7223 3214 16199
5 3545 8763 6532 16200
5 7981 8128 229 16201
5 6351 10482 3262 16202
5 8070 8317 784 16203
5 3884 7963 5620 16204
5 5582 9265 3829 16205
5 3377 6945 5240 16206
5 9636 9645 2289 16207
5 5103 6620 3037 16208
5 832 9725 831 16209
5 6291 9906 1594 16210
5 8782 10179 4154 16211
5 3790 9525 6069 16212
5 2911 9924 5918 16213
5 5505 8335 8137 16214
5 2388 10024 8220 16215
5 7518 8371 3140 16216
5 5378 7148 2528 16217
5 3829 9265 5581 16218
5 6866 10627 1646 16219
5 5537 9094 3693 16220
5 4978 9780 3062 16221
5 7012 8495 1483 16222
5 3884 9419 5621 16223
5 2652 8623 7271 16224
5 4581 10024 8963 16225
5 5620 9419 3884 16226
5 3755 9020 5523 16227
5 3527 8598 6868 16228
5 5334 7249 3111 16229
5 406 9748 405 16230
5 3559 7817 6058 16231
5 5522 9020 3755 16232
5 5014 8983 1874 16233
5 9625 9687 4241 16234
5 5768 9886 9196 16235
5 5922 7038 1968 16236
5 5955 7275 4227 16237
5 4380 9391 5881 16238
5 8092 10307 4416 16239
5 7214 10095 9311 16240
5 3846 9822 5951 16241
5 6440 9732 2082 16242
5 7104 7552 2744 16243
5 4541 9186 8941 16244
5 6697 9301 2391 16245
5 6143 9980 3310 16246
5 7993 8139 1204 16247
5 7414 9817 4974 16248
5 3093 8810 4598 16249
5 574 9790 573 16250
5 6410 8533 3661 16251
5 7883 10058 3839 16252
5 3792 9423 5622 16253
5 4514 10490 9429 16254
5 7776 8993 1655 16255
5 4017 9790 5715 16256
5 507 9783 506 16257
5 3514 10500 9054 16258
5 2493 10049 7024 16259
5 684 10221 9592 16260
5 5716 9790 4017 16261
5 8511 10501 3063 16262
5 4825 10144 7539 16263
5 5292 7438 3682 16264
5 8539 9093 2253 16265
5 3615 10114 7253 16266
5 6362 10070 3541 16267
5 708 8490 7913 16268
5 4236 8875 6224 16269
5 2787 9337 6522 16270
5 2108 9656 7301 16271
5 3950 9594 5664 16272
5 389 9769 388 16273
5 3736 10385 5129 16274
5 6707 9221 1641 16275
5 7194 9164 3719 16276
5 5665 9594 3950 16277
5 1476 10039 6301 16278
5 6886 8857 3778 16279
5 2234 9165 7875 16280
5 5139 9626 3594 16281
5 1055 9242 7868 16282
5 8105 8347 734 16283
5 698 8497 7917 16284
5 1816 9039 4236 16285
5 743 9774 742 16286
5 1709 9336 6916 16287
5 4148 9079 5088 16288
5 8429 9153 3507 16289
5 1881 9187 5286 16290
5 3705 9899 5598 16291
5 1879 7354 5154 16292
5 3531 10364 6091 16293
5 7628 10458 2991 16294
5 6987 9681 2577 16295
5 3098 9456 8202 16296
5 1733 10173 4758 16297
5 6139 9995 9662 16298
5 6775 7094 1288 16299
5 1919 9057 6010 16300
5 1269 9101 7311 16301
5 292 8475 7826 16302
5 3012 8817 7867 16303
5 4812 9489 1737 16304
5 929 9806 928 16305
5 2496 10398 4728 16306
5 7719 7720 1960 16307
5 4310 7560 5983 16308
5 7096 8538 3395 16309
5 9832 10504 5967 16310
5 2494 9647 6352 16311
5 6074 10521 1551 16312
5 5526 9695 2013 16313
5 5802 7567 4076 16314
5 493 9833 492 16315
5 6825 10198 4539 16316
5 3655 8630 5942 16317
5 4548 10390 10234 16318
5 3494 10173 6676 16319
5 9095 9936 3400 16320
5 6152 9956 3521 16321
5 6752 9961 2604 16322
5 9258 10557 2815 16323
5 3513 8484 5406 16324
5 3659 10630 6229 16325
5 3594 8854 5139 16326
5 1905 10353 7897 16327
5 2499 7528 7233 16328
5 2606 10562 7784 16329
5 846 8421 8195 16330
5 6382 9286 1947 16331
5 4230 7304 5960 16332
5 3675 8688 5446 16333
5 2841 8841 5842 16334
5 5447 8688 3675 16335
5 420 9845 419 16336
5 5428 8396 3039 16337
5 6461 7598 3167 16338
5 5232 8322 1792 16339
5 7461 8243 2129 16340
5 3330 8367 5117 16341
5 6561 7238 3205 16342
5 5545 10067 3867 16343
5 5117 8367 3329 16344
5 6857 8362 2213 16345
5 5982 7629 4310 16346
5 3744 7837 7582 16347
5 2605 9558 6565 16348
5 433 10359 7321 16349
5 5769 10503 1743 16350
5 481 9880 480 16351
5 7059 7945 3197 16352
5 3743 10238 6439 16353
5 5133 10227 3745 16354
5 3048 8499 6951 16355
5 6443 9331 5043 16356
5 3157 9022 8696 16357
5 9281 9347 2269 16358
5 3772 10219 5247 16359
5 2454 9742 6085 16360
5 8161 8632 3621 16361
5 4020 10394 9670 16362
5 1634 7682 4963 16363
5 6038 8651 1448 16364
5 4669 9226 8727 16365
5 8001 8446 255 16366
5 6768 9627 1958 16367
5 5935 7239 1907 16368
5 7580 8603 2627 16369
5 973 9885 972 16370
5 3511 9697 7062 16371
5 5538 9062 3692 16372
5 5043 9339 6442 16373
5 2288 9660 9650 16374
5 8979 10582 4676 16375
5 8214 8781 2425 16376
5 7185 8898 2770 16377
5 2176 9825 6161 16378
5 4362 10296 5391 16379
5 1787 10575 5444 16380
5 3516 9540 6100 16381
5 4633 10307 7129 16382
5 3461 10487 6563 16383
5 5513 8950 3737 16384
5 123 8350 6959 16385
5 3737 8950 5512 16386
5 3488 7554 6479 16387
5 6957 8365 125 16388
5 3175 9813 5120 16389
5 8494 8920 3440 16390
5 5996 7276 4264 16391
5 5897 8411 1649 16392
5 7105 10276 1430 16393
5 1655 9318 4575 16394
5 1015 9918 1014 16395
5 3314 9787 5326 16396
5 5205 9329 3756 16397
5 4727 10416 2569 16398
5 3734 8435 7509 16399
5 4406 9649 1621 16400
5 793 9895 792 16401
5 5151 10468 1841 16402
5 8449 9574 1901 16403
5 3829 8149 5582 16404
5 3215 8997 7188 16405
5 2770 8898 7627 16406
5 6153 10563 3125 16407
5 7043 9333 1704 16408
5 1449 8483 7482 16409
5 6749 8992 1935 16410
5 6633 7863 3078 16411
5 8074 8349 1169 16412
5 5495 7876 3033 16413
5 669 9931 668 16414
5 7547 10593 3397 16415
5 3191 9124 7387 16416
5 379 9928 378 16417
5 3377 9135 6164 16418
5 4099 7844 5820 16419
5 3866 9043 8714 16420
5 3070 8812 6677 16421
5 2946 8403 8007 16422
5 5263 7713 3459 16423
5 4925 10617 3452 16424
5 1863 10067 9892 16425
5 7964 9327 858 16426
5 5290 7822 3490 16427
5 3458 7715 5263 16428
5 10223 10346 3803 16429
5 2714 9386 7505 16430
5 2978 9556 8816 16431
5 6652 10505 3996 16432
5 6494 9163 3524 16433
5 3773 9069 5542 16434
5 3353 7490 7421 16435
5 5266 7715 3458 16436
5 5543 9069 3773 16437
5 7885 7886 3072 16438
5 8463 8534 1009 16439
5 5505 10055 1834 16440
5 3489 7830 5290 16441
5 7595 10171 10132 16442
5 6978 10545 3696 16443
5 7241 9891 2628 16444
5 2020 7905 7089 16445
5 5581 8170 3829 16446
5 4687 10542 2258 16447
5 7721 7907 1695 16448
5 1110 9958 1109 16449
5 6088 7528 4427 16450
5 5294 7830 3489 16451
5 964 9968 963 16452
5 2628 9890 7246 16453
5 2699 9252 6394 16454
5 2257 9284 6077 16455
5 1896 9946 5056 16456
5 8012 8636 1158 16457
5 3482 8814 6672 16458
5 116 8340 6972 16459
5 8431 8668 475 16460
5 5574 7268 2051 16461
5 5247 10133 3772 16462
5 338 8550 8112 16463
5 3095 10093 4899 16464
5 2653 8635 7351 16465
5 2084 10390 6234 16466
5 4091 7712 5814 16467
5 8000 10595 1610 16468
5 9766 10557 2018 16469
5 5269 9156 3867 16470
5 7463 10548 3604 16471
5 7333 7565 3882 16472
5 9359 9752 6040 16473
5 8178 8437 326 16474
5 2493 10117 9147 16475
5 954 9990 953 16476
5 7971 9460 3871 16477
5 1751 10523 8944 16478
5 6111 8306 2956 16479
5 8617 9307 4409 16480
5 2595 10149 6548 16481
5 4136 10112 9224 16482
5 8112 8699 337 16483
5 2610 9691 7242 16484
5 399 9985 398 16485
5 1230 8522 7803 16486
5 1298 9887 1297 16487
5 6460 9379 5060 16488
5 7614 8730 4141 16489
5 5060 9380 6459 16490
5 8122 8136 189 16491
5 2932 7888 5168 16492
5 1159 8574 8012 16493
5 5039 9851 3851 16494
5 4314 10026 4002 16495
5 4396 9908 7747 16496
5 2737 10411 6290 16497
5 4138 7845 5854 16498
5 3420 8182 5228 16499
5 5228 8182 3421 16500
5 2260 9123 8563 16501
5 8500 8865 3797 16502
5 3333 7765 7596 16503
5 2268 8002 5912 16504
5 8029 8663 1165 16505
5 5467 10176 1869 16506
5 4786 9808 7730 16507
5 4863 6797 3106 16508
5 5569 9146 3725 16509
5 5276 7731 3467 16510
5 4124 7875 5844 16511
5 4271 10233 5767 16512
5 256 8581 8001 16513
5 3522 6456 6420 16514
5 3466 7733 5276 16515
5 6997 8767 3483 16516
5 6175 8842 3437 16517
5 3392 8882 8229 16518
5 6764 7156 1306 16519
5 843 10028 842 16520
5 1987 9079 6172 16521
5 5541 9757 1811 16522
5 7172 9139 2105 16523
5 6276 10560 2999 16524
5 3715 7720 7719 16525
5 4534 9386 5908 16526
5 5278 7739 3471 16527
5 4957 8546 1676 16528
5 7912 7932 3109 16529
5 6373 9283 2198 16530
5 3470 7741 5278 16531
5 7479 8291 2905 16532
5 6953 8753 1232 16533
5 5414 9257 2887 16534
5 8303 10160 2397 16535
5 6429 10573 2788 16536
5 1756 10594 5473 16537
5 6958 8689 118 16538
5 3221 10080 7054 16539
5 5465 9152 2007 16540
5 1869 10176 5484 16541
5 6150 9148 3535 16542
5 3900 9400 5636 16543
5 212 8268 8069 16544
5 8219 9155 615 16545
5 3700 9398 9365 16546
5 5635 9400 3900 16547
5 8892 10434 4145 16548
5 1567 9386 4534 16549
5 7277 10558 3013 16550
5 3872 9164 7194 16551
5 4444 9289 2610 16552
5 3781 8902 6492 16553
5 2321 9478 6787 16554
5 1166 8599 8029 16555
5 6894 10030 2902 16556
5 4131 9896 8117 16557
5 2610 9192 4444 16558
5 2918 9881 8637 16559
5 2857 10564 6525 16560
5 4015 7813 5732 16561
5 4030 9783 5735 16562
5 4302 7724 5986 16563
5 4101 10200 8649 16564
5 4853 8241 7285 16565
5 5734 9783 4030 16566
5 3708 9098 5561 16567
5 2928 10018 6346 16568
5 6916 9336 3043 16569
5 5562 9098 3708 16570
5 230 8590 7981 16571
5 3218 8181 5304 16572
5 2259 9739 9610 16573
5 3709 9099 5562 16574
5 3251 9537 6807 16575
5 5563 9099 3709 16576
5 4304 8121 7287 16577
5 6508 7291 1327 16578
5 1173 10023 1172 16579
5 714 10066 713 16580
5 7106 9896 1918 16581
5 8482 9230 1394 16582
5 5985 7669 4302 16583
5 3103 8798 6303 16584
5 3244 9947 6714 16585
5 6913 9073 2553 16586
5 6094 10296 2957 16587
5 4345 9689 7027 16588
5 2065 9222 7051 16589
5 4427 7659 6087 16590
5 7145 8687 4339 16591
5 2966 7560 7250 16592
5 2311 10332 6006 16593
5 6790 7337 3301 16594
5 3678 9488 6622 16595
5 4417 9788 7360 16596
5 1895 10300 7153 16597
5 3094 9214 7480 16598
5 754 10087 753 16599
5 2501 8865 8500 16600
5 132 9988 131 16601
5 6715 8366 3683 16602
5 8096 9550 408 16603
5 4303 10461 5940 16604
5 1888 9290 5331 16605
5 6633 9141 3428 16606
5 9084 10160 4642 16607
5 1595 9413 7408 16608
5 819 10042 818 16609
5 7856 7857 3951 16610
5 3460 9352 6854 16611
5 2184 8616 3224 16612
5 1315 7161 6771 16613
5 6622 8948 3678 16614
5 1205 8606 7993 16615
5 4578 10528 10319 16616
5 5568 10495 1821 16617
5 1656 9378 4510 16618
5 7350 7619 2266 16619
5 605 9976 604 16620
5 2814 9366 5196 16621
5 8342 8600 310 16622
5 4726 10439 6243 16623
5 8505 8726 948 16624
5 8244 8245 3177 16625
5 5731 7893 4015 16626
5 4144 7755 5864 16627
5 2325 9578 6662 16628
5 2985 9271 4953 16629
5 8062 9317 5204 16630
5 5164 9574 8449 16631
5 3451 8987 6516 16632
5 3176 10405 5023 16633
5 3589 9972 5244 16634
5 3119 9686 7082 16635
5 705 10116 704 16636
5 6510 9183 3081 16637
5 9474 9932 4526 16638
5 3007 6640 5182 16639
5 5851 7766 4130 16640
5 563 10011 562 16641
5 616 9423 8219 16642
5 6379 10474 2046 16643
5 5769 7444 4220 16644
5 695 10127 694 16645
5 1770 9754 8461 16646
5 679 10125 678 16647
5 5431 8535 3624 16648
5 6873 9173 2651 16649
5 6691 10082 3108 16650
5 4128 7619 5863 16651
5 6369 8901 2901 16652
5 9605 10005 2138 16653
5 645 10185 644 16654
5 2717 10008 5548 16655
5 4064 7835 5793 16656
5 274 10104 273 16657
5 8218 10509 1582 16658
5 3957 8033 6550 16659
5 5767 10520 4271 16660
5 2925 9909 8682 16661
5 3734 8925 6913 16662
5 5821 9322 3732 16663
5 1989 8183 6284 16664
5 262 10118 261 16665
5 3767 9061 8456 16666
5 5792 7860 4064 16667
5 144 8919 6966 16668
5 6592 8571 1605 16669
5 4051 9833 5760 16670
5 2181 9922 6226 16671
5 2999 10560 5574 16672
5 6212 9005 3930 16673
5 3462 9261 6484 16674
5 5759 9833 4051 16675
5 4076 7912 5801 16676
5 6472 8882 1601 16677
5 6163 9120 3403 16678
5 4090 10185 6448 16679
5 1534 9076 6043 16680
5 5934 7508 4199 16681
5 3320 9221 6707 16682
5 7523 8821 3395 16683
5 4102 9536 9308 16684
5 1264 10051 1263 16685
5 821 10188 820 16686
5 2825 9485 6706 16687
5 5330 8241 2645 16688
5 3959 10406 5150 16689
5 1690 9169 5435 16690
5 1303 10029 1302 16691
5 4158 10338 6557 16692
5 8009 8594 1219 16693
5 8180 8703 3356 16694
5 335 10162 334 16695
5 5663 9468 3932 16696
5 1931 10201 6852 16697
5 3932 9468 5662 16698
5 2958 8328 7099 16699
5 1086 10217 1085 16700
5 1964 9544 6872 16701
5 3805 9118 5577 16702
5 5578 9118 3805 16703
5 52 10044 51 16704
5 3976 10092 9104 16705
5 3603 9840 4603 16706
5 3994 9232 7012 16707
5 2425 8781 8489 16708
5 3971 9212 5557 16709
5 6785 8681 1319 16710
5 3656 8648 8630 16711
5 5145 8523 3359 16712
5 3358 8523 5145 16713
5 5043 9331 2753 16714
5 308 10174 307 16715
5 6714 9947 2004 16716
5 311 8597 8342 16717
5 10406 10549 1982 16718
5 6263 7348 2813 16719
5 8233 10314 3349 16720
5 6749 10363 3622 16721
5 1494 9912 9280 16722
5 4836 8762 4615 16723
5 2445 10157 7256 16724
5 2753 9339 5043 16725
5 2900 9607 8575 16726
5 2382 10434 7708 16727
5 6098 8476 3510 16728
5 7277 8796 2120 16729
5 1968 10056 7137 16730
5 1500 8048 5551 16731
5 6832 10111 2300 16732
5 7611 9982 3564 16733
5 5737 9772 3484 16734
5 6154 9473 3227 16735
5 1179 10169 1178 16736
5 10212 10519 6275 16737
5 2562 10128 2706 16738
5 3224 8616 2185 16739
5 4072 9880 5788 16740
5 9533 10556 4534 16741
5 1720 10224 8311 16742
5 5787 9880 4072 16743
5 4152 10309 6607 16744
5 2439 9080 6406 16745
5 3395 8538 7523 16746
5 2906 9959 9264 16747
5 7502 8855 4097 16748
5 4457 9916 7286 16749
5 7874 9984 2189 16750
5 179 8246 8176 16751
5 5312 10546 9569 16752
5 4670 8775 1650 16753
5 7133 10225 4684 16754
5 8534 9062 1008 16755
5 17 8397 16 16756
5 6149 8331 4518 16757
5 2089 10628 7320 16758
5 4518 8332 6148 16759
5 3123 9983 6588 16760
5 6652 9671 1990 16761
5 5636 8224 3900 16762
5 253 10196 252 16763
5 1896 10175 7009 16764
5 2590 10306 7020 16765
5 6348 10462 4455 16766
5 3900 8232 5635 16767
5 7368 8745 1677 16768
5 1572 10212 6275 16769
5 1185 10193 1184 16770
5 5604 9921 4204 16771
5 2957 10296 7649 16772
5 1191 10204 1190 16773
5 160 10151 159 16774
5 7062 9697 2316 16775
5 3244 8155 8154 16776
5 6451 7692 2085 16777
5 4108 10217 6466 16778
5 227 10207 226 16779
5 7998 8641 205 16780
5 4380 10606 5998 16781
5 6318 9064 1594 16782
5 2416 9852 7080 16783
5 6914 9988 132 16784
5 6532 10290 3545 16785
5 1197 10208 1196 16786
5 8259 9403 2265 16787
5 5328 9103 2179 16788
5 912 10309 911 16789
5 8612 9487 2261 16790
5 1925 9546 6152 16791
5 910 10311 909 16792
5 7025 10627 3424 16793
5 2861 8653 7219 16794
5 7923 8931 4579 16795
5 4424 9223 7428 16796
5 3412 6970 5270 16797
5 3806 10324 9858 16798
5 2187 9964 6251 16799
5 7135 8891 2483 16800
5 1048 10336 1047 16801
5 1050 10338 1049 16802
5 1972 10292 6494 16803
5 727 10287 726 16804
5 2920 10484 5439 16805
5 1328 10134 6508 16806
5 1577 9813 6502 16807
5 8668 9094 474 16808
5 4440 9696 7192 16809
5 8882 10366 1601 16810
5 3067 6731 5171 16811
5 2402 9216 7763 16812
5 8517 8543 2162 16813
5 5496 7505 3495 16814
5 209 10216 208 16815
5 1718 9740 5834 16816
5 5170 6731 3067 16817
5 6145 8399 4544 16818
5 1329 10134 1328 16819
5 1689 8592 7522 16820
5 4935 8557 1616 16821
5 3856 9497 5680 16822
5 3405 7791 7127 16823
5 6925 9937 2403 16824
5 3315 9333 7043 16825
5 1125 10343 1124 16826
5 4413 9528 6046 16827
5 5028 9666 8300 16828
5 19 8038 18 16829
5 6336 10254 3318 16830
5 1226 8660 8006 16831
5 4920 9335 7007 16832
5 2200 9598 8863 16833
5 3932 8220 5663 16834
5 1614 9132 8503 16835
5 565 10461 564 16836
5 5662 8223 3932 16837
5 5576 8422 1799 16838
5 906 10365 905 16839
5 2305 9941 6646 16840
5 6594 8120 3598 16841
5 3182 8058 8057 16842
5 9179 10477 3361 16843
5 7058 8751 2446 16844
5 6805 10429 2039 16845
5 7791 8013 2293 16846
5 3436 10144 4825 16847
5 2396 10020 4395 16848
5 3431 6760 5158 16849
5 6217 9154 3410 16850
5 5682 9493 3953 16851
5 3953 9493 5681 16852
5 5755 9161 1617 16853
5 8059 8063 3185 16854
5 8341 9242 1056 16855
5 5157 6760 3431 16856
5 5501 8760 3712 16857
5 8179 9403 3876 16858
5 3412 9159 6218 16859
5 4312 8938 8158 16860
5 5088 8031 1767 16861
5 3751 10347 6301 16862
5 4844 8865 2501 16863
5 5730 9733 7694 16864
5 8204 8533 175 16865
5 6786 8972 4697 16866
5 3712 8760 5500 16867
5 5302 8962 2540 16868
5 3446 8290 5256 16869
5 3695 10235 4692 16870
5 5256 8290 3447 16871
5 4015 9678 5731 16872
5 154 10240 153 16873
5 5732 9678 4015 16874
5 4395 10053 2396 16875
5 3352 8619 5142 16876
5 7662 7888 1624 16877
5 5142 8619 3353 16878
5 6881 10269 1540 16879
5 4038 9358 7623 16880
5 1941 7621 5340 16881
5 5060 9379 2767 16882
5 1957 9805 6369 16883
5 385 10383 384 16884
5 3821 9129 5591 16885
5 2767 9380 5060 16886
5 5756 9951 1990 16887
5 6808 9915 2928 16888
5 3901 9355 5644 16889
5 7498 10477 2077 16890
5 3870 9263 5625 16891
5 5590 9129 3821 16892
5 3431 9823 9781 16893
5 3850 9049 6857 16894
5 383 10387 382 16895
5 5626 9263 3870 16896
5 9117 9933 4587 16897
5 2189 9994 6278 16898
5 3867 10067 5269 16899
5 5643 9355 3901 16900
5 897 10409 896 16901
5 3547 9792 5812 16902
5 2311 8960 7008 16903
5 3892 9406 6628 16904
5 3404 9289 6194 16905
5 6923 8788 1293 16906
5 6426 9545 2757 16907
5 2009 8746 6544 16908
5 2450 9978 6807 16909
5 1447 8356 5478 16910
5 813 10408 812 16911
5 5951 9744 3690 16912
5 7486 10244 3289 16913
5 811 10410 810 16914
5 3411 10155 6319 16915
5 6167 8401 4532 16916
5 4450 9607 6035 16917
5 4134 7765 5868 16918
5 5776 9743 3460 16919
5 839 10426 838 16920
5 6788 9220 3381 16921
5 8222 10303 1646 16922
5 26 7521 6438 16923
5 3596 9943 7809 16924
5 4532 8403 6166 16925
5 5523 8507 3755 16926
5 114 10262 113 16927
5 2093 10528 6353 16928
5 4388 8673 7869 16929
5 1884 10546 6550 16930
5 1437 8958 6297 16931
5 8852 10264 5365 16932
5 4589 8917 6979 16933
5 1893 9216 5380 16934
5 6328 6329 1814 16935
5 2851 10474 6379 16936
5 5517 10014 9302 16937
5 2458 9767 5459 16938
5 3755 8516 5522 16939
5 6605 10628 2089 16940
5 7272 7273 3028 16941
5 2521 8399 7494 16942
5 3660 10303 7410 16943
5 4778 8776 8692 16944
5 1845 10590 5904 16945
5 1400 9707 5592 16946
5 2628 9154 4498 16947
5 6783 7203 3278 16948
5 4498 9159 2628 16949
5 2644 9446 4831 16950
5 5944 9707 1401 16951
5 542 10606 541 16952
5 3202 9312 5953 16953
5 1057 9497 8341 16954
5 4175 8008 5892 16955
5 4602 10299 9471 16956
5 2989 10578 6250 16957
5 1134 10435 1133 16958
5 3479 9211 6660 16959
5 5134 9618 3294 16960
5 3688 9814 5423 16961
5 3272 8607 2190 16962
5 69 10261 68 16963
5 685 10221 684 16964
5 5138 9844 2332 16965
5 6952 7107 3158 16966
5 3118 8538 7096 16967
5 6672 10214 1981 16968
5 1322 7203 6783 16969
5 5698 10496 1818 16970
5 8726 9146 947 16971
5 1847 10079 4995 16972
5 7476 8994 3487 16973
5 4033 7688 7583 16974
5 3264 9704 9490 16975
5 3940 9463 5678 16976
5 5442 10473 4046 16977
5 6685 9344 2050 16978
5 4099 9918 5819 16979
5 5679 9463 3940 16980
5 7027 9944 3557 16981
5 5820 9918 4099 16982
5 9267 10407 4750 16983
5 750 10471 749 16984
5 2647 7946 5261 16985
5 100 8400 8256 16986
5 1717 9214 7170 16987
5 2379 9243 5755 16988
5 8897 9487 3958 16989
5 6977 8458 4316 16990
5 6954 10419 4612 16991
5 10039 10238 3743 16992
5 7096 8730 3118 16993
5 6488 8864 1793 16994
5 3945 8932 7641 16995
5 434 10359 433 16996
5 6028 7469 4293 16997
5 5601 9565 3902 16998
5 190 8728 8122 16999
5 4816 10058 7883 17000
5 1044 10597 1043 17001
5 56 9643 6929 17002
5 3138 8972 6786 17003
5 3794 9028 5571 17004
5 8126 8131 2265 17005
5 3665 9489 8298 17006
5 1963 10090 6634 17007
5 3381 9631 6788 17008
5 857 9327 8391 17009
5 5570 9028 3794 17010
5 6868 8598 3223 17011
5 3269 8909 5053 17012
5 1253 8691 8015 17013
5 9026 9638 7051 17014
5 4107 10213 5988 17015
5 4967 9529 3885 17016
5 1965 10258 6599 17017
5 5053 8909 3268 17018
5 3750 9393 8956 17019
5 1634 10122 7683 17020
5 3282 9294 5066 17021
5 3063 10020 8511 17022
5 4091 9885 5813 17023
5 6789 10295 1878 17024
5 5814 9885 4091 17025
5 3676 8519 7471 17026
5 4064 9806 5792 17027
5 1119 10614 1118 17028
5 4076 9845 5802 17029
5 6553 9175 3827 17030
5 3936 9442 5677 17031
5 5676 9442 3936 17032
5 3424 10462 7025 17033
5 7014 8928 1255 17034
5 5793 9806 4064 17035
5 6930 8745 3286 17036
5 768 10566 767 17037
5 344 10522 343 17038
5 5801 9845 4076 17039
5 8710 9093 3727 17040
5 2758 8495 7012 17041
5 342 10524 341 17042
5 1990 9951 5572 17043
5 3953 8299 5682 17044
5 5477 10115 3148 17045
5 9019 9739 2259 17046
5 5674 10578 2989 17047
5 5681 8303 3953 17048
5 3395 8778 5838 17049
5 3434 8811 6986 17050
5 2100 10351 9421 17051
5 48 7225 6902 17052
5 5975 9373 3437 17053
5 6267 9414 3415 17054
5 8273 8531 135 17055
5 3631 9268 5544 17056
5 2269 9347 8779 17057
5 2757 9599 6549 17058
5 407 9550 8351 17059
5 5216 7011 3117 17060
5 247 10499 246 17061
5 6912 9346 1980 17062
5 5240 6943 3378 17063
5 6557 9197 4158 17064
5 1266 8828 7036 17065
5 2144 8716 6820 17066
5 234 10494 233 17067
5 6134 9102 3378 17068
5 8352 10407 2414 17069
5 3335 9870 6458 17070
5 9411 9507 3627 17071
5 3673 10604 2723 17072
5 3565 9359 6040 17073
5 4020 9670 5309 17074
5 7051 9222 4081 17075
5 8177 9460 2266 17076
5 4124 9968 5843 17077
5 5844 9968 4124 17078
5 5770 9748 3954 17079
5 5403 7622 6606 17080
5 7408 9413 4191 17081
5 108 10389 107 17082
5 1742 10552 7600 17083
5 8267 8363 2169 17084
5 3997 9593 5722 17085
5 5723 9593 3997 17086
5 7270 10200 1875 17087
5 5435 9087 3494 17088
5 5718 9563 3889 17089
5 7453 9151 2897 17090
5 6172 8870 1987 17091
5 5854 9990 4138 17092
5 4138 9990 5852 17093
5 3562 10531 6653 17094
5 6854 9352 2596 17095
5 8391 9570 856 17096
5 1548 9498 6792 17097
5 3286 8745 7368 17098
5 2254 10322 6439 17099
5 9172 9194 3574 17100
5 1318 8681 6956 17101
5 2173 10060 9893 17102
5 7400 7669 2983 17103
5 3495 7505 7331 17104
5 5100 7163 2407 17105
5 124 8365 8350 17106
5 4058 7756 7594 17107
5 5720 9570 3894 17108
5 8351 9748 406 17109
5 3762 9675 7616 17110
5 5389 8629 1549 17111
5 7131 10227 1921 17112
5 4065 10061 5316 17113
5 6329 9812 2255 17114
5 7022 9016 78 17115
5 1895 10541 5491 17116
5 6505 9432 2442 17117
5 5258 10555 7701 17118
5 8123 10569 4320 17119
5 4069 8889 8888 17120
5 3239 8735 8271 17121
5 8485 8486 1460 17122
5 1437 10582 8958 17123
5 5639 8873 2478 17124
5 4196 10409 6392 17125
5 176 8785 8204 17126
5 3764 8453 5654 17127
5 3305 9303 5093 17128
5 3276 8275 8267 17129
5 6534 8961 4434 17130
5 2928 9915 7150 17131
5 2491 10324 6909 17132
5 6020 7501 3295 17133
5 3927 10577 7182 17134
5 2966 9760 4852 17135
5 6366 9644 2256 17136
5 5065 8940 3282 17137
5 3854 9662 8633 17138
5 5797 8214 4057 17139
5 3670 7302 6798 17140
5 7626 9721 2438 17141
5 3449 9727 8393 17142
5 6726 9510 3558 17143
5 3281 8940 5065 17144
5 1681 9012 6856 17145
5 3681 5857 2706 17146
5 5488 8636 3640 17147
5 7361 8960 3637 17148
5 3328 9635 6334 17149
5 5146 9233 3358 17150
5 7900 10355 2938 17151
5 2071 10370 5930 17152
5 2898 9528 8684 17153
5 5862 8177 4128 17154
5 7916 8182 2307 17155
5 1869 8326 8325 17156
5 6799 7958 3408 17157
5 2123 10121 6310 17158
5 2258 8925 7509 17159
5 3677 8611 8255 17160
5 7623 8157 3830 17161
5 4100 10143 7491 17162
5 8884 9640 3630 17163
5 3906 9642 9032 17164
5 3979 9306 5341 17165
5 1511 10470 6559 17166
5 8288 10342 1672 17167
5 5914 10185 4090 17168
5 4047 8131 5785 17169
5 4010 10602 5711 17170
5 3974 9491 5705 17171
5 3527 9514 8598 17172
5 7340 8806 4644 17173
5 5704 9491 3974 17174
5 5077 10033 2480 17175
5 3541 10070 9482 17176
5 6671 9100 3609 17177
5 3156 8131 8126 17178
5 4057 8226 5796 17179
5 2126 7897 7896 17180
5 7547 8474 3486 17181
5 9315 9859 2812 17182
5 3661 9416 6410 17183
5 1886 10281 7082 17184
5 4564 9529 8700 17185
5 3421 7916 7204 17186
5 3378 9102 7570 17187
5 5383 8139 3561 17188
5 5860 8057 4122 17189
5 3964 9467 5700 17190
5 5699 9467 3964 17191
5 8482 8790 5951 17192
5 5786 8259 4047 17193
5 4122 8059 5859 17194
5 2764 8544 7227 17195
5 5607 10527 9784 17196
5 3285 10065 7119 17197
5 5853 9958 4130 17198
5 3082 7582 7259 17199
5 4130 9958 5851 17200
5 3638 8960 7361 17201
5 8202 9456 3931 17202
5 7633 9008 1838 17203
5 5542 8609 3773 17204
5 3074 6507 6421 17205
5 3773 8614 5543 17206
5 5958 10336 4159 17207
5 1911 9119 6119 17208
5 6417 10426 4211 17209
5 7023 10354 1905 17210
5 7354 9542 5154 17211
5 8147 8905 3844 17212
5 1419 9683 5632 17213
5 4159 10336 5957 17214
5 2406 9841 7213 17215
5 4144 9985 5865 17216
5 4047 9725 5786 17217
5 5785 9725 4047 17218
5 5957 10338 4158 17219
5 1793 8864 6577 17220
5 5864 9985 4144 17221
5 6564 10287 4167 17222
5 5623 10437 3704 17223
5 4057 9769 5797 17224
5 5231 9301 3195 17225
5 6117 10423 3851 17226
5 8260 9600 3308 17227
5 3522 7158 6456 17228
5 5150 10406 9462 17229
5 9377 9378 3096 17230
5 6286 9453 2674 17231
5 3693 9278 5537 17232
5 5796 9769 4057 17233
5 6186 9952 3996 17234
5 5722 8352 3997 17235
5 2727 10315 7643 17236
5 8371 10500 2391 17237
5 3997 8357 5723 17238
5 6207 8413 2015 17239
5 2964 8607 4471 17240
5 1842 8162 5116 17241
5 4203 8138 5928 17242
5 1459 10256 6878 17243
5 7136 8872 1453 17244
5 5789 9157 2323 17245
5 3313 9946 7009 17246
5 6794 8787 1434 17247
5 2814 10541 5586 17248
5 2897 9151 6051 17249
5 7497 9158 4944 17250
5 7287 8121 3201 17251
5 5869 8211 4134 17252
5 1905 7897 5323 17253
5 1498 10226 7445 17254
5 8642 8643 3090 17255
5 5503 8663 3649 17256
5 6613 10277 3820 17257
5 5931 10217 4108 17258
5 7597 10412 2940 17259
5 3800 9530 9326 17260
5 3647 9433 8216 17261
5 3370 8761 7831 17262
5 3532 9939 5989 17263
5 3595 9363 6120 17264
5 1844 9795 6037 17265
5 6653 10615 1656 17266
5 3357 10304 6067 17267
5 7165 8621 1906 17268
5 2330 9524 5441 17269
5 7007 9416 3661 17270
5 3242 9800 7060 17271
5 10390 10417 3394 17272
5 3768 9574 5164 17273
5 6973 10436 3713 17274
5 4135 9067 8483 17275
5 117 8689 8340 17276
5 5678 8454 3940 17277
5 8402 9551 2283 17278
5 5622 9275 3792 17279
5 7596 7765 2275 17280
5 5324 9973 3800 17281
5 3940 8460 5679 17282
5 1718 10438 3787 17283
5 3841 9361 6104 17284
5 3941 8674 7166 17285
5 1936 9635 5452 17286
5 1943 8320 6797 17287
5 3131 10363 6749 17288
5 3467 7938 7924 17289
5 7065 9517 2262 17290
5 2282 9480 7046 17291
5 3535 9148 8325 17292
5 7020 10306 3846 17293
5 7573 10277 6791 17294
5 5849 8281 3456 17295
5 3586 10166 7138 17296
5 2899 9177 6054 17297
5 5212 9989 3472 17298
5 6603 10511 2657 17299
5 2171 9618 7377 17300
5 1568 10395 7423 17301
5 6438 7593 25 17302
5 5962 10309 4152 17303
5 5615 10259 8957 17304
5 8786 8835 1210 17305
5 7808 9291 2773 17306
5 4153 10311 5962 17307
5 2461 8841 7125 17308
5 3142 9479 6484 17309
5 5963 10311 4153 17310
5 1487 10482 6351 17311
5 5123 8922 3337 17312
5 3842 9390 2441 17313
5 2996 10392 7063 17314
5 3409 9071 3453 17315
5 6281 9417 8561 17316
5 8548 8608 3170 17317
5 1231 8753 8522 17318
5 3336 8922 5123 17319
5 8081 10400 1726 17320
5 136 8871 8273 17321
5 3194 9387 7740 17322
5 5642 9210 3883 17323
5 7459 10492 3208 17324
5 8083 9814 1776 17325
5 3445 7945 7059 17326
5 9284 9772 6077 17327
5 5976 9827 2993 17328
5 8256 8866 99 17329
5 4175 10028 5891 17330
5 5892 10028 4175 17331
5 3897 7381 6296 17332
5 7482 9715 1449 17333
5 7070 10405 3176 17334
5 3890 10280 9902 17335
5 3883 9210 5641 17336
5 5863 9931 4128 17337
5 8068 9538 2184 17338
5 7496 9177 2899 17339
5 3692 9340 5538 17340
5 6090 9882 9722 17341
5 3236 10049 4708 17342
5 5644 8549 3901 17343
5 1604 9142 7863 17344
5 4310 10365 5982 17345
5 6798 7302 1341 17346
5 5983 10365 4310 17347
5 5941 9351 1943 17348
5 4128 9931 5862 17349
5 3303 9441 5087 17350
5 7060 9800 2504 17351
5 4199 8054 5933 17352
5 6986 9954 3434 17353
5 3584 10506 7328 17354
5 7950 10136 5560 17355
5 1905 9581 7023 17356
5 8527 10042 819 17357
5 5932 7477 2631 17358
5 3240 9991 5241 17359
5 8308 9736 4764 17360
5 9822 10306 4533 17361
5 1497 9954 6986 17362
5 1663 8967 8907 17363
5 3980 9464 5714 17364
5 2268 10533 8321 17365
5 3096 8977 7776 17366
5 4536 9881 6112 17367
5 820 10188 8527 17368
5 3113 7132 5217 17369
5 4111 8243 7461 17370
5 7100 10232 4135 17371
5 5713 9464 3980 17372
5 8021 8048 4924 17373
5 3292 10005 9605 17374
5 6648 10166 3586 17375
5 6174 7948 3107 17376
5 4122 9895 5860 17377
5 7958 7959 3408 17378
5 5859 9895 4122 17379
5 7054 10080 1745 17380
5 6389 9143 3086 17381
5 7510 10595 3542 17382
5 1921 10179 7131 17383
5 3683 7990 6715 17384
5 5038 10624 7392 17385
5 3901 8558 5643 17386
5 5270 6971 3413 17387
5 3355 9935 5565 17388
5 6464 10471 4237 17389
5 7627 8803 2770 17390
5 1482 10572 5647 17391
5 3364 8745 6930 17392
5 6193 9192 3413 17393
5 4106 10188 5938 17394
5 5677 8539 3936 17395
5 5325 9944 1769 17396
5 5132 8951 3344 17397
5 3936 8540 5676 17398
5 3101 6828 5209 17399
5 3343 8951 5132 17400
5 7307 8732 4955 17401
5 4134 9928 5869 17402
5 2512 9189 7795 17403
5 146 9014 8462 17404
5 3380 10549 6245 17405
5 6072 10614 4426 17406
5 5868 9928 4134 17407
5 3626 8838 8377 17408
5 4079 9774 5829 17409
5 3910 8800 6847 17410
5 5828 9774 4079 17411
5 4426 10614 6071 17412
5 4481 9811 2395 17413
5 7199 8968 3542 17414
5 2395 9657 4481 17415
5 7077 8271 2134 17416
5 6090 9628 3250 17417
5 7605 10144 3436 17418
5 5208 6828 3101 17419
5 5721 9235 3084 17420
5 8462 8919 145 17421
5 7178 10195 3598 17422
5 6757 8831 1533 17423
5 5915 10123 2004 17424
5 8829 8867 3711 17425
5 6430 10435 4223 17426
5 3778 9236 6886 17427
5 4872 9897 2983 17428
5 9421 10351 4041 17429
5 1706 10325 6795 17430
5 5986 10343 4302 17431
5 5577 8704 3805 17432
5 4263 9754 7975 17433
5 2703 8102 5882 17434
5 6385 10340 2368 17435
5 4544 9909 6128 17436
5 3805 8705 5578 17437
5 9531 9639 3654 17438
5 7024 10049 3236 17439
5 8511 10020 2396 17440
5 8935 9309 3237 17441
5 8422 9551 3938 17442
5 7107 10550 3158 17443
5 3781 9202 5648 17444
5 3715 10283 6396 17445
5 5648 9203 3782 17446
5 3782 9203 5649 17447
5 9091 9134 2133 17448
5 4341 10097 8415 17449
5 2748 9026 7051 17450
5 4079 8244 5828 17451
5 3407 10511 6603 17452
5 3500 10552 7656 17453
5 3685 8989 8731 17454
5 4222 8242 5948 17455
5 4302 10343 5985 17456
5 3736 9428 9075 17457
5 5201 8657 1627 17458
5 3630 9640 6237 17459
5 6732 9532 3972 17460
5 4014 9716 7686 17461
5 3555 9042 7195 17462
5 5625 8658 3870 17463
5 3870 8659 5626 17464
5 1700 9799 9461 17465
5 4211 10426 6024 17466
5 8203 8795 2617 17467
5 5829 8402 4079 17468
5 3105 10178 7406 17469
5 3418 7405 7143 17470
5 3912 10210 8859 17471
5 7004 9887 1298 17472
5 3598 10195 6647 17473
5 3245 7479 6704 17474
5 4227 8258 5954 17475
5 8313 9198 2241 17476
5 2479 8685 8684 17477
5 7908 10201 4443 17478
5 7170 9214 3094 17479
5 2267 9719 6497 17480
5 1914 8962 5302 17481
5 3135 9458 6401 17482
5 2567 8701 7286 17483
5 6436 9329 5205 17484
5 5110 9496 7118 17485
5 5705 8560 3974 17486
5 8791 8799 1517 17487
5 3974 8563 5704 17488
5 8249 9675 5336 17489
5 4194 10383 6012 17490
5 4208 10408 6026 17491
5 2128 8240 7725 17492
5 6563 10487 2418 17493
5 8052 10401 1680 17494
5 1917 10385 7218 17495
5 3541 8968 7199 17496
5 6025 10408 4208 17497
5 6795 9435 2500 17498
5 2061 9127 5997 17499
5 6011 10383 4194 17500
5 9178 10300 1895 17501
5 5721 9633 3738 17502
5 4207 10410 6025 17503
5 7343 10450 1725 17504
5 9732 10501 2082 17505
5 7663 7664 3570 17506
5 6792 9498 3540 17507
5 7552 8295 2744 17508
5 8835 9349 1209 17509
5 3977 9323 9088 17510
5 4193 10387 6011 17511
5 3247 9136 8486 17512
5 4203 10087 5929 17513
5 3583 8503 7270 17514
5 5928 10087 4203 17515
5 6116 10447 2411 17516
5 3439 8983 7906 17517
5 5561 9418 3708 17518
5 6015 10387 4193 17519
5 3071 8261 7985 17520
5 4135 8483 7100 17521
5 4048 9658 5804 17522
5 1883 10466 5675 17523
5 5803 9658 4048 17524
5 3725 9426 5569 17525
5 4720 10197 7827 17526
5 2751 8336 7969 17527
5 2165 10430 6539 17528
5 5896 10334 3573 17529
5 2271 9746 6525 17530
5 6570 9680 3962 17531
5 6212 9974 3394 17532
5 5690 10466 1883 17533
5 2499 10048 7659 17534
5 2910 9943 9454 17535
5 4312 10285 6078 17536
5 8503 9270 1614 17537
5 5758 10374 2753 17538
5 5560 10136 2030 17539
5 4246 8172 5977 17540
5 7119 10065 1746 17541
5 2532 8939 8344 17542
5 7292 8113 3446 17543
5 7023 9581 4126 17544
5 1344 7337 6790 17545
5 2004 10123 5686 17546
5 7316 10250 2422 17547
5 7031 10029 1303 17548
5 4492 7874 6260 17549
5 2392 9652 5740 17550
5 5700 8612 3964 17551
5 2610 9459 9192 17552
5 7692 9723 2085 17553
5 3964 8613 5699 17554
5 5976 9582 3774 17555
5 4624 10177 6097 17556
5 3135 7045 5277 17557
5 4862 10250 6842 17558
5 4903 9575 7605 17559
5 4245 7938 5990 17560
5 6357 10395 1568 17561
5 8172 8432 3207 17562
5 7250 7560 2428 17563
5 3088 10255 7852 17564
5 7472 7890 4074 17565
5 5262 10502 3680 17566
5 5765 9555 4016 17567
5 5548 9755 2338 17568
5 3147 9285 7335 17569
5 4016 9555 5764 17570
5 6676 8676 3799 17571
5 4197 9494 8722 17572
5 7024 10117 2493 17573
5 5959 8355 4230 17574
5 689 8936 8725 17575
5 2317 8290 8113 17576
5 3493 8680 5296 17577
5 5667 8183 1989 17578
5 6229 10630 2886 17579
5 3168 10081 7066 17580
5 5296 8680 3492 17581
5 6000 7955 4250 17582
5 3064 10323 5432 17583
5 3992 8812 7825 17584
5 5220 10010 4082 17585
5 1551 10293 7257 17586
5 1674 9686 8025 17587
5 5350 7803 3537 17588
5 9235 10485 2398 17589
5 4403 9184 7185 17590
5 7626 9125 3480 17591
5 1865 10045 9452 17592
5 3487 8994 8799 17593
5 7900 8332 2529 17594
5 1526 8329 6907 17595
5 4199 10066 5934 17596
5 3600 7886 7885 17597
5 5933 10066 4199 17598
5 2917 9330 6115 17599
5 8331 9917 2529 17600
5 8514 9033 76 17601
5 4427 10566 6088 17602
5 6087 10566 4427 17603
5 7223 7224 3214 17604
5 10209 10292 4780 17605
5 3333 9109 5119 17606
5 6539 10430 3265 17607
5 4029 9584 5784 17608
5 5783 9584 4029 17609
5 6058 7817 4317 17610
5 5119 9109 3332 17611
5 7389 9855 3104 17612
5 7255 9677 1911 17613
5 3457 8918 8044 17614
5 5591 8813 3821 17615
5 1815 6486 5519 17616
5 5073 9524 9213 17617
5 9140 10048 2499 17618
5 8557 9942 1767 17619
5 3861 7446 7155 17620
5 4167 10287 6002 17621
5 7185 9184 1524 17622
5 3821 8818 5590 17623
5 1608 9708 8965 17624
5 3491 10352 6634 17625
5 5211 7373 3224 17626
5 3337 9534 5124 17627
5 1767 10062 8557 17628
5 4237 10471 6065 17629
5 2757 9545 4940 17630
5 2329 10186 6478 17631
5 8333 8334 2159 17632
5 6373 10119 3967 17633
5 7131 9153 3745 17634
5 2274 9642 8242 17635
5 7975 9689 4345 17636
5 1428 9073 6913 17637
5 2010 8093 6702 17638
5 6125 9617 8814 17639
5 3853 10465 5791 17640
5 1999 9293 6998 17641
5 4222 10116 5949 17642
5 4940 9545 6447 17643
5 8725 9056 688 17644
5 5948 10116 4222 17645
5 8602 8828 1267 17646
5 6138 8047 4453 17647
5 4728 10398 6073 17648
5 8839 9791 2292 17649
5 6222 8816 4622 17650
5 6541 10253 4004 17651
5 7218 10112 1917 17652
5 9671 10161 4350 17653
5 1469 10017 7002 17654
5 4622 8817 6221 17655
5 6415 9195 1590 17656
5 2304 9981 9520 17657
5 3331 8048 8021 17658
5 7310 10525 4363 17659
5 3573 10334 9709 17660
5 7122 9901 3946 17661
5 4958 10600 2987 17662
5 6961 9865 3189 17663
5 77 9016 8514 17664
5 7099 8328 3576 17665
5 3254 8479 8433 17666
5 3823 9718 5517 17667
5 3417 8913 5229 17668
5 818 10042 9277 17669
5 3469 10348 6599 17670
5 5363 10347 3751 17671
5 4940 9599 2757 17672
5 4227 10127 5955 17673
5 5229 8913 3416 17674
5 9240 10326 2048 17675
5 7239 9810 2387 17676
5 5954 10127 4227 17677
5 3181 9637 6660 17678
5 5838 8778 3041 17679
5 3179 9779 5411 17680
5 1254 8928 8691 17681
5 2023 9121 6321 17682
5 8459 8991 2089 17683
5 9635 10186 5452 17684
5 1770 9156 8385 17685
5 2515 3934 3785 17686
5 2924 9714 6066 17687
5 5960 10125 4230 17688
5 8028 9314 1678 17689
5 9153 9476 3745 17690
5 4425 9293 7073 17691
5 1675 10268 7285 17692
5 5757 9477 2203 17693
5 9236 9494 3163 17694
5 3736 9075 7218 17695
5 1952 10155 5356 17696
5 1619 9934 5063 17697
5 5018 9412 3118 17698
5 6075 9024 3296 17699
5 5230 9424 3417 17700
5 1560 8110 7447 17701
5 1340 7302 6980 17702
5 3341 6580 6315 17703
5 8948 9793 1630 17704
5 2521 8683 8682 17705
5 2987 10600 7258 17706
5 2582 9480 9120 17707
5 7153 9218 2238 17708
5 51 10044 7067 17709
5 5274 7040 3134 17710
5 6213 10617 1591 17711
5 5832 10442 2767 17712
5 4264 8387 5995 17713
5 2914 9201 6794 17714
5 5386 10163 1920 17715
5 7565 8678 1687 17716
5 6446 9599 4940 17717
5 8169 10360 1415 17718
5 2502 9702 6892 17719
5 2823 9857 5748 17720
5 6489 8444 3202 17721
5 3700 10601 6095 17722
5 7653 9539 3087 17723
5 5966 9174 3843 17724
5 6522 9411 3627 17725
5 24 7593 6848 17726
5 2656 10420 8874 17727
5 4230 10125 5959 17728
5 1970 10384 7181 17729
5 6037 8049 1844 17730
5 6233 9657 3451 17731
5 7120 9300 2711 17732
5 4003 9595 7501 17733
5 5420 8136 3591 17734
5 2616 10301 6921 17735
5 2489 8576 8575 17736
5 6344 10215 4080 17737
5 4453 8166 6137 17738
5 4660 9800 9273 17739
5 7624 9407 3750 17740
5 5719 10109 3653 17741
5 2914 8712 8017 17742
5 1911 9307 7255 17743
5 9280 9912 4652 17744
5 6434 9432 2862 17745
5 5168 7888 7662 17746
5 5235 10001 9744 17747
5 6107 10416 4727 17748
5 7369 9714 2924 17749
5 3637 8002 6017 17750
5 4087 9185 7176 17751
5 3931 9773 5809 17752
5 9282 10152 2409 17753
5 3061 9793 8948 17754
5 3164 8418 8062 17755
5 7403 8364 2086 17756
5 3262 8976 7169 17757
5 2095 10210 8695 17758
5 3296 9483 7300 17759
5 3428 9630 7863 17760
5 4977 9796 7042 17761
5 6286 8197 3401 17762
5 3118 8730 7614 17763
5 7582 7837 2175 17764
5 3160 10136 7950 17765
5 5106 9646 3321 17766
5 4822 9416 2601 17767
5 4246 10162 5978 17768
5 1667 7224 7223 17769
5 4847 9936 9095 17770
5 5977 10162 4246 17771
5 9209 10559 3850 17772
5 4198 8752 6602 17773
5 7243 10096 4391 17774
5 1703 9351 5942 17775
5 4000 8750 7640 17776
5 6921 9680 2616 17777
5 3123 7019 5321 17778
5 7238 8746 2009 17779
5 5327 10141 1467 17780
5 5804 8654 4048 17781
5 6451 10599 2520 17782
5 2296 9459 7191 17783
5 7898 8423 3699 17784
5 6781 10494 4291 17785
5 1651 10548 7463 17786
5 3544 6864 5265 17787
5 2758 9049 8495 17788
5 8401 10009 2541 17789
5 4048 8664 5803 17790
5 7283 10452 3309 17791
5 3596 10199 8420 17792
5 2341 8904 7178 17793
5 2357 9309 8935 17794
5 8085 9262 2943 17795
5 5618 8964 3834 17796
5 2790 8046 6086 17797
5 2631 7491 5932 17798
5 8007 8403 2541 17799
5 5264 6864 3544 17800
5 3826 8311 8154 17801
5 3834 8964 5617 17802
5 1957 7808 7266 17803
5 3485 9040 6999 17804
5 3828 8945 5614 17805
5 8729 8791 3993 17806
5 7523 8538 4969 17807
5 3520 8472 7072 17808
5 1683 10341 7001 17809
5 5714 8758 3980 17810
5 5613 8945 3828 17811
5 3544 10357 10272 17812
5 5645 8894 3415 17813
5 8142 8488 3643 17814
5 3967 10119 9083 17815
5 4019 9450 9254 17816
5 5281 7142 3174 17817
5 4270 10522 6102 17818
5 1934 9053 5884 17819
5 3718 9123 8929 17820
5 6101 10522 4270 17821
5 6859 9582 1604 17822
5 7064 8316 2003 17823
5 7324 9615 4573 17824
5 2433 7669 7400 17825
5 3980 8779 5713 17826
5 4269 10524 6101 17827
5 6105 10524 4269 17828
5 9283 10400 4212 17829
5 3662 9761 5893 17830
5 7522 8592 3080 17831
5 7242 9691 2287 17832
5 7285 10268 3414 17833
5 7729 8308 3818 17834
5 1577 10267 8374 17835
5 4264 10174 5996 17836
5 5995 10174 4264 17837
5 7335 9285 2568 17838
5 7863 9142 3078 17839
5 5188 10504 8702 17840
5 4082 10010 5746 17841
5 4439 8749 8010 17842
5 6352 8501 2024 17843
5 4028 8994 7476 17844
5 6016 10414 1956 17845
5 6481 6724 1768 17846
5 6979 8917 1532 17847
5 3230 10076 4906 17848
5 3504 8408 7173 17849
5 6264 10236 4499 17850
5 9027 10360 3697 17851
5 7570 9102 2357 17852
5 6334 9741 3604 17853
5 5128 9690 3338 17854
5 7569 9134 2678 17855
5 2903 9771 7325 17856
5 9395 9911 1417 17857
5 3669 7615 7542 17858
5 1646 10627 7025 17859
5 5650 9996 1443 17860
5 6517 6930 3286 17861
5 8147 8448 1408 17862
5 3394 9974 6246 17863
5 9893 10060 3340 17864
5 9135 9517 2582 17865
5 2295 9891 7241 17866
5 2926 9871 6096 17867
5 2099 9232 8611 17868
5 7280 9293 4425 17869
5 5680 9588 3856 17870
5 7246 9890 2296 17871
5 5571 8996 3794 17872
5 5241 9991 9298 17873
5 1812 7788 5615 17874
5 3905 9039 8137 17875
5 7377 9618 5134 17876
5 2981 8346 6454 17877
5 3037 9647 5103 17878
5 2442 10180 6505 17879
5 6007 8078 2986 17880
5 3600 10312 7334 17881
5 7778 10550 1835 17882
5 3794 9009 5570 17883
5 6410 9416 4822 17884
5 3465 10295 6789 17885
5 7685 9330 2917 17886
5 5729 9349 3864 17887
5 3391 10293 5634 17888
5 8815 9101 1270 17889
5 1983 9385 6228 17890
5 4250 8360 5999 17891
5 6708 10626 2097 17892
5 5889 10270 1398 17893
5 2451 10254 6336 17894
5 3374 8677 8676 17895
5 4035 7586 7217 17896
5 8419 9124 3191 17897
5 7612 10137 2826 17898
5 9621 10446 3704 17899
5 9784 10040 5825 17900
5 6081 10231 2012 17901
5 7392 10624 1686 17902
5 7591 7691 4127 17903
5 4291 10494 6546 17904
5 6313 10168 2408 17905
5 7037 7566 1354 17906
5 8887 9540 1641 17907
5 3852 8788 6923 17908
5 6797 8569 1943 17909
5 4293 8541 6027 17910
5 3941 10004 7665 17911
5 3893 9173 6873 17912
5 1271 9320 8815 17913
5 6018 8348 4285 17914
5 2352 9057 6059 17915
5 5062 8793 8409 17916
5 6043 9827 2485 17917
5 9828 10016 6345 17918
5 8695 8997 3215 17919
5 4245 10104 5991 17920
5 5991 8573 4245 17921
5 3687 8118 6636 17922
5 7837 8713 2175 17923
5 5990 10104 4245 17924
5 3213 10012 7827 17925
5 1969 10544 7195 17926
5 4257 9354 8631 17927
5 2310 9835 9549 17928
5 5536 10562 2606 17929
5 6852 9900 4258 17930
5 6775 9383 3580 17931
5 1603 9665 6356 17932
5 8565 10440 5300 17933
5 3124 7609 7182 17934
5 8181 9279 4368 17935
5 5354 9649 1741 17936
5 1486 10313 5445 17937
5 7905 10398 2496 17938
5 3398 9218 7153 17939
5 7481 9698 4851 17940
5 6848 7965 23 17941
5 9164 9504 1975 17942
5 4285 8395 6019 17943
5 3477 9786 8498 17944
5 5323 9581 1905 17945
5 6210 8465 3836 17946
5 7617 9542 2061 17947
5 4250 10118 6000 17948
5 5999 10118 4250 17949
5 4807 10584 2518 17950
5 3387 8253 7556 17951
5 7129 8665 1565 17952
5 6345 10016 3381 17953
5 4785 10014 1644 17954
5 7763 10613 2402 17955
5 7398 7399 3371 17956
5 4016 8822 5765 17957
5 5315 7156 3184 17958
5 7015 9250 1508 17959
5 1471 9982 7611 17960
5 3991 10450 7343 17961
5 5970 10023 4221 17962
5 5821 10194 3014 17963
5 4221 10023 5969 17964
5 5154 9542 8071 17965
5 5766 9406 3892 17966
5 5791 10465 9447 17967
5 3203 10604 7452 17968
5 3123 10501 9732 17969
5 5764 8839 4016 17970
5 3398 10526 9218 17971
5 7590 9025 3146 17972
5 1994 8860 7898 17973
5 4293 10196 6028 17974
5 1507 9687 9247 17975
5 6027 10196 4293 17976
5 3868 9979 9723 17977
5 4257 10627 6866 17978
5 2826 8570 7483 17979
5 5466 10486 7093 17980
5 5969 8433 4221 17981
5 6229 9180 2444 17982
5 7025 10462 2792 17983
5 6311 8937 2891 17984
5 1634 7683 7682 17985
5 30 7446 7013 17986
5 3059 8887 8823 17987
5 5406 10425 3513 17988
5 7253 10114 2006 17989
5 6706 9531 3654 17990
5 5908 9386 2714 17991
5 3312 8567 8506 17992
5 7867 8817 2573 17993
5 4935 9942 8557 17994
5 3101 10130 10047 17995
5 4831 9446 2643 17996
5 8373 8680 2338 17997
5 2270 10144 7605 17998
5 5784 8844 4029 17999
5 9925 10012 3927 18000
5 6143 9966 3533 18001
5 7002 10017 2976 18002
5 7182 10577 1553 18003
5 5357 10251 3548 18004
5 2675 9238 8243 18005
5 4029 8849 5783 18006
5 7618 7853 4192 18007
5 6019 10169 4285 18008
5 8017 8712 1444 18009
5 2220 10391 8377 18010
5 4285 10169 6018 18011
5 3490 8995 5290 18012
5 1863 9892 5742 18013
5 7214 9311 2487 18014
5 4063 10354 7023 18015
5 7086 10035 4139 18016
5 6062 8774 1780 18017
5 6359 9975 1967 18018
5 7627 8898 3970 18019
5 3883 8998 5642 18020
5 5290 8995 3489 18021
5 7293 9519 1424 18022
5 7717 9750 3092 18023
5 3967 10400 9283 18024
5 6083 9913 3004 18025
5 9166 9359 3565 18026
5 4221 8530 5970 18027
5 8530 8707 3231 18028
5 7491 10143 5932 18029
5 7478 9914 3135 18030
5 7802 10575 1787 18031
5 2479 9151 7453 18032
5 6345 10113 3372 18033
5 8474 10396 2316 18034
5 3844 9957 7229 18035
5 6048 8406 4308 18036
5 4068 7735 7215 18037
5 7608 7759 4174 18038
5 2349 10424 6285 18039
5 3265 10430 10079 18040
5 6956 8681 3842 18041
5 5641 9019 3883 18042
5 5267 8953 7196 18043
5 7120 10084 4908 18044
5 6575 9552 1793 18045
5 6044 10218 3677 18046
5 7484 8693 1988 18047
5 2094 8603 7580 18048
5 3509 8438 6654 18049
5 6171 10248 3374 18050
5 4308 8468 6049 18051
5 8017 9201 2914 18052
5 3514 9054 6595 18053
5 7150 9915 2520 18054
5 2352 10093 7126 18055
5 6512 9558 2605 18056
5 3215 8903 8695 18057
5 3807 8679 8190 18058
5 3873 7742 7301 18059
5 7574 8022 4214 18060
5 6059 9057 4964 18061
5 6055 8434 4313 18062
5 3192 9768 7666 18063
5 3261 8756 8348 18064
5 8241 9653 1675 18065
5 3894 9682 5720 18066
5 5413 7939 3587 18067
5 1538 9466 5167 18068
5 1448 9100 6671 18069
5 8393 9727 1691 18070
5 1723 10320 7387 18071
5 3492 8373 7508 18072
5 4176 9612 9492 18073
5 4453 10499 6138 18074
5 5127 9445 1626 18075
5 2012 10231 5867 18076
5 2529 9917 9187 18077
5 5826 10324 2491 18078
5 1517 10452 7283 18079
5 6137 10499 4453 18080
5 5360 9874 3847 18081
5 3328 10186 9635 18082
5 3587 7939 5412 18083
5 1998 10376 6691 18084
5 3748 10542 4687 18085
5 5905 9711 4113 18086
5 3889 9703 5718 18087
5 6049 10193 4308 18088
5 7487 7933 4140 18089
5 6361 9462 1982 18090
5 3014 9194 6208 18091
5 4218 10221 9376 18092
5 8255 8611 3994 18093
5 1963 10352 5464 18094
5 2305 10030 6894 18095
5 4308 10193 6048 18096
5 4313 8504 6056 18097
5 3335 10459 5477 18098
5 2476 8956 8014 18099
5 5412 7949 3586 18100
5 6273 10271 3238 18101
5 6021 9486 1960 18102
5 3312 8713 7837 18103
5 1988 8693 6405 18104
5 2816 10294 9136 18105
5 4957 9867 8546 18106
5 2846 10047 8802 18107
5 3827 9175 5709 18108
5 2812 10232 5473 18109
5 5605 8742 1669 18110
5 2023 9130 9121 18111
5 7665 10004 1586 18112
5 4166 9988 6914 18113
5 9052 10455 2542 18114
5 1808 9831 8198 18115
5 8261 9335 2038 18116
5 7052 9246 1625 18117
5 1529 8276 8275 18118
5 6056 10204 4313 18119
5 4317 10207 6058 18120
5 3255 10014 4785 18121
5 4313 10204 6055 18122
5 7869 8673 3422 18123
5 2592 8896 8024 18124
5 3158 10550 7778 18125
5 2129 10282 7461 18126
5 6057 10207 4317 18127
5 3536 8662 7164 18128
5 2623 9325 5739 18129
5 7439 8199 4200 18130
5 2298 10082 6691 18131
5 3142 8697 6360 18132
5 2516 8638 8637 18133
5 4324 8528 6061 18134
5 7353 8478 3558 18135
5 6060 8536 4324 18136
5 8948 9884 3678 18137
5 6061 10208 4324 18138
5 3038 7113 5292 18139
5 4324 10208 6060 18140
5 7924 7938 2313 18141
5 2156 10092 7732 18142
5 3317 9502 6990 18143
5 7660 7902 4233 18144
5 3459 9162 5263 18145
5 5336 9675 3762 18146
5 5263 9162 3458 18147
5 3400 7721 7612 18148
5 4100 10286 5210 18149
5 4741 8632 8161 18150
5 3851 10078 6117 18151
5 2544 8757 8353 18152
5 2302 10558 7277 18153
5 9898 10540 4259 18154
5 8455 8582 3664 18155
5 8939 10222 9997 18156
5 4317 8706 6057 18157
5 8874 10420 4555 18158
5 2489 9177 7496 18159
5 1933 8212 6888 18160
5 3374 9345 8677 18161
5 3741 10451 9870 18162
5 4326 10152 9282 18163
5 7271 8623 2114 18164
5 3786 10314 8233 18165
5 2058 10367 7339 18166
5 8010 9174 1693 18167
5 3957 10546 5312 18168
5 9056 9408 687 18169
5 2007 9152 5971 18170
5 3907 9046 5684 18171
5 5683 9046 3907 18172
5 2475 9782 6031 18173
5 7862 10520 1784 18174
5 7621 10120 5340 18175
5 9314 10531 3562 18176
5 7213 9841 3650 18177
5 1598 8510 7093 18178
5 5189 9850 3385 18179
5 3244 10224 9947 18180
5 1965 10348 5507 18181
5 9952 10341 3996 18182
5 3635 9654 6713 18183
5 6326 10519 3133 18184
5 2621 9217 8227 18185
5 8409 8793 3225 18186
5 8430 9902 4131 18187
5 3274 8856 8406 18188
5 3148 10115 7336 18189
5 7329 9147 1798 18190
5 7260 9868 1694 18191
5 6565 9558 1470 18192
5 3659 8400 5529 18193
5 4898 9693 7466 18194
5 3664 10274 8733 18195
5 2601 9501 4822 18196
5 3467 9193 5276 18197
5 6445 9219 1835 18198
5 5276 9193 3466 18199
5 7082 9686 4190 18200
5 5649 9090 3782 18201
5 8694 9930 4053 18202
5 4336 10341 9952 18203
5 3204 8444 6489 18204
5 4712 10108 7442 18205
5 8115 8931 2569 18206
5 3284 9911 8717 18207
5 3471 9198 5278 18208
5 5278 9198 3470 18209
5 3800 9326 7557 18210
5 3217 9138 8171 18211
5 3451 9657 8370 18212
5 4224 8200 7474 18213
5 7087 9854 2359 18214
5 4577 9862 9805 18215
5 5554 8531 3679 18216
5 3470 8313 7955 18217
5 6932 9527 1924 18218
5 7582 10241 3744 18219
5 8175 9145 3220 18220
5 3564 10330 7611 18221
5 3280 8880 8434 18222
5 7787 9871 2926 18223
5 6234 10390 3394 18224
5 6878 10256 3509 18225
5 1771 9253 5497 18226
5 2541 10009 9290 18227
5 3869 9875 5640 18228
5 4070 9314 8028 18229
5 7466 9693 3515 18230
5 3382 8263 7420 18231
5 4177 7909 7533 18232
5 7529 9884 3546 18233
5 8958 10582 4143 18234
5 9289 9691 2610 18235
5 7256 10157 3620 18236
5 6110 10308 2934 18237
5 3178 9213 7095 18238
5 4291 9839 6781 18239
5 5411 9779 6847 18240
5 1989 10147 5667 18241
5 3253 9923 5085 18242
5 1891 9740 5612 18243
5 8275 8276 3791 18244
5 7258 10600 2593 18245
5 9264 9959 5030 18246
5 3357 9259 8509 18247
5 1885 10618 8280 18248
5 4793 10289 9368 18249
5 2438 9721 9034 18250
5 3017 10035 7086 18251
5 8380 9227 2636 18252
5 7016 9843 4376 18253
5 3157 9617 6125 18254
5 7341 9978 5282 18255
5 1484 9328 6833 18256
5 5706 10370 3714 18257
5 1987 8870 6963 18258
5 1613 10530 9128 18259
5 8884 10069 1986 18260
5 3954 9873 5770 18261
5 2628 9891 9154 18262
5 9159 9890 2628 18263
5 4004 10253 5549 18264
5 7174 9586 1350 18265
5 7419 9770 2920 18266
5 7208 10134 1329 18267
5 2658 10167 7168 18268
5 7013 7446 3861 18269
5 1532 10000 6753 18270
5 8395 8921 3253 18271
5 3899 10569 8123 18272
5 5450 8015 3616 18273
5 8191 9496 2255 18274
5 3186 10453 6206 18275
5 7319 9842 1996 18276
5 9851 10078 3851 18277
5 7155 7446 31 18278
5 10150 10164 2026 18279
5 3029 8166 8014 18280
5 3909 9364 8525 18281
5 7635 8188 4132 18282
5 9308 10582 1437 18283
5 7666 9768 1435 18284
5 3972 9532 5872 18285
5 7137 10056 3812 18286
5 1522 8567 7889 18287
5 7907 8763 1695 18288
5 4585 9600 7644 18289
5 6419 8570 2826 18290
5 5365 10254 9410 18291
5 4146 8152 7576 18292
5 7003 7521 27 18293
5 2142 9332 6486 18294
5 1701 9913 6083 18295
5 2856 8781 8214 18296
5 3033 8028 5495 18297
5 3696 10545 8877 18298
5 7264 10004 3941 18299
5 1678 10317 4923 18300
5 2816 9136 6740 18301
5 1550 10335 7060 18302
5 5084 10004 7264 18303
5 3676 9287 8519 18304
5 3401 10608 9453 18305
5 5192 10545 1729 18306
5 4360 8476 6098 18307
5 2365 10305 8942 18308
5 1810 10072 8386 18309
5 9226 10050 1669 18310
5 4843 9337 7936 18311
5 5640 9955 3869 18312
5 3260 9960 5092 18313
5 3409 7521 7003 18314
5 2383 9939 6038 18315
5 3849 10161 9671 18316
5 9206 10434 2382 18317
5 1433 10591 8855 18318
5 9182 10507 4267 18319
5 3236 10565 7024 18320
5 8765 8766 3245 18321
5 7064 9572 2276 18322
5 2515 3988 3934 18323
5 3501 10222 2533 18324
5 7354 9127 2061 18325
5 4468 10625 7832 18326
5 4067 9292 6499 18327
5 6994 10128 2562 18328
5 7351 8635 2116 18329
5 3682 7244 3681 18330
5 3272 7291 6508 18331
5 8614 8829 2760 18332
5 9396 9791 4059 18333
5 8285 8947 3218 18334
5 2497 9714 7369 18335
5 3483 8416 6997 18336
5 8547 9694 6378 18337
5 8519 9287 1860 18338
5 7464 9758 4860 18339
5 2973 9589 7625 18340
5 2327 10613 7763 18341
5 3029 10402 4998 18342
5 3426 10139 8292 18343
5 3087 9539 5553 18344
5 3745 10227 7131 18345
5 3004 8719 5947 18346
5 2346 7595 4021 18347
5 6833 8297 1484 18348
5 7886 9115 4229 18349
5 3917 9160 8826 18350
5 8078 8436 2986 18351
5 9980 10610 1536 18352
5 2622 8762 4836 18353
5 2022 9031 8926 18354
5 1355 7865 7037 18355
5 3790 10421 9285 18356
5 3322 10146 6479 18357
5 2486 10433 6147 18358
5 4360 10216 6099 18359
5 5763 10274 1462 18360
5 6918 10016 1431 18361
5 4669 8727 8050 18362
5 3848 8770 8016 18363
5 6098 10216 4360 18364
5 6301 10039 3743 18365
5 2154 9137 6904 18366
5 3798 9014 5697 18367
5 9313 10157 5900 18368
5 6858 10068 1652 18369
5 3580 9809 6469 18370
5 7650 8151 4332 18371
5 7760 9241 3474 18372
5 4184 8109 7677 18373
5 7914 9216 2402 18374
5 2027 9125 7626 18375
5 8855 10591 4097 18376
5 9034 9869 4185 18377
5 5244 10533 3589 18378
5 6077 9772 1974 18379
5 7794 9066 3526 18380
5 7105 9512 3644 18381
5 8468 8978 3260 18382
5 3297 9541 5497 18383
5 7387 10320 3191 18384
5 2619 10138 4696 18385
5 6550 10546 3957 18386
5 3273 10013 5098 18387
5 3478 10486 5466 18388
5 3872 9504 9164 18389
5 4905 9485 7632 18390
5 5246 9888 1772 18391
5 3650 9841 7062 18392
5 8969 10107 2612 18393
5 4696 9458 2619 18394
5 3386 8547 6905 18395
5 3200 7225 5388 18396
5 1636 9494 9236 18397
5 7226 10444 3679 18398
5 8506 8567 1522 18399
5 3622 8992 6749 18400
5 3382 10464 7181 18401
5 4298 8287 7524 18402
5 1956 10414 6236 18403
5 6676 10512 3494 18404
5 9299 9300 3638 18405
5 2368 10574 6385 18406
5 1986 9065 6630 18407
5 2111 10608 7690 18408
5 7732 10092 3818 18409
5 3849 9671 6652 18410
5 5085 9923 3254 18411
5 5691 10286 4100 18412
5 7740 9387 2696 18413
5 2041 9823 7838 18414
5 1794 7379 5160 18415
5 7707 9428 3736 18416
5 3279 10041 5102 18417
5 9453 10608 4304 18418
5 1771 10616 9253 18419
5 4788 8120 6594 18420
5 8271 8735 2134 18421
5 4321 8337 7525 18422
5 3646 8512 7274 18423
5 2340 9675 8249 18424
5 1779 9509 6362 18425
5 6740 7380 3248 18426
5 1955 10097 7786 18427
5 7432 7773 4205 18428
5 8420 10199 2756 18429
5 3899 8701 7322 18430
5 3886 9266 7319 18431
5 6404 8426 4604 18432
5 7696 7771 4215 18433
5 3575 10371 8903 18434
5 5171 10059 3067 18435
5 3846 10306 9822 18436
5 1943 8569 5941 18437
5 7118 10469 3855 18438
5 8504 9023 3273 18439
5 1960 9486 5850 18440
5 3745 9476 7630 18441
5 3112 10523 7568 18442
5 4184 9237 7910 18443
5 2948 9905 7454 18444
5 6319 9801 3747 18445
5 1948 10369 5879 18446
5 1754 9651 5750 18447
5 5633 8562 3235 18448
5 9561 10609 1579 18449
5 6795 10325 9435 18450
5 3464 8478 7353 18451
5 1424 9519 7341 18452
5 2887 9257 8905 18453
5 3422 10489 7869 18454
5 3639 10434 8892 18455
5 8992 10242 4268 18456
5 3627 10089 6522 18457
5 6606 7622 2699 18458
5 4210 7999 7415 18459
5 4296 10381 8254 18460
5 6591 9521 2410 18461
5 6369 9805 3701 18462
5 6275 10519 2642 18463
5 5092 9960 3261 18464
5 7339 10367 4277 18465
5 4748 4749 2378 18466
5 6923 8502 3852 18467
5 6740 10150 2816 18468
5 1982 10549 5701 18469
5 7588 10373 4900 18470
5 7630 9476 3432 18471
5 3857 7877 7540 18472
5 7505 9386 1567 18473
5 1807 10399 9626 18474
5 7138 10166 2922 18475
5 8528 9058 3279 18476
5 9610 9739 4160 18477
5 8460 8989 2819 18478
5 3815 10292 10209 18479
5 6353 10528 3435 18480
5 2017 8999 6709 18481
5 3429 8585 6871 18482
5 6715 7990 4880 18483
5 5708 9937 3350 18484
5 2013 9695 6158 18485
5 7829 9749 4279 18486
5 6266 10006 3159 18487
5 7269 9901 1648 18488
5 2732 9659 4881 18489
5 3426 10376 6585 18490
5 2410 9417 6281 18491
5 3566 9842 7319 18492
5 8143 9506 3581 18493
5 686 9408 9376 18494
5 3911 9472 8997 18495
5 7604 7930 4242 18496
5 3435 9006 9005 18497
5 8232 9061 2779 18498
5 3814 9347 9281 18499
5 3283 9070 8536 18500
5 4560 9758 7464 18501
5 6099 8955 4360 18502
5 6245 10406 3959 18503
5 3592 9018 7139 18504
5 7592 8080 4274 18505
5 3969 9320 6402 18506
5 3796 10521 6074 18507
5 7875 9165 2847 18508
5 1395 8790 8482 18509
5 9779 9815 1597 18510
5 3071 9501 8261 18511
5 7643 10315 4447 18512
5 4881 9663 2732 18513
5 1949 10203 7656 18514
5 3842 8681 6785 18515
5 8321 10533 5244 18516
5 2922 10195 7178 18517
5 1743 10279 7693 18518
5 1541 10488 7842 18519
5 7196 8953 3808 18520
5 6346 10018 3180 18521
5 3112 8738 6455 18522
5 4146 10246 8759 18523
5 5967 10504 1864 18524
5 7218 10385 3736 18525
5 8778 9622 3041 18526
5 5105 10166 6648 18527
5 7304 8934 3568 18528
5 7561 8174 4232 18529
5 4497 8289 7873 18530
5 4480 9698 7481 18531
5 5098 10013 3274 18532
5 5994 9334 3602 18533
5 1607 9750 7717 18534
5 8696 9022 4570 18535
5 7557 9326 3497 18536
5 5615 8737 1812 18537
5 2934 10308 7923 18538
5 3477 7857 7856 18539
5 3000 9702 6981 18540
5 7631 7824 4240 18541
5 5448 8427 3562 18542
5 4193 9998 6015 18543
5 3812 10140 7137 18544
5 3027 9632 8127 18545
5 4254 7819 7723 18546
5 3683 8366 5552 18547
5 13 8589 7113 18548
5 2569 10416 8115 18549
5 6647 10195 5105 18550
5 6332 9785 4752 18551
5 9892 10067 5545 18552
5 8516 9043 2733 18553
5 4260 7892 7775 18554
5 1480 8291 7479 18555
5 5469 9701 3130 18556
5 8239 9444 3779 18557
5 8011 10516 3569 18558
5 7556 8253 3388 18559
5 8158 8938 2355 18560
5 8604 10620 2427 18561
5 7371 9073 4041 18562
5 2516 9330 7685 18563
5 5102 10041 3280 18564
5 8208 9608 5148 18565
5 7976 9374 2461 18566
5 7249 9587 3111 18567
5 1827 10349 7544 18568
5 6950 9921 2470 18569
5 8162 9614 5116 18570
5 5423 9814 8083 18571
5 6909 10324 3806 18572
5 5487 10479 1539 18573
5 5519 8875 1815 18574
5 6929 9643 4105 18575
5 9439 9440 3727 18576
5 4170 9911 9395 18577
5 8679 9624 1660 18578
5 3622 10363 7843 18579
5 6433 8568 4621 18580
5 6480 7621 1941 18581
5 8627 10475 1690 18582
5 8981 9831 3684 18583
5 4073 9436 5887 18584
5 4234 8294 7752 18585
5 5886 9436 4073 18586
5 6796 10473 2301 18587
5 3585 9013 7261 18588
5 6245 10549 10406 18589
5 7832 10625 2111 18590
5 7709 7799 4273 18591
5 3295 10404 8053 18592
5 8526 9500 1366 18593
5 4309 10537 9353 18594
5 7728 8098 4272 18595
5 3435 9789 9006 18596
5 8441 9997 2056 18597
5 3860 9157 5789 18598
5 1661 9648 5354 18599
5 9083 10119 1964 18600
5 4392 8381 7579 18601
5 3301 7337 5956 18602
5 6402 10138 3969 18603
5 7328 7447 2102 18604
5 1581 9600 8260 18605
5 3465 9428 7707 18606
5 4117 9523 5925 18607
5 5924 9523 4117 18608
5 7406 10178 1542 18609
5 4256 8301 8079 18610
5 7683 10122 4737 18611
5 3588 9038 7275 18612
5 2822 9093 8539 18613
5 7300 10273 4867 18614
5 3788 9846 6243 18615
5 6326 10288 3914 18616
5 4367 10151 6135 18617
5 2630 7866 4859 18618
5 6134 10151 4367 18619
5 5753 10557 9258 18620
5 8020 9726 2640 18621
5 1658 9078 7140 18622
5 4248 8270 7678 18623
5 6106 9066 7794 18624
5 7652 8087 4282 18625
5 3871 10581 7971 18626
5 4284 9624 7681 18627
5 4084 8920 8494 18628
5 3668 10508 7176 18629
5 3103 10239 8798 18630
5 5118 10559 9209 18631
5 4132 10411 8984 18632
5 7609 9925 3927 18633
5 6006 10332 3851 18634
5 6550 8033 3093 18635
5 7797 7847 4294 18636
5 7616 9675 2340 18637
5 2601 9416 7007 18638
5 7412 10553 3300 18639
5 7738 8305 4251 18640
5 6201 10056 1968 18641
5 4407 10240 6164 18642
5 3890 9902 8430 18643
5 8370 9657 2395 18644
5 6303 8798 3102 18645
5 5539 9855 2973 18646
5 6494 10292 3815 18647
5 7743 8307 4255 18648
5 6163 10240 4407 18649
5 2320 10412 7597 18650
5 4147 9256 7265 18651
5 7389 8125 3728 18652
5 3955 9225 6471 18653
5 7827 10197 5113 18654
5 7519 9448 2942 18655
5 3291 9398 8186 18656
5 2976 9733 5730 18657
5 4267 8283 7684 18658
5 7667 8958 4143 18659
5 7006 10490 4515 18660
5 9764 10062 4524 18661
5 7485 10096 2434 18662
5 4220 9669 5769 18663
5 8407 9797 2762 18664
5 2800 10259 8032 18665
5 7346 8491 1632 18666
5 4276 8247 7634 18667
5 3757 8947 8285 18668
5 2542 10455 9010 18669
5 3606 10605 8480 18670
5 8476 8595 3510 18671
5 8563 9123 2836 18672
5 3733 7814 7585 18673
5 8039 9987 4330 18674
5 1940 10120 6384 18675
5 3654 10257 6706 18676
5 5909 10392 2996 18677
5 3181 9248 6524 18678
5 7694 9733 3277 18679
5 1468 9959 5871 18680
5 3511 9519 7293 18681
5 7744 8318 4275 18682
5 1349 9586 7330 18683
5 3754 10556 7224 18684
5 8893 8896 2723 18685
5 1724 7356 2057 18686
5 3864 10205 5729 18687
5 1951 7478 6605 18688
5 8418 10140 1730 18689
5 5300 10440 1758 18690
5 4718 9420 8883 18691
5 2547 10446 6270 18692
5 9805 9862 3701 18693
5 2922 10166 5105 18694
5 1891 9997 8441 18695
5 7753 8323 4283 18696
5 2544 9871 7787 18697
5 6426 10031 2281 18698
5 1532 9972 6979 18699
5 1644 9718 7805 18700
5 4283 10460 9341 18701
5 8094 10019 4338 18702
5 5330 9653 8241 18703
5 8046 9860 1643 18704
5 6243 10439 1715 18705
5 1536 10249 4867 18706
5 5105 10195 2922 18707
5 2405 10372 4738 18708
5 5612 8344 1891 18709
5 6204 10070 1985 18710
5 8150 9768 3192 18711
5 6788 10351 2100 18712
5 3411 10129 7035 18713
5 8023 9075 1652 18714
5 8944 9149 4358 18715
5 7389 9589 2973 18716
5 3264 9490 8520 18717
5 7828 7904 4342 18718
5 6109 9988 4166 18719
5 3810 9668 8190 18720
5 7111 7112 3021 18721
5 7282 9834 4168 18722
5 8453 8513 5141 18723
5 4846 9155 8219 18724
5 8503 9132 3529 18725
5 4575 9318 7349 18726
5 7673 10170 4272 18727
5 4822 9501 6409 18728
5 4288 8369 7823 18729
5 8803 10413 2770 18730
5 8524 9495 3269 18731
5 9112 10072 3694 18732
5 1555 10244 7486 18733
5 9744 10001 3690 18734
5 4611 9797 8647 18735
5 6173 9079 4148 18736
5 3678 9884 7529 18737
5 3135 9914 9458 18738
5 7843 9753 4716 18739
5 2644 10456 9446 18740
5 7704 7840 4347 18741
5 9296 9297 3567 18742
5 2127 9229 9228 18743
5 7369 10536 2497 18744
5 3967 9283 6373 18745
5 4349 8146 7848 18746
5 7750 8338 4309 18747
5 8489 8781 4550 18748
5 3214 9533 5181 18749
5 9253 10616 4817 18750
5 4738 9809 2405 18751
5 3958 9465 8897 18752
5 6694 9641 2467 18753
5 6617 8414 3538 18754
5 5761 9033 3855 18755
5 3698 10168 6313 18756
5 3218 9279 8181 18757
5 7255 9307 3448 18758
5 1985 9573 6899 18759
5 8159 9391 2465 18760
5 2738 10507 9182 18761
5 8030 9157 4180 18762
5 7664 8679 3807 18763
5 7265 9256 1546 18764
5 9798 10237 3999 18765
5 2370 9111 8862 18766
5 2418 9903 8145 18767
5 18 8038 7244 18768
5 3844 8448 8147 18769
5 1975 9907 6366 18770
5 3716 8661 5743 18771
5 8729 9661 2348 18772
5 5514 9956 2789 18773
5 3731 10214 6672 18774
5 8361 9425 4140 18775
5 9376 10221 685 18776
5 2138 10481 8450 18777
5 4444 10262 6194 18778
5 6193 10262 4444 18779
5 1822 10133 7033 18780
5 3802 10575 7802 18781
5 7334 10312 2484 18782
5 4725 8668 8431 18783
5 4488 9387 8566 18784
5 2141 10397 7798 18785
5 1681 9153 8429 18786
5 8495 9049 3850 18787
5 4477 10475 7207 18788
5 7887 7986 4370 18789
5 1902 10463 8470 18790
5 6217 10389 4498 18791
5 4498 10389 6218 18792
5 9879 10377 2025 18793
5 4372 8084 7903 18794
5 2079 10012 9925 18795
5 2110 9819 8143 18796
5 7270 8503 3529 18797
5 4619 9681 7160 18798
5 5964 10544 1969 18799
5 7923 10308 2569 18800
5 3892 10302 5766 18801
5 7772 9470 2719 18802
5 8135 9543 5671 18803
5 3425 10455 6901 18804
5 3151 9343 6495 18805
5 2723 10604 8893 18806
5 7895 8185 4374 18807
5 1657 10247 8153 18808
5 9520 9981 4110 18809
5 1640 10540 9898 18810
5 1430 10276 6591 18811
5 8154 8155 3628 18812
5 5918 9924 1489 18813
5 8631 9354 4025 18814
5 6541 10487 3461 18815
5 4349 10328 7675 18816
5 2711 9300 9299 18817
5 8676 8677 3799 18818
5 3065 9664 9663 18819
5 2506 10260 9469 18820
5 3741 10279 10278 18821
5 8293 9505 3083 18822
5 4357 8296 7648 18823
5 6394 9252 3763 18824
5 9126 10425 5406 18825
5 1599 10154 10040 18826
5 3247 8486 8485 18827
5 3559 8952 7817 18828
5 6156 8161 3621 18829
5 6634 10090 3817 18830
5 8014 8166 2476 18831
5 8742 10378 4173 18832
5 5900 10157 2445 18833
5 2437 10428 9181 18834
5 4304 10608 8121 18835
5 7859 7947 4383 18836
5 8601 9579 3281 18837
5 4713 8534 8463 18838
5 2910 9454 7686 18839
5 2973 9855 7389 18840
5 8143 9819 3735 18841
5 7674 10003 5174 18842
5 7301 9656 3873 18843
5 6219 9544 1964 18844
5 4031 9286 6382 18845
5 8525 9364 4190 18846
5 1958 9627 6335 18847
5 4032 9651 8807 18848
5 8826 9160 2319 18849
5 3119 9802 8577 18850
5 3911 8997 8695 18851
5 3480 9721 7626 18852
5 4394 7919 7821 18853
5 3842 9001 6956 18854
5 3874 9201 8017 18855
5 3193 9500 8526 18856
5 2109 8643 8642 18857
5 1603 10405 7070 18858
5 8169 9511 3697 18859
5 5438 8898 7185 18860
5 3944 10476 8405 18861
5 7317 10288 1614 18862
5 6599 10258 3831 18863
5 9402 10438 1718 18864
5 6795 10380 1706 18865
5 6553 9919 4873 18866
5 7238 9168 3205 18867
5 7482 8483 3739 18868
5 8494 9422 4084 18869
5 7971 10581 1847 18870
5 3528 9615 7324 18871
5 7681 9624 3128 18872
5 4096 10492 7459 18873
5 8985 8986 4838 18874
5 3214 10556 9533 18875
5 1712 10161 7960 18876
5 8461 9754 4263 18877
5 8577 9802 1673 18878
5 1456 9300 7120 18879
5 3292 9605 8618 18880
5 8236 9672 3362 18881
5 2852 9403 8259 18882
5 7798 10397 4282 18883
5 8450 10481 2687 18884
5 2612 10107 6936 18885
5 7195 10544 3555 18886
5 8195 8421 4378 18887
5 8302 8713 3312 18888
5 3626 10441 7562 18889
5 2407 9826 8100 18890
5 4400 8317 8070 18891
5 4177 9389 8593 18892
5 7884 8443 4364 18893
5 8486 9136 4182 18894
5 9455 10163 5386 18895
5 4279 10510 7352 18896
5 8687 10298 4085 18897
5 2867 9723 7692 18898
5 8353 10177 2544 18899
5 8509 8894 5645 18900
5 4367 9102 6134 18901
5 8647 9797 3512 18902
5 8028 9072 4070 18903
5 3051 10054 7983 18904
5 4069 9292 8889 18905
5 5316 10061 8160 18906
5 7009 10175 3862 18907
5 4415 8051 7953 18908
5 4758 10173 9087 18909
5 7655 10465 10046 18910
5 3401 9453 6286 18911
5 6164 9135 4407 18912
5 3633 9324 7276 18913
5 4407 9120 6163 18914
5 4859 9048 2736 18915
5 6439 10322 3933 18916
5 3092 9750 6931 18917
5 7876 10015 3033 18918
5 4789 8726 8505 18919
5 5600 10534 7545 18920
5 3512 9797 8407 18921
5 6932 10114 3615 18922
5 1601 10366 7114 18923
5 1794 8825 7379 18924
5 8705 9323 2785 18925
5 3397 8474 7547 18926
5 5709 9705 3827 18927
5 8708 9786 4635 18928
5 7379 8825 3584 18929
5 3984 9727 8061 18930
5 8140 10025 2684 18931
5 4881 9659 6473 18932
5 2865 9460 8177 18933
5 4557 10017 9920 18934
5 4379 8452 7878 18935
5 3742 10580 8156 18936
5 3130 9045 6772 18937
5 8598 9830 3223 18938
5 8133 10167 2658 18939
5 2346 10489 10171 18940
5 8832 9679 5219 18941
5 3824 9543 8135 18942
5 1641 9221 8887 18943
5 8291 10298 3075 18944
5 8461 9156 1770 18945
5 7693 10279 3741 18946
5 3750 9407 9393 18947
5 4182 10294 6668 18948
5 4418 8347 8105 18949
5 8779 9347 2858 18950
5 4438 7996 7944 18951
5 5470 7068 3211 18952
5 3211 7068 5468 18953
5 3617 9231 7469 18954
5 3679 10444 5554 18955
5 3361 10477 7498 18956
5 6470 9663 4881 18957
5 1562 8703 8180 18958
5 3969 10138 7914 18959
5 7093 10486 1598 18960
5 1353 7566 7152 18961
5 3874 9969 9201 18962
5 2096 10170 7673 18963
5 6135 9309 4367 18964
5 1425 9770 7419 18965
5 2777 9631 6918 18966
5 6794 9201 3749 18967
5 2091 10350 8227 18968
5 6471 10372 3955 18969
5 2280 9849 7816 18970
5 7152 7566 3501 18971
5 9663 9664 2732 18972
5 7795 9189 3976 18973
5 7913 8490 4397 18974
5 7870 10339 4374 18975
5 1954 10219 7841 18976
5 3741 10278 8496 18977
5 2601 9335 8261 18978
5 8798 10239 2309 18979
5 3111 10598 5334 18980
5 3711 10356 7810 18981
5 4993 9242 8341 18982
5 1481 8803 7627 18983
5 9980 10273 3310 18984
5 2255 10183 6329 18985
5 4400 10153 8264 18986
5 9326 9530 2376 18987
5 6525 10564 1994 18988
5 3469 10345 7167 18989
5 7917 8497 4405 18990
5 8019 9798 3999 18991
5 8617 9734 3448 18992
5 2828 9977 4985 18993
5 3073 10232 7100 18994
5 2182 9503 7757 18995
5 7244 8397 17 18996
5 3791 8363 8267 18997
5 7818 9167 3270 18998
5 4985 9983 2828 18999
5 7708 10434 3639 19000
5 7265 9847 4147 19001
5 8267 8275 3791 19002
5 9074 9863 2930 19003
5 6162 9907 1975 19004
5 9075 9428 1652 19005
5 2179 9103 9017 19006
5 8984 10411 2737 19007
5 3307 10534 7445 19008
5 4498 9154 6217 19009
5 3851 10423 6006 19010
5 6218 9159 4498 19011
5 1451 9066 6106 19012
5 8052 9962 2830 19013
5 9024 9483 3296 19014
5 5872 10454 3972 19015
5 8243 9238 2129 19016
5 8137 9039 1816 19017
5 2255 9496 8975 19018
5 8695 8903 2095 19019
5 1480 10298 8291 19020
5 7442 10108 5271 19021
5 4243 9887 7004 19022
5 2206 9608 8208 19023
5 10079 10430 4995 19024
5 5903 9204 3956 19025
5 3724 10117 7024 19026
5 3946 9927 7122 19027
5 9549 9835 3926 19028
5 8496 10278 1962 19029
5 4330 10603 7443 19030
5 8651 9939 3532 19031
5 3484 9772 9284 19032
5 5818 10247 3081 19033
5 3996 10505 6186 19034
5 3104 9855 7777 19035
5 9461 9799 3021 19036
5 7675 10328 2106 19037
5 1599 10527 9479 19038
5 8351 9550 5130 19039
5 7541 10126 4178 19040
5 9353 10537 2769 19041
5 1397 10270 7020 19042
5 6192 10051 4395 19043
5 3956 9204 5901 19044
5 2082 10501 8511 19045
5 1696 9798 8184 19046
5 4395 10051 6189 19047
5 4338 10619 7460 19048
5 8799 8994 2960 19049
5 5240 10612 3377 19050
5 3278 7203 5555 19051
5 6516 8987 4672 19052
5 9147 10117 4459 19053
5 4444 9192 6193 19054
5 1588 9830 8598 19055
5 7410 10303 3571 19056
5 8311 10224 3244 19057
5 9059 10418 4240 19058
5 1582 9373 8218 19059
5 5879 10369 8210 19060
5 9358 9392 3795 19061
5 2839 9487 8612 19062
5 4418 10229 8358 19063
5 9192 9459 3413 19064
5 3614 10478 7540 19065
5 8112 8550 4441 19066
5 4404 10445 6200 19067
5 7544 10349 3388 19068
5 7826 8475 4458 19069
5 6233 10261 4481 19070
5 4481 10261 6235 19071
5 6559 10470 3858 19072
5 7252 10312 3600 19073
5 8818 9450 2797 19074
5 6271 10135 3921 19075
5 7942 10485 5358 19076
5 6888 9566 1933 19077
5 8391 9327 5051 19078
5 8062 8418 3793 19079
5 9401 9513 5275 19080
5 9285 10421 2568 19081
5 3978 10431 6490 19082
5 8056 9266 3886 19083
5 4315 10245 10228 19084
5 9117 10618 1885 19085
5 2868 9551 8402 19086
5 5901 9225 3955 19087
5 4485 10560 6939 19088
5 9903 10571 4005 19089
5 4402 9996 6801 19090
5 7033 10133 5247 19091
5 8651 9100 1448 19092
5 637 10510 7940 19093
5 22 7965 7456 19094
5 3604 10548 6334 19095
5 6194 9289 4444 19096
5 9120 9480 3403 19097
5 4475 8437 8178 19098
5 6476 10521 3796 19099
5 6944 10578 4469 19100
5 7898 8860 3882 19101
5 4916 9768 8150 19102
5 7611 10330 3915 19103
5 3802 9440 9439 19104
5 7850 10424 2349 19105
5 10516 10517 3569 19106
5 2126 10436 6973 19107
5 2505 9601 8943 19108
5 9010 10455 3425 19109
5 8965 9708 4698 19110
5 8227 10350 4200 19111
5 9809 9810 2405 19112
5 3822 10276 7105 19113
5 3907 9963 5683 19114
5 3615 9527 6932 19115
5 8598 9514 1588 19116
5 9308 9536 4676 19117
5 1573 9622 8778 19118
5 1971 9393 8971 19119
5 3387 10540 8253 19120
5 3704 10437 9526 19121
5 8242 9642 2916 19122
5 9368 10289 3531 19123
5 7777 9855 5539 19124
5 6907 8329 4021 19125
5 2143 9967 8588 19126
5 5059 8502 6923 19127
5 3418 9759 7405 19128
5 4267 10607 9182 19129
5 2133 9134 7569 19130
5 3377 9517 9135 19131
5 8405 10476 2087 19132
5 6290 10411 8188 19133
5 1681 9476 9153 19134
5 8156 10580 2113 19135
5 9453 10269 2674 19136
5 4105 9643 6084 19137
5 8238 10280 2694 19138
5 4311 10029 7031 19139
5 3324 8713 8302 19140
5 6691 10376 8292 19141
5 8012 8574 4467 19142
5 9398 10386 2386 19143
5 3818 10092 9189 19144
5 9341 10460 2776 19145
5 8959 10211 4242 19146
5 4519 8349 8074 19147
5 1078 10603 7992 19148
5 7644 9600 1581 19149
5 4172 10021 8622 19150
5 5322 10042 8527 19151
5 7960 10161 3849 19152
5 7656 10552 4343 19153
5 7725 8240 3729 19154
5 3278 10497 6783 19155
5 3453 9071 2562 19156
5 1090 10619 8004 19157
5 3332 9872 8834 19158
5 1911 9838 9307 19159
5 5497 9253 3297 19160
5 1964 10119 6219 19161
5 8342 8597 4483 19162
5 8001 8581 4482 19163
5 9000 9554 2064 19164
5 7653 9648 1661 19165
5 9205 9206 3913 19166
5 2826 10137 6419 19167
5 3442 9344 6685 19168
5 4696 10138 6402 19169
5 8036 10518 5156 19170
5 8029 8599 4479 19171
5 8508 10230 2702 19172
5 9454 9943 5251 19173
5 8905 9257 4054 19174
5 4163 9925 7609 19175
5 8993 9302 3255 19176
5 9220 9449 3381 19177
5 8847 9893 3340 19178
5 8768 9704 4232 19179
5 8284 10291 5193 19180
5 9096 10373 2377 19181
5 8575 9607 2489 19182
5 8561 10026 1429 19183
5 3384 9731 9244 19184
5 9247 9687 4763 19185
5 3448 9369 7255 19186
5 3537 10621 5350 19187
5 4217 10518 8036 19188
5 7181 10384 3929 19189
5 3918 8766 8765 19190
5 5778 8788 3852 19191
5 7055 9247 3293 19192
5 4224 10358 8380 19193
5 10040 10154 4318 19194
5 8380 10358 2103 19195
5 1415 10284 8719 19196
5 8850 9920 1469 19197
5 9114 10620 3320 19198
5 9732 9983 3123 19199
5 1964 9673 9083 19200
5 7143 10432 3418 19201
5 8024 8896 1795 19202
5 9207 9747 5194 19203
5 4510 9378 9377 19204
5 3646 9483 9024 19205
5 6468 9889 2673 19206
5 8637 9881 2516 19207
5 9295 10596 4362 19208
5 2939 9917 8331 19209
5 2125 10165 8783 19210
5 9116 9756 3114 19211
5 5632 9683 8298 19212
5 7335 10073 1479 19213
5 2813 10236 6264 19214
5 3054 9829 9171 19215
5 7981 8590 4522 19216
5 2856 9945 8781 19217
5 9788 9883 4454 19218
5 3378 10612 5240 19219
5 10132 10171 1503 19220
5 2039 10429 6582 19221
5 9034 9721 4186 19222
5 3697 10360 8169 19223
5 6949 10084 7120 19224
5 1490 8932 8407 19225
5 3235 9992 5633 19226
5 6904 10576 2154 19227
5 3674 9920 8850 19228
5 8127 9632 1413 19229
5 7503 10241 3082 19230
5 8861 9999 2168 19231
5 3783 7113 3038 19232
5 7326 9961 3124 19233
5 5739 9325 2050 19234
5 9870 10451 1732 19235
5 7067 10044 4361 19236
5 3041 9552 6575 19237
5 7172 10243 3187 19238
5 4985 9977 6589 19239
5 8682 9909 2521 19240
5 3795 10596 9295 19241
5 7655 10046 2277 19242
5 4276 10361 9086 19243
5 8993 9318 1655 19244
5 9005 9006 3930 19245
5 9940 10100 5086 19246
5 8135 10275 3824 19247
5 2079 9925 9350 19248
5 6588 9983 4985 19249
5 3867 9156 8461 19250
5 7993 8606 4543 19251
5 5605 10378 8742 19252
5 8734 10190 4149 19253
5 8622 10021 4258 19254
5 7700 10109 1637 19255
5 3781 9970 8902 19256
5 5520 10300 9178 19257
5 1694 9868 7149 19258
5 9009 9612 2803 19259
5 8374 10267 4371 19260
5 2873 9847 7265 19261
5 10005 10481 2138 19262
5 5616 7291 3272 19263
5 9781 9823 2041 19264
5 3128 9624 8679 19265
5 3749 8787 6794 19266
5 7622 9252 2699 19267
5 4475 10514 8666 19268
5 8684 9528 2479 19269
5 8903 10371 2095 19270
5 6384 10120 2585 19271
5 2947 10009 8401 19272
5 3580 9810 9809 19273
5 8498 9786 2135 19274
5 3150 10301 7553 19275
5 2820 10469 7118 19276
5 3634 10595 7510 19277
5 2115 10339 7870 19278
5 10080 10478 1745 19279
5 5925 9949 4117 19280
5 4117 9950 5924 19281
5 7376 10103 1377 19282
5 4093 8334 8333 19283
5 3915 10516 8011 19284
5 8069 8268 4594 19285
5 5178 10132 1503 19286
5 3404 9691 9289 19287
5 1671 9930 8033 19288
5 8942 10305 4723 19289
5 5310 9560 9452 19290
5 6378 9694 4052 19291
5 10468 10580 3742 19292
5 2158 9025 7590 19293
5 4580 8594 8009 19294
5 8294 10573 6429 19295
5 5887 10037 4073 19296
5 6334 10548 7789 19297
5 8717 10508 3668 19298
5 4073 10043 5886 19299
5 2623 10444 7226 19300
5 8893 10604 3203 19301
5 2706 10128 9655 19302
5 6116 10150 2026 19303
5 16 8397 7438 19304
5 4657 10561 7366 19305
5 8377 10391 4653 19306
5 9321 9817 1406 19307
5 3068 9812 9811 19308
5 3082 10241 7582 19309
5 2518 10584 8148 19310
5 6637 10460 8323 19311
5 3041 9622 9552 19312
5 8631 10480 4257 19313
5 2006 9863 9074 19314
5 8559 10623 4235 19315
5 1946 10085 7211 19316
5 8283 10507 6604 19317
5 9244 9731 1823 19318
5 3955 10372 8382 19319
5 7985 8261 2038 19320
5 3872 10581 9504 19321
5 8385 9156 5269 19322
5 8783 10165 3898 19323
5 8261 9501 2601 19324
5 7786 10097 3939 19325
5 8298 9683 3665 19326
5 8300 9666 3287 19327
5 7659 10048 2933 19328
5 3381 10016 9631 19329
5 8496 10451 3741 19330
5 3999 10237 8579 19331
5 2391 10500 8906 19332
5 2875 9791 8839 19333
5 8975 9496 5110 19334
5 8851 10086 3099 19335
5 8278 10629 2290 19336
5 7721 9936 3092 19337
5 2843 9739 9019 19338
5 1427 9679 8832 19339
5 7206 10142 1945 19340
5 8988 10159 2178 19341
5 4006 8993 7776 19342
5 1951 9914 7478 19343
5 8906 10500 3514 19344
5 4738 10372 6471 19345
5 3074 10593 6507 19346
5 2002 9587 5337 19347
5 7154 10367 2058 19348
5 6401 9458 4696 19349
5 4517 10377 9879 19350
5 8186 9398 3700 19351
5 1994 10564 6424 19352
5 8220 10024 2796 19353
5 9604 10518 4217 19354
5 5529 10630 3659 19355
5 4608 8641 7998 19356
5 7610 9576 3188 19357
5 2140 10190 8734 19358
5 9298 9793 3061 19359
5 4038 9392 9358 19360
5 5412 10265 3587 19361
5 9065 10069 5658 19362
5 6658 10537 8338 19363
5 9811 9812 2395 19364
5 7983 10054 2068 19365
5 3586 10265 5412 19366
5 8196 10515 3503 19367
5 6038 9939 8651 19368
5 7852 10255 4687 19369
5 8153 10247 5818 19370
5 8558 9945 2856 19371
5 3740 10451 8496 19372
5 8695 10210 3911 19373
5 7842 10488 4326 19374
5 1726 10602 8081 19375
5 7336 10115 1578 19376
5 3949 10626 6708 19377
5 3681 9655 2707 19378
5 4150 10506 8825 19379
5 7816 9849 3840 19380
5 1986 10069 9065 19381
5 10022 10379 3602 19382
5 4366 10413 8221 19383
5 9201 9969 3749 19384
5 8006 8660 4632 19385
5 8145 9903 4753 19386
5 8572 9740 1718 19387
5 4462 10509 8218 19388
5 9083 9673 3968 19389
5 7437 8038 19 19390
5 5077 8835 8786 19391
5 8816 9556 2573 19392
5 9962 10583 2830 19393
5 9154 9891 3410 19394
5 9520 10234 2304 19395
5 3412 9890 9159 19396
5 4698 10520 7862 19397
5 8719 10284 5947 19398
5 5443 9402 1602 19399
5 9446 10456 1560 19400
5 8176 8246 4688 19401
5 1621 9649 9648 19402
5 3622 10242 8992 19403
5 9777 10448 2152 19404
5 6791 10277 1537 19405
5 4481 9657 6233 19406
5 9549 10319 2310 19407
5 9037 10616 3949 19408
5 6235 9811 4481 19409
5 8407 8932 3512 19410
5 6898 10355 1991 19411
5 4164 10515 8196 19412
5 8061 9727 3449 19413
5 3033 9072 8028 19414
5 9405 9619 3653 19415
5 7827 10012 2079 19416
5 4049 9854 7087 19417
5 6785 9836 3842 19418
5 1630 9884 8948 19419
5 8561 9417 3680 19420
5 3855 10469 5761 19421
5 8802 10047 2062 19422
5 4315 10568 10245 19423
5 3705 10342 8868 19424
5 9604 9735 4123 19425
5 8611 9232 3994 19426
5 8122 8728 4656 19427
5 2112 10518 9604 19428
5 7863 9630 1604 19429
5 8823 8887 3865 19430
5 2808 10160 8303 19431
5 6248 9887 4243 19432
5 2148 10443 8973 19433
5 6956 9001 5078 19434
5 9314 10317 1678 19435
5 7035 10129 1916 19436
5 8677 9345 4181 19437
5 5387 9538 8068 19438
5 3783 7550 7113 19439
5 7595 10132 1527 19440
5 2564 10465 7655 19441
5 3877 9511 8169 19442
5 3845 9868 7260 19443
5 4818 9383 6775 19444
5 2861 10427 8653 19445
5 8579 10237 3648 19446
5 8851 10055 2191 19447
5 8121 10608 2111 19448
5 3102 9684 6354 19449
5 5333 10244 9388 19450
5 7245 8769 3895 19451
5 3152 10316 9547 19452
5 9717 10562 5536 19453
5 8204 8785 4668 19454
5 3334 7184 5669 19455
5 9469 10260 4414 19456
5 4357 10060 9150 19457
5 7370 10605 1436 19458
5 9920 10017 1469 19459
5 2418 10571 9903 19460
5 9393 9407 3923 19461
5 4395 10020 6192 19462
5 7224 10556 3214 19463
5 5359 10099 9583 19464
5 3255 9318 8993 19465
5 5834 8441 1719 19466
5 6293 10029 4311 19467
5 5666 7184 3334 19468
5 6189 10053 4395 19469
5 6438 7521 3409 19470
5 8848 9889 6468 19471
5 10245 10568 1504 19472
5 4676 10582 9308 19473
5 2706 9655 3681 19474
5 4900 10373 9096 19475
5 9606 9674 3503 19476
5 4186 9869 9034 19477
5 3208 10492 9405 19478
5 10046 10465 3853 19479
5 1789 10003 7674 19480
5 8714 10579 3866 19481
5 1492 9262 8085 19482
5 2052 9734 8617 19483
5 4137 9614 8162 19484
5 4304 10269 9453 19485
5 7153 10300 3398 19486
5 7305 10458 1954 19487
5 9479 10154 1599 19488
5 8160 10061 1840 19489
5 9269 9971 2896 19490
5 5670 7202 3326 19491
5 8470 10463 4044 19492
5 3326 7202 5668 19493
5 8975 10183 2255 19494
5 4471 10134 7208 19495
5 7247 10393 2092 19496
5 4417 9883 9788 19497
5 7910 9237 2112 19498
5 4112 10167 8133 19499
5 3993 9661 8729 19500
5 4331 10477 9179 19501
5 4416 10307 9775 19502
5 8522 8753 4746 19503
5 4361 10044 6322 19504
5 9472 10121 2123 19505
5 8717 9911 4170 19506
5 2111 10625 8121 19507
5 7454 9905 1576 19508
5 7330 9586 4333 19509
5 4145 9206 9205 19510
5 7413 8274 3809 19511
5 1841 10468 9003 19512
5 5776 10148 9743 19513
5 3142 10154 9479 19514
5 5193 10609 9561 19515
5 3203 9674 9606 19516
5 4274 10481 10005 19517
5 8350 8365 4794 19518
5 8759 10246 2153 19519
5 2398 10485 7942 19520
5 3397 10396 8474 19521
5 8509 9259 4009 19522
5 3858 10470 7928 19523
5 2135 9786 8708 19524
5 4337 10615 6653 19525
5 2646 10547 7269 19526
5 5689 7209 3327 19527
5 4006 9302 8993 19528
5 8889 9292 4067 19529
5 8653 10427 4658 19530
5 3327 7209 5685 19531
5 9169 10532 4359 19532
5 9619 10260 3653 19533
5 8814 9617 1665 19534
5 2855 9836 4994 19535
5 8944 10523 3112 19536
5 3620 10157 9313 19537
5 9181 10428 4411 19538
5 3436 10413 8803 19539
5 7380 8110 3248 19540
5 8280 10618 3632 19541
5 2831 10407 8352 19542
5 3533 10610 6143 19543
5 9592 10221 4218 19544
5 8273 8871 4756 19545
5 7568 10523 4399 19546
5 8340 8689 4800 19547
5 2235 10084 6949 19548
5 8557 10062 3942 19549
5 4743 8919 8462 19550
5 2113 9425 8361 19551
5 9631 10016 6918 19552
5 7881 9706 3233 19553
5 2312 10078 9851 19554
5 7625 9589 2033 19555
5 7866 9596 4859 19556
5 4766 8866 8256 19557
5 8254 10381 2290 19558
5 9228 10611 3644 19559
5 3179 9815 9779 19560
5 3995 9449 9220 19561
5 7763 9216 1893 19562
5 10272 10357 2063 19563
5 4041 10351 7371 19564
5 9128 10530 4782 19565
5 8157 10368 3830 19566
5 6469 9809 4738 19567
5 7831 9804 3370 19568
5 4994 10497 2855 19569
5 3181 10233 9637 19570
5 7833 10572 1482 19571
5 3963 7228 5741 19572
5 4923 10317 8427 19573
5 7167 10345 1927 19574
5 5223 10048 9140 19575
5 3987 9831 8981 19576
5 3665 10145 9489 19577
5 3553 9638 9026 19578
5 10278 10279 4671 19579
5 3784 7550 3783 19580
5 8887 9221 3865 19581
5 8725 8936 4775 19582
5 4681 10098 9776 19583
5 3342 8091 6577 19584
5 6591 10276 9521 19585
5 3809 8274 6580 19586
5 5738 7228 3963 19587
5 4477 10532 9169 19588
5 4155 10156 9229 19589
5 3386 9694 8547 19590
5 9492 10503 4176 19591
5 10330 10516 3915 19592
5 3297 9888 9541 19593
5 9006 9789 4436 19594
5 3602 10379 9074 19595
5 3685 10472 9656 19596
5 4157 10096 7485 19597
5 8965 10089 1608 19598
5 7889 8567 3744 19599
5 9654 10453 3186 19600
5 3400 9936 7721 19601
5 5337 9668 2002 19602
5 4553 10050 9226 19603
5 9189 10092 3976 19604
5 1850 9747 9207 19605
5 1573 9623 9622 19606
5 1661 10590 5608 19607
5 7461 10282 4472 19608
5 9552 9622 3605 19609
5 2052 10191 9734 19610
5 9504 10581 3871 19611
5 3599 10586 9535 19612
5 2125 9749 7829 19613
5 4217 9735 9604 19614
5 9471 10299 4340 19615
5 9017 9103 4322 19616
5 9541 9888 5246 19617
5 8198 9831 3987 19618
5 2427 10620 9114 19619
5 9637 10233 1609 19620
5 9848 9849 2280 19621
5 1696 10237 9798 19622
5 3291 10386 9398 19623
5 7420 10464 3382 19624
5 8868 10342 3706 19625
5 8588 9967 4249 19626
5 4817 10616 9037 19627
5 4036 10072 9112 19628
5 1905 10354 10353 19629
5 9654 10226 1498 19630
5 3021 9799 7111 19631
5 10047 10130 2062 19632
5 2346 10171 7595 19633
5 9648 9649 5354 19634
5 9656 10472 3873 19635
5 3756 10163 9455 19636
5 8973 10443 4012 19637
5 9405 10492 2375 19638
5 9381 10498 1519 19639
5 7719 10283 3715 19640
5 9515 10571 4004 19641
5 10197 10263 3042 19642
5 9003 10468 3742 19643
5 9312 9623 1573 19644
5 2815 10557 9766 19645
5 1858 9513 9401 19646
5 2360 10480 8631 19647
5 9350 9925 4163 19648
5 9947 10224 4437 19649
5 4097 10576 7502 19650
5 3567 10498 9381 19651
5 9626 10399 5285 19652
5 4723 10380 8942 19653
5 8691 8928 4899 19654
5 3764 8513 8453 19655
5 3543 9889 8848 19656
5 3562 10317 9314 19657
5 3850 10559 8495 19658
5 8148 10584 3975 19659
5 3414 10268 7216 19660
5 8825 10506 3584 19661
5 5904 10590 1661 19662
5 2184 9538 8616 19663
5 10031 10032 2281 19664
5 3803 10100 9940 19665
5 8386 10072 4036 19666
5 7349 9318 3255 19667
5 7914 10138 2619 19668
5 9776 10098 1662 19669
5 2143 9987 8039 19670
5 9128 10257 1613 19671
5 2644 10457 10456 19672
5 10083 10585 4142 19673
5 8514 9016 4866 19674
5 8253 10540 1640 19675
5 3513 9763 8484 19676
5 1656 10615 9378 19677
5 8862 9111 4540 19678
5 2828 9983 9732 19679
5 9743 10148 1385 19680
5 10171 10489 6004 19681
5 4979 10585 10083 19682
5 2148 10019 8094 19683
5 4978 8828 8602 19684
5 9392 10596 3795 19685
5 9228 9229 4156 19686
5 3842 9836 9390 19687
5 8593 9389 2121 19688
5 9187 9917 5286 19689
5 9087 10173 3494 19690
5 3919 10629 8278 19691
5 3509 10256 8438 19692
5 7940 10510 4279 19693
5 4116 9999 8861 19694
5 9929 10483 4814 19695
5 1485 8986 8985 19696
5 9734 10191 3074 19697
5 3054 10623 9829 19698
5 4867 10273 9980 19699
5 5167 9466 3613 19700
5 6643 6907 4021 19701
5 8137 8335 1699 19702
5 4145 10434 9206 19703
5 3681 8038 7437 19704
5 9218 10526 4328 19705
5 8292 10376 3426 19706
5 9458 9914 2619 19707
5 4928 9101 8815 19708
5 2192 9756 9116 19709
5 9229 10156 4156 19710
5 9521 10276 3822 19711
5 8698 9750 1607 19712
5 10152 10488 4792 19713
5 7789 10548 1651 19714
5 3635 10226 9654 19715
5 3607 8991 8459 19716
5 3503 9674 8196 19717
5 9290 10009 5331 19718
5 2375 9619 9405 19719
5 7992 10603 4330 19720
5 2132 9704 8768 19721
5 8004 10619 4338 19722
5 9388 10244 1555 19723
5 10567 10568 3323 19724
5 4356 9817 9321 19725
5 4631 10379 10022 19726
5 4994 9836 6785 19727
5 4171 10159 8988 19728
5 4587 10618 9117 19729
5 2297 10418 9059 19730
5 5834 9740 8441 19731
5 4717 10483 9929 19732
5 7545 10534 3307 19733
5 4005 10571 9515 19734
5 9526 10437 2385 19735
5 4414 10260 9619 19736
5 4119 7344 5974 19737
5 6508 10134 4471 19738
5 5151 10580 10468 19739
5 4398 10424 7850 19740
5 4092 9415 8864 19741
5 9171 9829 1495 19742
5 9535 10586 2345 19743
5 9182 10607 2315 19744
5 5968 7344 4119 19745
5 9452 9560 1865 19746
5 9583 10099 1867 19747
5 4156 10611 9228 19748
5 4266 10448 9777 19749
5 8264 10153 2168 19750
5 9410 10254 2451 19751
5 7347 10132 5178 19752
5 8188 10411 4132 19753
5 5758 10543 10374 19754
5 2160 10211 8959 19755
5 7452 9674 3203 19756
5 4092 8864 6488 19757
5 3813 10073 9106 19758
5 9547 10316 2107 19759
5 3791 10421 8363 19760
5 9435 10325 3686 19761
5 8382 10372 2405 19762
5 8363 10421 3790 19763
5 5956 7309 3302 19764
5 8358 10229 2178 19765
5 3917 10623 8559 19766
5 5832 10631 10442 19767
5 4290 9554 9000 19768
5 3302 7309 5945 19769
5 9775 10307 4633 19770
5 6783 10497 4994 19771
5 8221 10413 3436 19772
5 7269 10547 9901 19773
5 10228 10245 4061 19774
5 9086 10361 2179 19775
5 8971 9393 3923 19776
5 3902 10562 9717 19777
5 6521 10489 2346 19778
5 2424 10517 10516 19779
5 8495 10559 1483 19780
5 4334 10121 9472 19781
5 8781 9945 4550 19782
5 1727 10596 9392 19783
5 5477 10459 10115 19784
5 3501 7566 7037 19785
5 8943 9601 1890 19786
5 8323 10460 4283 19787
5 4234 10573 8294 19788
5 4267 10507 8283 19789
5 4114 9793 9298 19790
5 9074 10379 2006 19791
5 9311 10095 3776 19792
5 4333 9586 7174 19793
5 8338 10537 4309 19794
5 9150 10060 2173 19795
5 9829 10623 3917 19796
5 8666 10514 2204 19797
5 9376 9408 5152 19798
5 8100 9826 4402 19799
5 3942 10062 9764 19800
5 6143 10610 9980 19801
5 8032 10259 2228 19802
5 7865 7866 3502 19803
5 3590 10344 8282 19804
5 4576 9849 9848 19805
5 1498 10453 9654 19806
5 9307 9838 4409 19807
5 5443 10438 9402 19808
5 10115 10459 1578 19809
5 2137 9505 8293 19810
5 10353 10354 4649 19811
5 4548 10234 9520 19812
5 4578 10319 9549 19813
5 4326 10488 10152 19814
5 4070 10531 9314 19815
5 4095 10183 8975 19816
5 9390 9836 2855 19817
5 9901 10547 3946 19818
5 4720 10263 10197 19819
5 2424 10516 10330 19820
5 1795 8896 8893 19821
5 8939 9997 1891 19822
5 7456 7965 3454 19823
5 3256 10440 8565 19824
5 1504 10568 10567 19825
5 8344 8939 1891 19826
5 4711 10032 10031 19827
5 8427 10317 3562 19828
5 4859 9596 9048 19829
5 9997 10222 2056 19830
5 7244 8038 3681 19831
5 3453 7593 6438 19832
5 9655 10128 2037 19833
5 2037 10128 6994 19834
5 10374 10543 1897 19835
5 2191 10086 8851 19836
5 10456 10457 4830 19837
5 10442 10631 1898 19838
5 6848 7593 3453 19839
5 1527 10252 8532 19840
5 9622 9623 3605 19841
5 7573 9609 3820 19842
5 3454 7965 6848 19843
5 3673 9623 9312 19844
5 2736 9048 5504 19845
5 3820 10277 7573 19846
5 7037 7865 3502 19847
5 7438 8397 3682 19848
5 3682 8397 7244 19849
5 5 3934 0 19850
5 7 3785 6 19851
5 9 3784 8 19852
5 10 7550 9 19853
5 12 7550 11 19854
5 684 9592 6315 19855
5 1363 5504 1362 19856
5 2056 2630 2057 19857
5 2736 3988 2515 19858
5 2736 5504 3988 19859
NPOIN= 10632
0.000000000000 -0.000000000000 0
100.250000000000 0.000000000000 1
0.250000000000 100.000000000000 2
-99.750000000000 0.000000000000 3
0.250000000000 -100.000000000000 4
0.000071062996 0.001497398399 5
0.000284218946 0.002981284638 6
0.000634430315 0.004438946018 7
0.001113381748 0.005859580821 8
0.001709378505 0.007235292384 9
0.002409590725 0.008561073560 10
0.003201022960 0.009834576500 11
0.004071473768 0.011055497679 12
0.005009994785 0.012224960293 13
0.006007008607 0.013345019663 14
0.007054313137 0.014418242915 15
0.008144983938 0.015447397504 16
0.009273148373 0.016435334264 17
0.010433892940 0.017384801913 18
0.011623083025 0.018298408071 19
0.012837205391 0.019178625607 20
0.014073327497 0.020027683551 21
0.015328911613 0.020847697478 22
0.016601835988 0.021640535425 23
0.017890240417 0.022407968643 24
0.019192559107 0.023151551420 25
0.020507402356 0.023872761687 26
0.021833594098 0.024572889600 27
0.023170076001 0.025253172794 28
0.024515948383 0.025914687162 29
0.025870393834 0.026558469169 30
0.027232708153 0.027185430674 31
0.028602255417 0.027796433408 32
0.029978470456 0.028392267783 33
0.031360855068 0.028973646724 34
0.032748948907 0.029541261057 35
0.034142352764 0.030095713824 36
0.035540695175 0.030637592215 37
0.036943643300 0.031167433197 38
0.038350899497 0.031685724693 39
0.039762183533 0.032192946985 40
0.041177248587 0.032689524111 41
0.042595865763 0.033175861539 42
0.044017821368 0.033652350508 43
0.045442926426 0.034119336264 44
0.046871002110 0.034577157810 45
0.048301882601 0.035026136929 46
0.049735419679 0.035466560763 47
0.051171471848 0.035898713891 48
0.052609907771 0.036322865542 49
0.054050609250 0.036739257353 50
0.055493463023 0.037148129247 51
0.056938363053 0.037549710394 52
0.058385213721 0.037944206195 53
0.059833923402 0.038331819828 54
0.061284405113 0.038712749062 55
0.062736580348 0.039087170721 56
0.064190374279 0.039455257548 57
0.065645714914 0.039817180909 58
0.067102536575 0.040173096196 59
0.068560777576 0.040523151046 60
0.070020378133 0.040867493288 61
0.071481282303 0.041206262377 62
0.072943438616 0.041539585847 63
0.074406797284 0.041867590660 64
0.075871310406 0.042190402013 65
0.077336934070 0.042508133384 66
0.078803626516 0.042820894205 67
0.080271347132 0.043128794096 68
0.081740057506 0.043431937741 69
0.083209722148 0.043730420824 70
0.084680306702 0.044024338272 71
0.086151777799 0.044313784768 72
0.087624104283 0.044598848358 73
0.089097256862 0.044879611735 74
0.090571207016 0.045156157580 75
0.092045927110 0.045428567851 76
0.093521391456 0.045696917858 77
0.094997575581 0.045961279819 78
0.096474455616 0.046221726040 79
0.097952008458 0.046478327892 80
0.099430212606 0.046731150846 81
0.100909047442 0.046980258305 82
0.102388492833 0.047225713753 83
0.103868529269 0.047467579876 84
0.105349138533 0.047705914338 85
0.106830303122 0.047940773030 86
0.108312005936 0.048172211907 87
0.109794230347 0.048400286464 88
0.111276960745 0.048625048117 89
0.112760182171 0.048846546350 90
0.114243879999 0.049064830687 91
0.115728039957 0.049279950513 92
0.117212648527 0.049491952250 93
0.118697692830 0.049700879917 94
0.120183160297 0.049906777503 95
0.121669038602 0.050109689010 96
0.123155315934 0.050309656818 97
0.124641981125 0.050506720410 98
0.126129023284 0.050700919005 99
0.127616431746 0.050892291853 100
0.129104196135 0.051080877719 101
0.130592306654 0.051266712616 102
0.132080753819 0.051449831648 103
0.133569528344 0.051630269941 104
0.135058621138 0.051808062599 105
0.136548023485 0.051983243179 106
0.138037727075 0.052155843318 107
0.139527723788 0.052325894554 108
0.141018005652 0.052493428441 109
0.142508564899 0.052658476230 110
0.143999394148 0.052821067134 111
0.145490486251 0.052981229578 112
0.146981834200 0.053138991999 113
0.148473431122 0.053294382846 114
0.149965270364 0.053447429820 115
0.151457345582 0.053598158866 116
0.152949650591 0.053746595692 117
0.154442179308 0.053892766016 118
0.155934925782 0.054036695535 119
0.157427884279 0.054178408894 120
0.158921049294 0.054317929484 121
0.160414415435 0.054455280636 122
0.161907977410 0.054590485690 123
0.163401730035 0.054723567918 124
0.164895668330 0.054854549448 125
0.166389787486 0.054983451525 126
0.167884082788 0.055110295380 127
0.169378549603 0.055235102251 128
0.170873183399 0.055357893284 129
0.172367979817 0.055478688550 130
0.173862934632 0.055597507439 131
0.175358043707 0.055714369339 132
0.176853302967 0.055829293645 133
0.178348708427 0.055942299670 134
0.179844256251 0.056053405775 135
0.181339942714 0.056162629710 136
0.182835764164 0.056269989219 137
0.184331717011 0.056375502055 138
0.185827797736 0.056479185921 139
0.187324002942 0.056581057748 140
0.188820329332 0.056681133837 141
0.190316773674 0.056779430478 142
0.191813332791 0.056875963965 143
0.193310003565 0.056970750578 144
0.194806782971 0.057063806047 145
0.196303668081 0.057155145413 146
0.197800656024 0.057244783679 147
0.199297743979 0.057332735848 148
0.200794929172 0.057419016926 149
0.202292208903 0.057503641613 150
0.203789580561 0.057586623855 151
0.205287041588 0.057667977487 152
0.206784589470 0.057747716350 153
0.208282221739 0.057825854284 154
0.209779935975 0.057902405028 155
0.211277729839 0.057977381649 156
0.212775601045 0.058050796956 157
0.214273547347 0.058122663757 158
0.215771566540 0.058192994865 159
0.217269656457 0.058261803076 160
0.218767814989 0.058329100767 161
0.220266040091 0.058394899839 162
0.221764329750 0.058459212165 163
0.223262681990 0.058522049622 164
0.224761094870 0.058583424087 165
0.226259566489 0.058643347305 166
0.227758095002 0.058701830459 167
0.229256678606 0.058758884585 168
0.230755315525 0.058814520719 169
0.232254004016 0.058868749900 170
0.233752742368 0.058921583156 171
0.235251528910 0.058973031179 172
0.236750362018 0.059023104273 173
0.238249240097 0.059071812720 174
0.239748161576 0.059119166805 175
0.241247124915 0.059165176813 176
0.242746128602 0.059209852960 177
0.244245171167 0.059253205022 178
0.245744251170 0.059295242592 179
0.247243367200 0.059335975266 180
0.248742517864 0.059375412639 181
0.250241701801 0.059413564307 182
0.251740917672 0.059450439704 183
0.253240164178 0.059486047861 184
0.254739440041 0.059520397750 185
0.256238744007 0.059553498341 186
0.257738074843 0.059585358607 187
0.259237431340 0.059615987513 188
0.260736812314 0.059645393781 189
0.262236216611 0.059673585837 190
0.263735643095 0.059700572088 191
0.265235090653 0.059726360943 192
0.266734558189 0.059750960811 193
0.268234044628 0.059774380078 194
0.269733548921 0.059796626846 195
0.271233070041 0.059817709004 196
0.272732606978 0.059837634438 197
0.274232158743 0.059856411035 198
0.275731724369 0.059874046682 199
0.277231302882 0.059890549230 200
0.278730893350 0.059905926241 201
0.280230494876 0.059920185130 202
0.281730106554 0.059933333312 203
0.283229727500 0.059945378202 204
0.284729356850 0.059956327217 205
0.286228993748 0.059966187726 206
0.287728637368 0.059974966821 207
0.289228286894 0.059982671479 208
0.290727941526 0.059989308677 209
0.292227600477 0.059994885394 210
0.293727262976 0.059999408607 211
0.295226928265 0.060002885251 212
0.296726595605 0.060005322001 213
0.298226264269 0.060006725436 214
0.299725933543 0.060007102136 215
0.301225602727 0.060006458680 216
0.302725271135 0.060004801648 217
0.304224938089 0.060002137583 218
0.305724602933 0.059998472789 219
0.307224265018 0.059993813474 220
0.308723923707 0.059988165847 221
0.310223578376 0.059981536116 222
0.311723228415 0.059973930490 223
0.313222873221 0.059965355152 224
0.314722512206 0.059955816075 225
0.316222144794 0.059945319128 226
0.317721770416 0.059933870180 227
0.319221388517 0.059921475097 228
0.320720998552 0.059908139747 229
0.322220599986 0.059893869983 230
0.323720192295 0.059878671486 231
0.325219774963 0.059862549807 232
0.326719347486 0.059845510497 233
0.328218909369 0.059827559107 234
0.329718460125 0.059808701186 235
0.331217999281 0.059788942279 236
0.332717526368 0.059768287803 237
0.334217040928 0.059746743021 238
0.335716542511 0.059724313192 239
0.337216030676 0.059701003574 240
0.338715504992 0.059676819425 241
0.340214965037 0.059651766002 242
0.341714410394 0.059625848477 243
0.343213840655 0.059599071851 244
0.344713255421 0.059571441107 245
0.346212654300 0.059542961224 246
0.347712036907 0.059513637182 247
0.349211402867 0.059483473963 248
0.350710751812 0.059452476508 249
0.352210083380 0.059420649592 250
0.353709397213 0.059387997943 251
0.355208692966 0.059354526290 252
0.356707970296 0.059320239362 253
0.358207228872 0.059285141888 254
0.359706468364 0.059249238583 255
0.361205688455 0.059212534024 256
0.362704888826 0.059175032698 257
0.364204069171 0.059136739090 258
0.365703229188 0.059097657686 259
0.367202368598 0.059057792969 260
0.368701487078 0.059017149424 261
0.370200584341 0.058975731454 262
0.371699660120 0.058933543334 263
0.373198714152 0.058890589327 264
0.374697746200 0.058846873697 265
0.376196755984 0.058802400708 266
0.377695743226 0.058757174625 267
0.379194707665 0.058711199680 268
0.380693649065 0.058664479965 269
0.382192567202 0.058617019531 270
0.383691461846 0.058568822429 271
0.385190332754 0.058519892709 272
0.386689179701 0.058470234424 273
0.388188002469 0.058419851616 274
0.389686800841 0.058368748233 275
0.391185574604 0.058316928129 276
0.392684323551 0.058264395158 277
0.394183047478 0.058211153172 278
0.395681746188 0.058157206026 279
0.397180419490 0.058102557571 280
0.398679067195 0.058047211617 281
0.400177689117 0.057991171852 282
0.401676285072 0.057934441942 283
0.403174854883 0.057877025552 284
0.404673398378 0.057818926347 285
0.406171915388 0.057760147994 286
0.407670405749 0.057700694148 287
0.409168869299 0.057640568368 288
0.410667305878 0.057579774142 289
0.412165715332 0.057518314960 290
0.413664097510 0.057456194309 291
0.415162452264 0.057393415677 292
0.416660779453 0.057329982552 293
0.418159078936 0.057265898378 294
0.419657350575 0.057201166491 295
0.421155594236 0.057135790211 296
0.422653809786 0.057069772858 297
0.424151997099 0.057003117749 298
0.425650156051 0.056935828205 299
0.427148286523 0.056867907537 300
0.428646388394 0.056799358968 301
0.430144461550 0.056730185661 302
0.431642505876 0.056660390776 303
0.433140521262 0.056589977477 304
0.434638507602 0.056518948923 305
0.436136464793 0.056447308275 306
0.437634392736 0.056375058660 307
0.439132291329 0.056302203102 308
0.440630160475 0.056228744609 309
0.442128000079 0.056154686189 310
0.443625810051 0.056080030850 311
0.445123590303 0.056004781598 312
0.446621340750 0.055928941436 313
0.448119061307 0.055852513293 314
0.449616751892 0.055775500036 315
0.451114412424 0.055697904530 316
0.452612042825 0.055619729639 317
0.454109643022 0.055540978228 318
0.455607212943 0.055461653160 319
0.457104752518 0.055381757278 320
0.458602261678 0.055301293330 321
0.460099740355 0.055220264044 322
0.461597188483 0.055138672148 323
0.463094606000 0.055056520367 324
0.464591992846 0.054973811428 325
0.466089348964 0.054890548057 326
0.467586674298 0.054806732920 327
0.469083968791 0.054722368614 328
0.470581232387 0.054637457731 329
0.472078465035 0.054552002862 330
0.473575666685 0.054466006600 331
0.475072837290 0.054379471536 332
0.476569976805 0.054292400251 333
0.478067085183 0.054204795245 334
0.479564162380 0.054116658990 335
0.481061208354 0.054027993954 336
0.482558223064 0.053938802609 337
0.484055206472 0.053849087423 338
0.485552158543 0.053758850867 339
0.487049079241 0.053668095371 340
0.488545968530 0.053576823289 341
0.490042826375 0.053485036967 342
0.491539652743 0.053392738748 343
0.493036447604 0.053299930978 344
0.494533210932 0.053206616003 345
0.496029942697 0.053112796161 346
0.497526642871 0.053018473727 347
0.499023311431 0.052923650935 348
0.500519948348 0.052828330016 349
0.502016553602 0.052732513199 350
0.503513127169 0.052636202718 351
0.505009669026 0.052539400801 352
0.506506179157 0.052442109660 353
0.508002657539 0.052344331427 354
0.509499104154 0.052246068221 355
0.510995518988 0.052147322159 356
0.512491902022 0.052048095358 357
0.513988253243 0.051948389938 358
0.515484572634 0.051848208012 359
0.516980860185 0.051747551650 360
0.518477115881 0.051646422867 361
0.519973339709 0.051544823673 362
0.521469531659 0.051442756081 363
0.522965691719 0.051340222101 364
0.524461819882 0.051237223744 365
0.525957916142 0.051133763011 366
0.527453980489 0.051029841835 367
0.528950012914 0.050925462122 368
0.530446013410 0.050820625778 369
0.531941981971 0.050715334711 370
0.533437918593 0.050609590826 371
0.534933823271 0.050503396029 372
0.536429696005 0.050396752193 373
0.537925536787 0.050289661133 374
0.539421345614 0.050182124654 375
0.540917122484 0.050074144563 376
0.542412867394 0.049965722666 377
0.543908580345 0.049856860768 378
0.545404261338 0.049747560670 379
0.546899910372 0.049637824119 380
0.548395527445 0.049527652825 381
0.549891112557 0.049417048496 382
0.551386665708 0.049306012844 383
0.552882186902 0.049194547578 384
0.554377676141 0.049082654406 385
0.555873133429 0.048970335018 386
0.557368558765 0.048857591040 387
0.558863952153 0.048744424088 388
0.560359313595 0.048630835778 389
0.561854643094 0.048516827724 390
0.563349940654 0.048402401541 391
0.564845206283 0.048287558843 392
0.566340439983 0.048172301196 393
0.567835641759 0.048056630126 394
0.569330811612 0.047940547156 395
0.570825949547 0.047824053809 396
0.572321055571 0.047707151610 397
0.573816129690 0.047589842082 398
0.575311171911 0.047472126733 399
0.576806182238 0.047354007018 400
0.578301160676 0.047235484374 401
0.579796107229 0.047116560239 402
0.581291021904 0.046997236051 403
0.582785904708 0.046877513248 404
0.584280755649 0.046757393267 405
0.585775574734 0.046636877502 406
0.587270361967 0.046515967308 407
0.588765117352 0.046394664032 408
0.590259840896 0.046272969025 409
0.591754532605 0.046150883636 410
0.593249192487 0.046028409215 411
0.594743820551 0.045905547099 412
0.596238416800 0.045782298571 413
0.597732981239 0.045658664900 414
0.599227513873 0.045534647353 415
0.600722014710 0.045410247199 416
0.602216483755 0.045285465706 417
0.603710921017 0.045160304140 418
0.605205326502 0.045034763729 419
0.606699700212 0.044908845662 420
0.608194042154 0.044782551125 421
0.609688352330 0.044655881305 422
0.611182630749 0.044528837389 423
0.612676877416 0.044401420562 424
0.614171092337 0.044273631997 425
0.615665275516 0.044145472815 426
0.617159426955 0.044016944127 427
0.618653546659 0.043888047043 428
0.620147634632 0.043758782672 429
0.621641690882 0.043629152124 430
0.623135715409 0.043499156506 431
0.624629708217 0.043368796882 432
0.626123669308 0.043238074282 433
0.627617598684 0.043106989738 434
0.629111496352 0.042975544278 435
0.630605362313 0.042843738933 436
0.632099196566 0.042711574733 437
0.633592999114 0.042579052688 438
0.635086769956 0.042446173762 439
0.636580509096 0.042312938914 440
0.638074216535 0.042179349104 441
0.639567892271 0.042045405290 442
0.641061536307 0.041911108431 443
0.642555148642 0.041776459479 444
0.644048729276 0.041641459337 445
0.645542278206 0.041506108889 446
0.647035795429 0.041370409020 447
0.648529280943 0.041234360614 448
0.650022734747 0.041097964556 449
0.651516156840 0.040961221726 450
0.653009547220 0.040824132975 451
0.654502905880 0.040686699117 452
0.655996232814 0.040548920968 453
0.657489528018 0.040410799341 454
0.658982791488 0.040272335051 455
0.660476023220 0.040133528913 456
0.661969223210 0.039994381719 457
0.663462391447 0.039854894219 458
0.664955527924 0.039715067159 459
0.666448632633 0.039574901284 460
0.667941705568 0.039434397339 461
0.669434746723 0.039293556067 462
0.670927756087 0.039152378204 463
0.672420733648 0.039010864438 464
0.673913679397 0.038869015448 465
0.675406593321 0.038726831909 466
0.676899475414 0.038584314499 467
0.678392325661 0.038441463896 468
0.679885144049 0.038298280771 469
0.681377930567 0.038154765756 470
0.682870685198 0.038010919465 471
0.684363407930 0.037866742509 472
0.685856098749 0.037722235502 473
0.687348757638 0.037577399057 474
0.688841384582 0.037432233784 475
0.690333979564 0.037286740257 476
0.691826542566 0.037140919023 477
0.693319073572 0.036994770631 478
0.694811572560 0.036848295628 479
0.696304039511 0.036701494562 480
0.697796474407 0.036554367978 481
0.699288877227 0.036406916393 482
0.700781247951 0.036259140293 483
0.702273586554 0.036111040163 484
0.703765893013 0.035962616489 485
0.705258167305 0.035813869756 486
0.706750409407 0.035664800449 487
0.708242619296 0.035515409023 488
0.709734796945 0.035365695903 489
0.711226942324 0.035215661509 490
0.712719055407 0.035065306265 491
0.714211136167 0.034914630591 492
0.715703184576 0.034763634910 493
0.717195200608 0.034612319616 494
0.718687184228 0.034460685079 495
0.720179135405 0.034308731663 496
0.721671054107 0.034156459735 497
0.723162940303 0.034003869660 498
0.724654793961 0.033850961805 499
0.726146615048 0.033697736503 500
0.727638403526 0.033544194059 501
0.729130159360 0.033390334777 502
0.730621882512 0.033236158962 503
0.732113572949 0.033081666915 504
0.733605230634 0.032926858940 505
0.735096855524 0.032771735308 506
0.736588447579 0.032616296270 507
0.738080006757 0.032460542073 508
0.739571533018 0.032304472969 509
0.741063026319 0.032148089205 510
0.742554486620 0.031991391027 511
0.744045913875 0.031834378642 512
0.745537308038 0.031677052244 513
0.747028669063 0.031519412021 514
0.748519996905 0.031361458166 515
0.750011291516 0.031203190870 516
0.751502552847 0.031044610314 517
0.752993780849 0.030885716648 518
0.754484975469 0.030726510010 519
0.755976136658 0.030566990540 520
0.757467264363 0.030407158378 521
0.758958358533 0.030247013662 522
0.760449419113 0.030086556513 523
0.761940446047 0.029925787012 524
0.763431439278 0.029764705243 525
0.764922398749 0.029603311285 526
0.766413324401 0.029441605220 527
0.767904216178 0.029279587127 528
0.769395074018 0.029117257058 529
0.770885897859 0.028954615050 530
0.772376687642 0.028791661139 531
0.773867443303 0.028628395361 532
0.775358164778 0.028464817754 533
0.776848852006 0.028300928339 534
0.778339504918 0.028136727102 535
0.779830123447 0.027972214019 536
0.781320707524 0.027807389068 537
0.782811257080 0.027642252224 538
0.784301772045 0.027476803465 539
0.785792252349 0.027311042743 540
0.787282697917 0.027144969990 541
0.788773108677 0.026978585143 542
0.790263484555 0.026811888134 543
0.791753825477 0.026644878897 544
0.793244131367 0.026477557353 545
0.794734402149 0.026309923390 546
0.796224637744 0.026141976890 547
0.797714838071 0.025973717739 548
0.799205003049 0.025805145819 549
0.800695132598 0.025636261009 550
0.802185226635 0.025467063154 551
0.803675285073 0.025297552086 552
0.805165307827 0.025127727637 553
0.806655294810 0.024957589639 554
0.808145245937 0.024787137921 555
0.809635161118 0.024616372296 556
0.811125040266 0.024445292557 557
0.812614883288 0.024273898498 558
0.814104690094 0.024102189915 559
0.815594460590 0.023930166599 560
0.817084194684 0.023757828322 561
0.818573892279 0.023585174825 562
0.820063553274 0.023412205845 563
0.821553177574 0.023238921119 564
0.823042765078 0.023065320386 565
0.824532315688 0.022891403373 566
0.826021829302 0.022717169789 567
0.827511305819 0.022542619341 568
0.829000745135 0.022367751735 569
0.830490147146 0.022192566680 570
0.831979511748 0.022017063864 571
0.833468838829 0.021841242942 572
0.834958128281 0.021665103563 573
0.836447379992 0.021488645377 574
0.837936593851 0.021311868034 575
0.839425769748 0.021134771172 576
0.840914907566 0.020957354412 577
0.842404007191 0.020779617374 578
0.843893068509 0.020601559675 579
0.845382091403 0.020423180935 580
0.846871075753 0.020244480753 581
0.848360021440 0.020065458702 582
0.849848928339 0.019886114359 583
0.851337796332 0.019706447296 584
0.852826625294 0.019526457086 585
0.854315415098 0.019346143275 586
0.855804165617 0.019165505394 587
0.857292876721 0.018984542975 588
0.858781548283 0.018803255547 589
0.860270180173 0.018621642637 590
0.861758772258 0.018439703750 591
0.863247324402 0.018257438386 592
0.864735836474 0.018074846046 593
0.866224308338 0.017891926231 594
0.867712739859 0.017708678419 595
0.869201130894 0.017525102066 596
0.870689481303 0.017341196628 597
0.872177790944 0.017156961559 598
0.873666059675 0.016972396308 599
0.875154287353 0.016787500301 600
0.876642473827 0.016602272959 601
0.878130618952 0.016416713701 602
0.879618722579 0.016230821947 603
0.881106784558 0.016044597100 604
0.882594804740 0.015858038554 605
0.884082782970 0.015671145701 606
0.885570719095 0.015483917933 607
0.887058612961 0.015296354627 608
0.888546464408 0.015108455130 609
0.890034273277 0.014920218788 610
0.891522039407 0.014731644946 611
0.893009762637 0.014542732946 612
0.894497442802 0.014353482114 613
0.895985079737 0.014163891775 614
0.897472673278 0.013973961253 615
0.898960223262 0.013783689865 616
0.900447729513 0.013593076896 617
0.901935191860 0.013402121622 618
0.903422610129 0.013210823323 619
0.904909984148 0.013019181272 620
0.906397313741 0.012827194736 621
0.907884598732 0.012634862978 622
0.909371838943 0.012442185261 623
0.910859034197 0.012249160836 624
0.912346184309 0.012055788930 625
0.913833289095 0.011862068760 626
0.915320348371 0.011667999548 627
0.916807361950 0.011473580501 628
0.918294329643 0.011278810813 629
0.919781251258 0.011083689678 630
0.921268126607 0.010888216286 631
0.922754955496 0.010692389817 632
0.924241737730 0.010496209441 633
0.925728473113 0.010299674331 634
0.927215161449 0.010102783651 635
0.928701802537 0.009905536544 636
0.930188396179 0.009707932155 637
0.931674942172 0.009509969622 638
0.933161440307 0.009311648060 639
0.934647890378 0.009112966568 640
0.936134292174 0.008913924248 641
0.937620645489 0.008714520202 642
0.939106950111 0.008514753536 643
0.940593205830 0.008314623357 644
0.942079412432 0.008114128754 645
0.943565569697 0.007913268786 646
0.945051677409 0.007712042507 647
0.946537735347 0.007510448965 648
0.948023743287 0.007308487201 649
0.949509701003 0.007106156248 650
0.950995608271 0.006903455144 651
0.952481464865 0.006700382926 652
0.953967270562 0.006496938629 653
0.955453025131 0.006293121274 654
0.956938728335 0.006088929849 655
0.958424379939 0.005884363339 656
0.959909979707 0.005679420726 657
0.961395527402 0.005474100989 658
0.962881022785 0.005268403103 659
0.964366465612 0.005062326036 660
0.965851855640 0.004855868750 661
0.967337192625 0.004649030201 662
0.968822476321 0.004441809334 663
0.970307706479 0.004234205084 664
0.971792882843 0.004026216348 665
0.973278005158 0.003817842025 666
0.974763073175 0.003609081073 667
0.976248086643 0.003399932467 668
0.977733045303 0.003190395066 669
0.979217948882 0.002980467673 670
0.980702797120 0.002770149199 671
0.982187589762 0.002559438608 672
0.983672326539 0.002348334731 673
0.985157007175 0.002136836357 674
0.986641631394 0.001924942343 675
0.988126198960 0.001712651781 676
0.989610709615 0.001499963556 677
0.991095162799 0.001286874657 678
0.992579559067 0.001073389612 679
0.994063896250 0.000859494149 680
0.995548179253 0.000645223069 681
0.997032385755 0.000430422816 682
0.998516539140 0.000215258659 683
0.999999999656 0.000000021015 684
0.998516580729 -0.000215252536 685
0.997032427359 -0.000430416789 686
0.995548220860 -0.000645217058 687
0.994063937858 -0.000859488147 688
0.992579600677 -0.001073383622 689
0.991095204410 -0.001286868679 690
0.989610751228 -0.001499957588 691
0.988126240574 -0.001712645825 692
0.986641673009 -0.001924936398 693
0.985157048792 -0.002136830423 694
0.983672368158 -0.002348328807 695
0.982187631382 -0.002559432696 696
0.980702838743 -0.002770143298 697
0.979217990506 -0.002980461783 698
0.977733086929 -0.003190389187 699
0.976248128270 -0.003399926598 700
0.974763114803 -0.003609075215 701
0.973278046788 -0.003817836178 702
0.971792924474 -0.004026210513 703
0.970307748112 -0.004234199259 704
0.968822517955 -0.004441803520 705
0.967337234261 -0.004649024397 706
0.965851897278 -0.004855862957 707
0.964366507251 -0.005062320254 708
0.962881064425 -0.005268397332 709
0.961395569044 -0.005474095228 710
0.959910021350 -0.005679414976 711
0.958424421584 -0.005884357599 712
0.956938769981 -0.006088924120 713
0.955453066779 -0.006293115555 714
0.953967312212 -0.006496932921 715
0.952481506516 -0.006700377228 716
0.950995649923 -0.006903449457 717
0.949509742657 -0.007106150571 718
0.948023784942 -0.007308481534 719
0.946537777004 -0.007510443309 720
0.945051719066 -0.007712036861 721
0.943565611356 -0.007913263150 722
0.942079454092 -0.008114123129 723
0.940593247492 -0.008314617742 724
0.939106991775 -0.008514747932 725
0.937620687153 -0.008714514607 726
0.936134333840 -0.008913918663 727
0.934647932045 -0.009112960994 728
0.933161481976 -0.009311642496 729
0.931674983842 -0.009509964068 730
0.930188437850 -0.009707926611 731
0.928701844210 -0.009905531010 732
0.927215203123 -0.010102778127 733
0.925728514789 -0.010299668817 734
0.924241779407 -0.010496203937 735
0.922754997174 -0.010692384322 736
0.921268168286 -0.010888210802 737
0.919781292939 -0.011083684203 738
0.918294371325 -0.011278805348 739
0.916807403633 -0.011473575046 740
0.915320390056 -0.011667994103 741
0.913833330781 -0.011862063325 742
0.912346225996 -0.012055783504 743
0.910859075885 -0.012249155421 744
0.909371880633 -0.012442179855 745
0.907884640423 -0.012634857581 746
0.906397355433 -0.012827189350 747
0.904910025841 -0.013019175896 748
0.903422651824 -0.013210817956 749
0.901935233555 -0.013402116265 750
0.900447771210 -0.013593071548 751
0.898960264960 -0.013783684527 752
0.897472714978 -0.013973955924 753
0.895985121438 -0.014163886455 754
0.894497484503 -0.014353476804 755
0.893009804340 -0.014542727646 756
0.891522081111 -0.014731639655 757
0.890034314982 -0.014920213506 758
0.888546506115 -0.015108449858 759
0.887058654669 -0.015296349364 760
0.885570760804 -0.015483912680 761
0.884082824680 -0.015671140457 762
0.882594846451 -0.015858033320 763
0.881106826271 -0.016044591875 764
0.879618764292 -0.016230816731 765
0.878130660666 -0.016416708495 766
0.876642515543 -0.016602267762 767
0.875154329070 -0.016787495114 768
0.873666101394 -0.016972391130 769
0.872177832663 -0.017156956390 770
0.870689523024 -0.017341191469 771
0.869201172616 -0.017525096916 772
0.867712781582 -0.017708673277 773
0.866224350062 -0.017891921098 774
0.864735878199 -0.018074840923 775
0.863247366129 -0.018257433272 776
0.861758813985 -0.018439698645 777
0.860270221902 -0.018621637541 778
0.858781590013 -0.018803250461 779
0.857292918452 -0.018984537897 780
0.855804207349 -0.019165500326 781
0.854315456831 -0.019346138216 782
0.852826667028 -0.019526452036 783
0.851337838067 -0.019706442255 784
0.849848970075 -0.019886109327 785
0.848360063177 -0.020065453679 786
0.846871117492 -0.020244475739 787
0.845382133142 -0.020423175931 788
0.843893110250 -0.020601554679 789
0.842404048933 -0.020779612387 790
0.840914949309 -0.020957349434 791
0.839425811492 -0.021134766203 792
0.837936635596 -0.021311863074 793
0.836447421738 -0.021488640426 794
0.834958170028 -0.021665098621 795
0.833468880577 -0.021841238009 796
0.831979553497 -0.022017058940 797
0.830490188897 -0.022192561765 798
0.829000786886 -0.022367746829 799
0.827511347572 -0.022542614443 800
0.826021871055 -0.022717164900 801
0.824532357443 -0.022891398493 802
0.823042806833 -0.023065315516 803
0.821553219330 -0.023238916258 804
0.820063595032 -0.023412200992 805
0.818573934037 -0.023585169981 806
0.817084236444 -0.023757823487 807
0.815594502351 -0.023930161772 808
0.814104731855 -0.024102185097 809
0.812614925051 -0.024273893690 810
0.811125082029 -0.024445287757 811
0.809635202883 -0.024616367505 812
0.808145287702 -0.024787133139 813
0.806655336576 -0.024957584865 814
0.805165349594 -0.025127722873 815
0.803675326842 -0.025297547330 816
0.802185268405 -0.025467058407 817
0.800695174369 -0.025636256270 818
0.799205044820 -0.025805141089 819
0.797714879843 -0.025973713018 820
0.796224679518 -0.026141972178 821
0.794734443923 -0.026309918686 822
0.793244173143 -0.026477552658 823
0.791753867253 -0.026644874211 824
0.790263526332 -0.026811883457 825
0.788773150456 -0.026978580474 826
0.787282739697 -0.027144965331 827
0.785792294129 -0.027311038092 828
0.784301813827 -0.027476798823 829
0.782811298862 -0.027642247591 830
0.781320749308 -0.027807384443 831
0.779830165231 -0.027972209403 832
0.778339546703 -0.028136722495 833
0.776848893792 -0.028300923741 834
0.775358206565 -0.028464813164 835
0.773867485091 -0.028628390780 836
0.772376729431 -0.028791656566 837
0.770885939649 -0.028954610486 838
0.769395115809 -0.029117252503 839
0.767904257970 -0.029279582581 840
0.766413366194 -0.029441600683 841
0.764922440543 -0.029603306757 842
0.763431481073 -0.029764700723 843
0.761940487843 -0.029925782501 844
0.760449460910 -0.030086552010 845
0.758958400331 -0.030247009169 846
0.757467306162 -0.030407153893 847
0.755976178458 -0.030566986064 848
0.754485017270 -0.030726505543 849
0.752993822650 -0.030885712190 850
0.751502594650 -0.031044605865 851
0.750011333319 -0.031203186429 852
0.748520038709 -0.031361453734 853
0.747028710868 -0.031519407598 854
0.745537349844 -0.031677047829 855
0.744045955682 -0.031834374237 856
0.742554528428 -0.031991386630 857
0.741063068128 -0.032148084817 858
0.739571574828 -0.032304468589 859
0.738080048568 -0.032460537703 860
0.736588489390 -0.032616291908 861
0.735096897336 -0.032771730956 862
0.733605272447 -0.032926854596 863
0.732113614763 -0.033081662580 864
0.730621924327 -0.033236154635 865
0.729130201176 -0.033390330460 866
0.727638445343 -0.033544189750 867
0.726146656866 -0.033697732203 868
0.724654835780 -0.033850957514 869
0.723162982123 -0.034003865379 870
0.721671095928 -0.034156455462 871
0.720179177226 -0.034308727399 872
0.718687226050 -0.034460680823 873
0.717195242431 -0.034612315370 874
0.715703226400 -0.034763630673 875
0.714211177992 -0.034914626363 876
0.712719097234 -0.035065302045 877
0.711226984152 -0.035215657299 878
0.709734838773 -0.035365691701 879
0.708242661125 -0.035515404831 880
0.706750451237 -0.035664796266 881
0.705258209136 -0.035813865582 882
0.703765934845 -0.035962612324 883
0.702273628387 -0.036111036007 884
0.700781289785 -0.036259136146 885
0.699288919062 -0.036406912255 886
0.697796516243 -0.036554363849 887
0.696304081348 -0.036701490442 888
0.694811614397 -0.036848291518 889
0.693319115410 -0.036994766530 890
0.691826584405 -0.037140914931 891
0.690334021404 -0.037286736174 892
0.688841426423 -0.037432229710 893
0.687348799480 -0.037577394993 894
0.685856140592 -0.037722231447 895
0.684363449774 -0.037866738463 896
0.682870727042 -0.038010915428 897
0.681377972412 -0.038154761728 898
0.679885185895 -0.038298276752 899
0.678392367507 -0.038441459887 900
0.676899517262 -0.038584310499 901
0.675406635170 -0.038726827919 902
0.673913721246 -0.038869011467 903
0.672420775499 -0.039010860467 904
0.670927797938 -0.039152374242 905
0.669434788575 -0.039293552114 906
0.667941747421 -0.039434393395 907
0.666448674487 -0.039574897350 908
0.664955569779 -0.039715063235 909
0.663462433303 -0.039854890304 910
0.661969265066 -0.039994377813 911
0.660476065078 -0.040133525017 912
0.658982833346 -0.040272331165 913
0.657489569878 -0.040410795464 914
0.655996274674 -0.040548917101 915
0.654502947741 -0.040686695260 916
0.653009589082 -0.040824129127 917
0.651516198703 -0.040961217888 918
0.650022776611 -0.041097960727 919
0.648529322808 -0.041234356796 920
0.647035837294 -0.041370405212 921
0.645542320072 -0.041506105090 922
0.644048771143 -0.041641455547 923
0.642555190510 -0.041776455699 924
0.641061578176 -0.041911104661 925
0.639567934141 -0.042045401530 926
0.638074258406 -0.042179345354 927
0.636580550968 -0.042312935174 928
0.635086811829 -0.042446170032 929
0.633593040987 -0.042579048968 930
0.632099238441 -0.042711571023 931
0.630605404188 -0.042843735234 932
0.629111538228 -0.042975540589 933
0.627617640561 -0.043106986058 934
0.626123711186 -0.043238070613 935
0.624629750096 -0.043368793222 936
0.623135757289 -0.043499152857 937
0.621641732763 -0.043629148485 938
0.620147676514 -0.043758779043 939
0.618653588542 -0.043888043425 940
0.617159468839 -0.044016940519 941
0.615665317400 -0.044145469217 942
0.614171134222 -0.044273628409 943
0.612676919302 -0.044401416985 944
0.611182672636 -0.044528833822 945
0.609688394218 -0.044655877749 946
0.608194084042 -0.044782547580 947
0.606699742102 -0.044908842127 948
0.605205368392 -0.045034760205 949
0.603710962908 -0.045160300626 950
0.602216525647 -0.045285462203 951
0.600722056603 -0.045410243707 952
0.599227555767 -0.045534643872 953
0.597733023134 -0.045658661429 954
0.596238458695 -0.045782295111 955
0.594743862447 -0.045905543649 956
0.593249234385 -0.046028405776 957
0.591754574504 -0.046150880208 958
0.590259882795 -0.046272965608 959
0.588765159253 -0.046394660626 960
0.587270403868 -0.046515963913 961
0.585775616636 -0.046636874119 962
0.584280797552 -0.046757389894 963
0.582785946612 -0.046877509886 964
0.581291063809 -0.046997232700 965
0.579796149135 -0.047116556899 966
0.578301202582 -0.047235481046 967
0.576806224146 -0.047354003701 968
0.575311213820 -0.047472123428 969
0.573816171600 -0.047589838787 970
0.572321097481 -0.047707148327 971
0.570825991458 -0.047824050538 972
0.569330853524 -0.047940543896 973
0.567835683671 -0.048056626878 974
0.566340481897 -0.048172297960 975
0.564845248197 -0.048287555618 976
0.563349982570 -0.048402398328 977
0.561854685010 -0.048516824522 978
0.560359355512 -0.048630832588 979
0.558863994072 -0.048744420910 980
0.557368600684 -0.048857587874 981
0.555873175349 -0.048970331863 982
0.554377718062 -0.049082651263 983
0.552882228824 -0.049194544447 984
0.551386707631 -0.049306009726 985
0.549891154480 -0.049417045390 986
0.548395569369 -0.049527649730 987
0.546899952297 -0.049637821037 988
0.545404303264 -0.049747557600 989
0.543908622272 -0.049856857710 990
0.542412909322 -0.049965719620 991
0.540917164413 -0.050074141530 992
0.539421387544 -0.050182121634 993
0.537925578718 -0.050289658125 994
0.536429737936 -0.050396749198 995
0.534933865204 -0.050503393046 996
0.533437960526 -0.050609587855 997
0.531942023905 -0.050715331753 998
0.530446055345 -0.050820622833 999
0.528950054850 -0.050925459189 1000
0.527454022426 -0.051029838915 1001
0.525957958080 -0.051133760104 1002
0.524461861821 -0.051237220850 1003
0.522965733658 -0.051340219220 1004
0.521469573599 -0.051442753213 1005
0.519973381651 -0.051544820819 1006
0.518477157823 -0.051646420025 1007
0.516980902128 -0.051747548822 1008
0.515484614579 -0.051848205197 1009
0.513988295188 -0.051948387136 1010
0.512491943968 -0.052048092570 1011
0.510995560935 -0.052147319384 1012
0.509499146102 -0.052246065459 1013
0.508002699487 -0.052344328679 1014
0.506506221107 -0.052442106926 1015
0.505009710976 -0.052539398081 1016
0.503513169121 -0.052636200011 1017
0.502016595554 -0.052732510507 1018
0.500519990301 -0.052828327337 1019
0.499023353385 -0.052923648270 1020
0.497526684826 -0.053018471076 1021
0.496029984653 -0.053112793524 1022
0.494533252889 -0.053206613380 1023
0.493036489562 -0.053299928370 1024
0.491539694702 -0.053392736154 1025
0.490042868334 -0.053485034386 1026
0.488546010490 -0.053576820724 1027
0.487049121202 -0.053668092820 1028
0.485552200505 -0.053758848331 1029
0.484055248435 -0.053849084901 1030
0.482558265028 -0.053938800101 1031
0.481061250319 -0.054027991461 1032
0.479564204346 -0.054116656512 1033
0.478067127149 -0.054204792782 1034
0.476570018772 -0.054292397803 1035
0.475072879258 -0.054379469103 1036
0.473575708654 -0.054466004182 1037
0.472078507005 -0.054552000459 1038
0.470581274358 -0.054637455343 1039
0.469084010763 -0.054722366242 1040
0.467586716271 -0.054806730563 1041
0.466089390938 -0.054890545716 1042
0.464592034820 -0.054973809102 1043
0.463094647975 -0.055056518056 1044
0.461597230459 -0.055138669853 1045
0.460099782332 -0.055220261765 1046
0.458602303656 -0.055301291067 1047
0.457104794496 -0.055381755030 1048
0.455607254922 -0.055461650929 1049
0.454109685002 -0.055540976012 1050
0.452612084806 -0.055619727440 1051
0.451114454406 -0.055697902347 1052
0.449616793875 -0.055775497869 1053
0.448119103290 -0.055852511143 1054
0.446621382734 -0.055928939302 1055
0.445123632288 -0.056004779480 1056
0.443625852037 -0.056080028749 1057
0.442128042066 -0.056154684105 1058
0.440630202463 -0.056228742542 1059
0.439132333317 -0.056302201051 1060
0.437634434725 -0.056375056626 1061
0.436136506783 -0.056447306258 1062
0.434638549593 -0.056518946923 1063
0.433140563253 -0.056589975494 1064
0.431642547868 -0.056660388811 1065
0.430144503543 -0.056730183713 1066
0.428646430389 -0.056799357038 1067
0.427148328517 -0.056867905624 1068
0.425650198047 -0.056935826310 1069
0.424152039096 -0.057003115872 1070
0.422653851784 -0.057069770998 1071
0.421155636234 -0.057135788370 1072
0.419657392574 -0.057201164668 1073
0.418159120935 -0.057265896572 1074
0.416660821453 -0.057329980765 1075
0.415162494265 -0.057393413908 1076
0.413664139512 -0.057456192558 1077
0.412165757335 -0.057518313228 1078
0.410667347882 -0.057579772429 1079
0.409168911303 -0.057640566673 1080
0.407670447754 -0.057700692472 1081
0.406171957394 -0.057760146336 1082
0.404673440385 -0.057818924709 1083
0.403174896891 -0.057877023933 1084
0.401676327080 -0.057934440342 1085
0.400177731126 -0.057991170272 1086
0.398679109205 -0.058047210056 1087
0.397180461501 -0.058102556030 1088
0.395681788199 -0.058157204504 1089
0.394183089489 -0.058211151670 1090
0.392684365563 -0.058264393675 1091
0.391185616617 -0.058316926666 1092
0.389686842855 -0.058368746790 1093
0.388188044483 -0.058419850194 1094
0.386689221716 -0.058470233021 1095
0.385190374770 -0.058519891328 1096
0.383691503862 -0.058568821068 1097
0.382192609219 -0.058617018191 1098
0.380693691083 -0.058664478645 1099
0.379194749684 -0.058711198381 1100
0.377695785245 -0.058757173346 1101
0.376196798004 -0.058802399451 1102
0.374697788220 -0.058846872461 1103
0.373198756173 -0.058890588112 1104
0.371699702142 -0.058933542140 1105
0.370200626363 -0.058975730282 1106
0.368701529100 -0.059017148274 1107
0.367202410621 -0.059057791840 1108
0.365703271212 -0.059097656579 1109
0.364204111196 -0.059136738006 1110
0.362704930851 -0.059175031636 1111
0.361205730480 -0.059212532984 1112
0.359706510390 -0.059249237565 1113
0.358207270898 -0.059285140893 1114
0.356708012323 -0.059320238390 1115
0.355208734993 -0.059354525340 1116
0.353709439242 -0.059387997016 1117
0.352210125408 -0.059420648688 1118
0.350710793841 -0.059452475628 1119
0.349211444897 -0.059483473106 1120
0.347712078937 -0.059513636349 1121
0.346212696330 -0.059542960414 1122
0.344713297452 -0.059571440320 1123
0.343213882687 -0.059599071089 1124
0.341714452426 -0.059625847738 1125
0.340215007069 -0.059651765287 1126
0.338715547025 -0.059676818735 1127
0.337216072710 -0.059701002909 1128
0.335716584544 -0.059724312551 1129
0.334217082962 -0.059746742404 1130
0.332717568402 -0.059768287211 1131
0.331218041315 -0.059788941713 1132
0.329718502160 -0.059808700644 1133
0.328218951404 -0.059827558591 1134
0.326719389522 -0.059845510007 1135
0.325219816999 -0.059862549342 1136
0.323720234331 -0.059878671047 1137
0.322220642022 -0.059893869570 1138
0.320721040589 -0.059908139360 1139
0.319221430554 -0.059921474736 1140
0.317721812453 -0.059933869846 1141
0.316222186831 -0.059945318821 1142
0.314722554244 -0.059955815794 1143
0.313222915259 -0.059965354898 1144
0.311723270453 -0.059973930263 1145
0.310223620414 -0.059981535917 1146
0.308723965745 -0.059988165675 1147
0.307224307056 -0.059993813329 1148
0.305724644972 -0.059998472672 1149
0.304224980128 -0.060002137494 1150
0.302725313174 -0.060004801588 1151
0.301225644765 -0.060006458648 1152
0.299725975581 -0.060007102132 1153
0.298226306307 -0.060006725461 1154
0.296726637644 -0.060005322054 1155
0.295226970304 -0.060002885334 1156
0.293727305014 -0.059999408719 1157
0.292227642515 -0.059994885536 1158
0.290727983564 -0.059989308848 1159
0.289228328932 -0.059982671680 1160
0.287728679406 -0.059974967052 1161
0.286229035786 -0.059966187987 1162
0.284729398888 -0.059956327508 1163
0.283229769537 -0.059945378525 1164
0.281730148591 -0.059933333665 1165
0.280230536913 -0.059920185514 1166
0.278730935386 -0.059905926656 1167
0.277231344918 -0.059890549677 1168
0.275731766405 -0.059874047160 1169
0.274232200779 -0.059856411546 1170
0.272732649013 -0.059837634980 1171
0.271233112075 -0.059817709578 1172
0.269733590955 -0.059796627453 1173
0.268234086662 -0.059774380718 1174
0.266734600222 -0.059750961484 1175
0.265235132685 -0.059726361649 1176
0.263735685127 -0.059700572828 1177
0.262236258642 -0.059673586610 1178
0.260736854345 -0.059645394588 1179
0.259237473370 -0.059615988354 1180
0.257738116873 -0.059585359483 1181
0.256238786035 -0.059553499252 1182
0.254739482069 -0.059520398695 1183
0.253240206205 -0.059486048841 1184
0.251740959698 -0.059450440719 1185
0.250241743826 -0.059413565359 1186
0.248742559889 -0.059375413727 1187
0.247243409223 -0.059335976390 1188
0.245744293192 -0.059295243752 1189
0.244245213188 -0.059253206219 1190
0.242746170622 -0.059209854194 1191
0.241247166934 -0.059165178084 1192
0.239748203594 -0.059119168114 1193
0.238249282114 -0.059071814067 1194
0.236750404034 -0.059023105657 1195
0.235251570925 -0.058973032602 1196
0.233752784381 -0.058921584617 1197
0.232254046028 -0.058868751401 1198
0.230755357535 -0.058814522259 1199
0.229256720615 -0.058758886164 1200
0.227758137010 -0.058701832079 1201
0.226259608494 -0.058643348965 1202
0.224761136875 -0.058583425787 1203
0.223262723992 -0.058522051363 1204
0.221764371750 -0.058459213947 1205
0.220266082090 -0.058394901663 1206
0.218767856986 -0.058329102633 1207
0.217269698452 -0.058261804983 1208
0.215771608533 -0.058192996815 1209
0.214273589339 -0.058122665750 1210
0.212775643034 -0.058050798992 1211
0.211277771826 -0.057977383729 1212
0.209779977960 -0.057902407151 1213
0.208282263721 -0.057825856452 1214
0.206784631450 -0.057747718562 1215
0.205287083566 -0.057667979745 1216
0.203789622536 -0.057586626158 1217
0.202292250876 -0.057503643962 1218
0.200794971143 -0.057419019322 1219
0.199297785946 -0.057332738290 1220
0.197800697989 -0.057244786168 1221
0.196303710043 -0.057155147950 1222
0.194806824930 -0.057063808631 1223
0.193310045521 -0.056970753210 1224
0.191813374744 -0.056875966646 1225
0.190316815624 -0.056779433209 1226
0.188820371278 -0.056681136617 1227
0.187324044885 -0.056581060578 1228
0.185827839676 -0.056479188802 1229
0.184331758947 -0.056375504987 1230
0.182835806096 -0.056269992203 1231
0.181339984643 -0.056162632745 1232
0.179844298176 -0.056053408863 1233
0.178348750348 -0.055942302811 1234
0.176853344884 -0.055829296839 1235
0.175358085620 -0.055714372588 1236
0.173862976541 -0.055597510742 1237
0.172368021721 -0.055478691908 1238
0.170873225299 -0.055357896698 1239
0.169378591498 -0.055235105721 1240
0.167884124678 -0.055110298907 1241
0.166389829372 -0.054983455110 1242
0.164895710211 -0.054854553091 1243
0.163401771911 -0.054723571619 1244
0.161908019280 -0.054590489451 1245
0.160414457300 -0.054455284456 1246
0.158921091153 -0.054317933364 1247
0.157427926132 -0.054178412835 1248
0.155934967630 -0.054036699539 1249
0.154442221150 -0.053892770082 1250
0.152949692426 -0.053746599821 1251
0.151457387410 -0.053598163059 1252
0.149965312186 -0.053447434077 1253
0.148473472938 -0.053294387169 1254
0.146981876008 -0.053138996388 1255
0.145490528053 -0.052981234034 1256
0.143999435943 -0.052821071658 1257
0.142508606686 -0.052658480822 1258
0.141018047431 -0.052493433102 1259
0.139527765560 -0.052325899285 1260
0.138037768839 -0.052155848121 1261
0.136548065240 -0.051983248054 1262
0.135058662884 -0.051808067546 1263
0.133569570082 -0.051630274962 1264
0.132080795548 -0.051449836743 1265
0.130592348373 -0.051266717787 1266
0.129104237845 -0.051080882966 1267
0.127616473445 -0.050892297179 1268
0.126129064974 -0.050700924409 1269
0.124642022805 -0.050506725893 1270
0.123155357602 -0.050309662382 1271
0.121669080260 -0.050109694656 1272
0.120183201943 -0.049906783232 1273
0.118697734464 -0.049700885731 1274
0.117212690149 -0.049491958150 1275
0.115728081568 -0.049279956499 1276
0.114243921597 -0.049064836762 1277
0.112760223755 -0.048846552514 1278
0.111277002316 -0.048625054372 1279
0.109794271903 -0.048400292811 1280
0.108312047478 -0.048172218347 1281
0.106830344650 -0.047940779565 1282
0.105349180045 -0.047705920970 1283
0.103868570765 -0.047467586607 1284
0.102388534313 -0.047225720583 1285
0.100909088906 -0.046980265237 1286
0.099430254052 -0.046731157881 1287
0.097952049886 -0.046478335032 1288
0.096474497025 -0.046221733286 1289
0.094997616971 -0.045961287174 1290
0.093521432826 -0.045696925324 1291
0.092045968460 -0.045428575430 1292
0.090571248344 -0.045156165274 1293
0.089097298169 -0.044879619546 1294
0.087624145567 -0.044598856288 1295
0.086151819060 -0.044313792820 1296
0.084680347938 -0.044024346448 1297
0.083209763358 -0.043730429127 1298
0.081740098690 -0.043431946173 1299
0.080271388289 -0.043128802660 1300
0.078803667644 -0.042820902904 1301
0.077336975170 -0.042508142220 1302
0.075871351474 -0.042190410991 1303
0.074406838321 -0.041867599781 1304
0.072943479620 -0.041539595116 1305
0.071481323273 -0.041206271796 1306
0.070020419067 -0.040867502862 1307
0.068560818473 -0.040523160778 1308
0.067102577432 -0.040173106090 1309
0.065645755731 -0.039817190969 1310
0.064190415054 -0.039455267779 1311
0.062736621079 -0.039087181127 1312
0.061284445797 -0.038712759648 1313
0.059833964037 -0.038331830599 1314
0.058385254306 -0.037944217156 1315
0.056938403584 -0.037549721551 1316
0.055493503498 -0.037148140606 1317
0.054050649666 -0.036739268919 1318
0.052609948126 -0.036322877322 1319
0.051171512137 -0.035898725891 1320
0.049735459900 -0.035466572991 1321
0.048301922749 -0.035026149394 1322
0.046871042182 -0.034577170519 1323
0.045442966417 -0.034119349224 1324
0.044017861273 -0.033652363730 1325
0.042595905577 -0.033175875033 1326
0.041177288304 -0.032689537886 1327
0.039762223148 -0.032192961052 1328
0.038350939003 -0.031685739064 1329
0.036943682689 -0.031167447886 1330
0.035540734440 -0.030637607234 1331
0.034142391895 -0.030095729187 1332
0.032748987894 -0.029541276781 1333
0.031360893901 -0.028973662825 1334
0.029978509123 -0.028392284279 1335
0.028602293904 -0.027796450320 1336
0.027232746445 -0.027185448021 1337
0.025870431915 -0.026558486975 1338
0.024515986234 -0.025914705452 1339
0.023170113601 -0.025253191596 1340
0.021833631422 -0.024572908942 1341
0.020507439378 -0.023872781603 1342
0.019192595795 -0.023151571945 1343
0.017890276735 -0.022407989814 1344
0.016601871895 -0.021640557286 1345
0.015328947061 -0.020847720075 1346
0.014073362431 -0.020027706936 1347
0.012837239746 -0.019178649835 1348
0.011623116725 -0.018298433201 1349
0.010433925895 -0.017384828013 1350
0.009273180473 -0.016435361408 1351
0.008145015059 -0.015447425765 1352
0.007054343146 -0.014418272354 1353
0.006007037279 -0.013345050406 1354
0.005010021911 -0.012224992412 1355
0.004071499397 -0.011055530998 1356
0.003201045812 -0.009834611784 1357
0.002409611884 -0.008561109941 1358
0.001709399451 -0.007235328783 1359
0.001113383128 -0.005859625722 1360
0.000634487968 -0.004438972693 1361
0.000284107860 -0.002981347693 1362
0.000071278004 -0.001497429715 1363
99.232144188093 14.231483827328 1364
96.199297361450 28.173255684143 1365
91.213199535452 41.541501300189 1366
84.375353283118 54.064081745560 1367
75.824957435426 65.486073394529 1368
65.736073394529 75.574957435426 1369
54.314081745560 84.125353283118 1370
41.791501300189 90.963199535452 1371
28.423255684143 95.949297361450 1372
14.481483827329 98.982144188093 1373
-13.981483827328 98.982144188093 1374
-27.923255684143 95.949297361450 1375
-41.291501300189 90.963199535452 1376
-53.814081745560 84.125353283118 1377
-65.236073394529 75.574957435426 1378
-75.324957435426 65.486073394528 1379
-83.875353283118 54.064081745560 1380
-90.713199535452 41.541501300189 1381
-95.699297361450 28.173255684143 1382
-98.732144188093 14.231483827329 1383
-98.732144188093 -14.231483827329 1384
-95.699297361450 -28.173255684143 1385
-90.713199535452 -41.541501300189 1386
-83.875353283118 -54.064081745560 1387
-75.324957435426 -65.486073394528 1388
-65.236073394529 -75.574957435426 1389
-53.814081745560 -84.125353283118 1390
-41.291501300189 -90.963199535452 1391
-27.923255684143 -95.949297361450 1392
-13.981483827329 -98.982144188093 1393
14.481483827328 -98.982144188093 1394
28.423255684143 -95.949297361450 1395
41.791501300189 -90.963199535452 1396
54.314081745560 -84.125353283118 1397
65.736073394528 -75.574957435426 1398
75.824957435426 -65.486073394529 1399
84.375353283118 -54.064081745560 1400
91.213199535452 -41.541501300189 1401
96.199297361450 -28.173255684143 1402
99.232144188093 -14.231483827329 1403
-3.411656683430 -50.344804123784 1404
-42.464412460745 -21.989363842647 1405
-37.695699395254 24.516383092652 1406
2.284561236162 48.727739848061 1407
-11.795311175446 26.019459105511 1408
-22.511357779445 5.277035791490 1409
-16.311056874967 -18.652171072554 1410
3.910407533139 -20.060416365556 1411
-5.623614757973 -11.515530587171 1412
-11.376360079868 -1.937894926472 1413
-7.508545309319 12.102064787162 1414
2.477457387059 10.246151747337 1415
-3.648364010848 6.094951229689 1416
-5.970564982469 1.014147321487 1417
-3.722167242595 -4.908971629196 1418
1.728669762330 -5.517939402359 1419
28.190362583034 1.981278601795 1420
-0.830456119060 -3.295005291735 1421
-3.027911973876 -1.009286377863 1422
-2.489770309161 2.449896047183 1423
1.677654761648 4.675750754654 1424
0.089734642887 2.638286016200 1425
1.361636312043 -2.330870935954 1426
13.424892270555 0.435276333130 1427
-0.221178029365 -1.700085222000 1428
-1.301118221754 -0.689446667604 1429
-1.390464835761 1.039144986195 1430
0.850897274893 -1.230413287651 1431
3.334286169812 -0.742292408672 1432
0.081424928146 -0.885352938945 1433
-0.573334501024 -0.463156181899 1434
0.646240037622 -0.666925437444 1435
1.065986062482 -0.459919051935 1436
0.242807841868 -0.497593012783 1437
-0.140871338950 -0.409441169221 1438
0.525759285291 -0.364793326737 1439
0.810971782753 -0.316975203951 1440
1.020790083914 -0.237731549740 1441
0.309454175071 -0.280145552549 1442
0.070748158721 -0.305472653307 1443
-0.772136058604 0.256148182004 1444
-0.038956787941 1.397034705355 1445
1.194161835276 1.227564121101 1446
0.516320836769 0.829043080906 1447
-0.156706022344 0.670733452562 1448
1.080297443833 0.590560459238 1449
0.713009506770 0.457044256821 1450
0.299684385053 0.475084234876 1451
0.976133863624 0.298928333269 1452
1.696976140243 0.217884523368 1453
0.768826940748 0.244000768889 1454
0.554250150187 0.279252593305 1455
0.342033060755 0.263358675421 1456
0.085337844176 0.310613544051 1457
-0.326052855387 0.257941939604 1458
0.913419580186 0.169040213093 1459
1.015904844445 0.114839135201 1460
0.809330053587 0.135078036310 1461
0.685796464910 0.158655631878 1462
0.569949008752 0.163015286584 1463
0.445699784478 0.188307422876 1464
0.876372649167 0.096546621674 1465
0.950489434313 0.080746048505 1466
0.460698725037 -0.212722782018 1467
0.643004070847 -0.227984431432 1468
0.782100128013 -0.176861877528 1469
0.916852157540 -0.150167158888 1470
0.355849302323 -0.177339645708 1471
0.223514740872 -0.189868386871 1472
0.112842540149 -0.173523769401 1473
-0.082416877578 -0.178069952023 1474
1.014571429049 -0.105986187504 1475
0.822817915933 0.079846494771 1476
0.763927305198 0.093438647971 1477
0.700561437576 0.096974304145 1478
0.631664527456 0.115163897397 1479
0.572617792656 0.105313209198 1480
0.500466325747 0.131619413489 1481
0.557163701696 -0.159395742663 1482
0.646012696918 -0.130998259251 1483
0.722135323128 -0.118496515071 1484
0.794744369574 -0.102046680557 1485
0.866707614341 -0.094164860510 1486
0.936664176079 -0.083112398588 1487
0.480137447461 -0.137188809859 1488
0.407998666614 -0.127997903804 1489
1.001605517060 0.058452170690 1490
1.258868574400 0.023527564803 1491
0.345856618569 0.162314949747 1492
0.201768958157 0.212256448657 1493
0.354599207413 -0.118564032126 1494
0.277328511885 -0.138478047880 1495
4.145814917508 2.161188741437 1496
0.261437769521 0.145706903543 1497
0.436408231925 0.121526531180 1498
0.381137449935 0.113737138840 1499
-0.235415744855 -0.017652961416 1500
0.329625179832 0.112021535821 1501
0.074471518926 0.178416399382 1502
-0.120505046592 0.165781320487 1503
0.215359290934 -0.124696459825 1504
0.150284739675 -0.117622094648 1505
0.527644691229 -0.108387880633 1506
0.588786088287 -0.107887039190 1507
0.190106566944 0.128772894267 1508
0.987925837214 -0.059857096115 1509
0.859821518949 0.060337669617 1510
0.902704478618 0.059417408283 1511
0.937079781772 0.045187401196 1512
0.971759314098 0.039691221317 1513
0.630570030578 -0.088936482255 1514
0.681027773341 -0.089076051983 1515
0.310271461001 -0.105715590364 1516
0.718984645426 -0.076112584307 1517
0.761721477170 -0.073557482169 1518
0.796873616730 -0.063320336215 1519
0.835862904484 -0.061433016851 1520
0.871404542725 -0.053831546034 1521
0.908970201744 -0.049354607609 1522
0.944684474317 -0.044316748927 1523
0.533552872159 0.095520108657 1524
0.117887707408 0.117635373354 1525
0.046070508120 0.107380659817 1526
-0.037088249706 0.094608555644 1527
0.492930406330 0.091834607721 1528
0.661280675788 0.082954958708 1529
0.626281022384 0.078761865370 1530
0.592987709089 0.078023890814 1531
0.284843650675 0.103971881141 1532
0.239183883357 0.102222747568 1533
0.457902638739 0.090609511648 1534
0.268850402571 -0.097359392071 1535
0.086822123770 -0.111205549229 1536
-0.010715731784 -0.121815469232 1537
-0.103205066693 -0.051872023186 1538
0.564378592663 0.078033844247 1539
0.486572520554 -0.094908310812 1540
0.444903824437 -0.100953920863 1541
0.410230237572 -0.093217397871 1542
0.377169687793 -0.092674537796 1543
0.236351717566 -0.094378117831 1544
0.202706241317 -0.091350658326 1545
0.168892040965 -0.089183502647 1546
0.425923863947 0.087681073517 1547
0.395385286084 0.088267023947 1548
0.366079659173 0.089174984075 1549
0.787093970262 0.066214705961 1550
0.758789702671 0.061463808193 1551
0.724476117563 0.069593928455 1552
0.695211216989 0.066524338799 1553
0.132361983797 -0.087949440014 1554
0.831354802488 0.052098017573 1555
0.350713889291 -0.087059111975 1556
0.808103743031 0.049107449523 1557
0.326327492926 -0.084083459818 1558
0.997072840404 0.028014935182 1559
1.134058214626 0.021904960869 1560
0.880993921453 0.043857748372 1561
0.515330574702 -0.081559845624 1562
0.546970964602 -0.081474238095 1563
0.577362312663 -0.077394454620 1564
0.604322656924 -0.074017713195 1565
0.201795709498 0.096890944370 1566
0.157224504362 0.098010115273 1567
0.900528132095 0.035049205659 1568
0.672376428801 0.062437799366 1569
0.651200820235 0.062241686390 1570
0.920104542226 0.030872371532 1571
0.970493824319 -0.032753571388 1572
0.998722832380 -0.030336349384 1573
20.100408664514 19.368659601137 1574
0.339719291659 0.086994785851 1575
0.311297034508 0.088694026346 1576
0.541756906138 0.074029605785 1577
0.518927079872 0.074671576175 1578
0.654408817343 -0.071759471445 1579
0.678466824042 -0.063032385351 1580
0.701581071999 -0.058587864629 1581
0.938147765799 0.027432236586 1582
0.955670862245 0.024466035669 1583
0.305231220699 -0.080164442149 1584
0.284409127230 -0.079743459017 1585
0.625979485075 -0.064302876017 1586
0.037062966024 -0.087336594814 1587
0.720317127686 -0.055072687106 1588
0.741847956520 -0.054538505397 1589
0.762958723055 -0.050875404376 1590
0.782517854016 -0.047884205331 1591
0.464285172603 -0.081499926162 1592
0.443958169198 -0.077809909941 1593
0.424239015431 -0.076989272384 1594
0.790091858651 0.045549886983 1595
0.771796840437 0.047219102556 1596
0.632962155729 0.060973872929 1597
0.614960776381 0.062307027658 1598
0.800355156967 -0.043782568199 1599
0.821727487040 -0.044182492999 1600
0.840819515695 -0.041272078547 1601
-0.006159167108 -0.066768708542 1602
0.499462669271 0.072939865679 1603
0.478010129932 0.076618723250 1604
0.861975817367 0.038344618448 1605
0.845288239128 0.037785066343 1606
0.484434410030 -0.075403863292 1607
0.859171322418 -0.037936708698 1608
0.877178463549 -0.035752304126 1609
0.896224811859 -0.035099063579 1610
0.915613889513 -0.031335416579 1611
0.264145999077 -0.079447879546 1612
0.933765147261 -0.028351722638 1613
0.951697491206 -0.025774927832 1614
0.102874507349 -0.077015456074 1615
0.071453578880 -0.073693763036 1616
0.739482029482 0.053106560063 1617
0.125616515688 0.085060274537 1618
0.084772820164 0.085290529216 1619
0.051732849737 0.072586785227 1620
0.008301851604 0.071029133827 1621
0.722547539916 0.051249993364 1622
0.706080611594 0.052523277411 1623
0.971444933479 0.020459475237 1624
0.500770618413 -0.070316607901 1625
0.246378007467 -0.077182230223 1626
0.228314063746 -0.076547763327 1627
0.408138204847 -0.074111577498 1628
0.389285482200 -0.076435288161 1629
0.372903957291 -0.075650845766 1630
-0.038689479877 -0.034277438711 1631
0.757016209124 0.046372986406 1632
0.641850256986 -0.058980707024 1633
0.290937216199 0.082585536893 1634
0.262306057314 0.087820130274 1635
0.656645110648 -0.055207696460 1636
9.219562706161 -5.434950632073 1637
24.303426234271 -18.875143056728 1638
0.986636983451 0.017367228984 1639
0.599294186250 0.061015332122 1640
0.583414589722 0.064165562840 1641
0.531055754044 -0.070247219691 1642
0.211374335055 -0.074426378394 1643
0.192863445539 -0.075019426293 1644
0.546161454785 -0.065284101673 1645
0.562366118864 -0.065088162601 1646
0.577822954391 -0.062829982840 1647
0.592215640207 -0.060998162921 1648
0.241970368122 0.080577954390 1649
0.218590501506 0.081313526486 1650
0.831098514457 0.036128798612 1651
0.817848365213 0.037435736266 1652
0.462352589144 0.071878620532 1653
0.442591954606 0.077175216267 1654
0.176348450986 -0.071981629662 1655
0.157272789343 -0.072230003829 1656
0.605456401215 -0.058378211998 1657
0.692679455115 0.050598722912 1658
0.514162045283 -0.065834242507 1659
1.000161971550 0.013412038335 1660
0.030018749377 0.057066515486 1661
0.569734810665 0.061808952552 1662
0.555107349100 0.065145140539 1663
0.359398166346 -0.073253736917 1664
0.346230443730 -0.072800199204 1665
0.200488419045 0.076130286942 1666
0.177609152265 0.079080313737 1667
0.155222916249 0.075159201122 1668
0.138487575526 0.071184370132 1669
0.427564519029 0.071924698950 1670
0.410658429011 0.073385271204 1671
0.395555263107 0.072943501635 1672
0.378858882355 0.074679845377 1673
0.363660243654 0.074378794471 1674
0.121644971562 0.067074700701 1675
0.099802491141 0.069465639441 1676
0.077427070681 0.065703336349 1677
0.141333037944 -0.068930912193 1678
0.119851768478 -0.070342979961 1679
0.872467331836 0.031051198408 1680
0.886627077797 0.029239923218 1681
-0.031300228831 0.040403437633 1682
0.680154678641 0.049989888509 1683
0.350148625843 0.072862057902 1684
0.617448746654 -0.056128857635 1685
0.963539256246 -0.019053931222 1686
0.979092977973 -0.018194325862 1687
0.992817039389 -0.014089107747 1688
0.333605925087 -0.071659559195 1689
0.320615860802 -0.072128510391 1690
0.324502098839 0.076766368891 1691
0.668130282449 -0.052227953011 1692
0.680345473350 -0.049949130344 1693
0.692575496288 -0.049357364759 1694
0.471607599977 -0.068101499285 1695
0.458684015403 -0.069500823814 1696
0.311044361433 0.073968983949 1697
0.047425971508 -0.063064938521 1698
0.022950811568 -0.055285747852 1699
0.274454812154 0.075539746028 1700
6.396207918168 6.744328058698 1701
0.060987526358 0.056898132752 1702
0.046974693378 0.051961887600 1703
0.731266361625 -0.046765033863 1704
0.260862795424 0.073269981381 1705
-26.054415552486 51.938342476467 1706
0.338602885949 0.071515139878 1707
0.807244834832 0.035720157692 1708
0.796748954880 0.036719382563 1709
0.896430411979 0.024322054125 1710
0.908687401111 0.024689554420 1711
0.669683493840 0.049914688227 1712
0.658940999312 0.050218713399 1713
0.649052992405 0.051636943758 1714
0.299951401089 0.071983094798 1715
0.745970497344 0.042931108065 1716
0.735032516135 0.042580329414 1717
0.003380656257 -0.041987219432 1718
-0.013813029176 -0.026222645566 1719
0.627796898443 -0.053728395192 1720
1.700370903217 -0.441401056826 1721
0.702009487357 -0.045968551313 1722
0.712610559014 -0.045383225772 1723
-0.026936761578 0.000548219280 1724
0.447945265440 -0.066190154373 1725
0.435408734276 -0.068202523743 1726
58.304848276926 26.617196346625 1727
60.807614204989 -14.801106782743 1728
0.248909716432 0.071949704405 1729
0.751940520216 -0.044073884129 1730
0.741558675665 -0.041752293553 1731
0.530689573592 0.064984133296 1732
0.311212201216 -0.069920548508 1733
0.300439382983 -0.069898445860 1734
0.290074161340 -0.070174780048 1735
0.278967958481 -0.069953192299 1736
3.929176198572 -3.687631167734 1737
0.810421747868 -0.036777580725 1738
0.820519713827 -0.033397924221 1739
0.831304965303 -0.032147643593 1740
0.010347100259 0.044724652159 1741
0.544082415375 0.061311320758 1742
0.520030567305 0.062707778506 1743
0.509250263763 0.061849757704 1744
0.853587753632 0.030767119578 1745
0.780189908372 0.039464270556 1746
0.488569216159 0.066278442117 1747
-0.008898493997 0.032514245870 1748
0.861711599405 0.027260505764 1749
0.450974265077 0.067484810246 1750
0.771496565473 -0.041149848578 1751
0.289350755753 0.070711239481 1752
0.928337898403 0.020732571255 1753
0.623378368220 0.054884583270 1754
34.254384045227 47.178386408054 1755
1.313897701785 0.361176702274 1756
0.491755108192 -0.064163273582 1757
0.109504201108 0.061737585829 1758
0.639112826316 0.050874656507 1759
4.397126363047 26.666288550067 1760
0.917279141376 0.020865903499 1761
0.188444209977 0.069896113054 1762
0.482353871426 -0.063115965248 1763
0.946152016977 0.018373848743 1764
0.108444272820 -0.062138026618 1765
0.089429445994 -0.064495921352 1766
0.074944494027 -0.058823750864 1767
0.061490230507 -0.053819608701 1768
0.636942684935 -0.051274826688 1769
0.645713661244 -0.050427120631 1770
0.238133085876 0.069554319249 1771
0.226240305494 0.071439398067 1772
0.397882756245 -0.068480590359 1773
0.416239413047 -0.067700660850 1774
0.536103417278 -0.060812059517 1775
0.527725261989 -0.060280696772 1776
0.791066135767 -0.038435466750 1777
0.425417027091 -0.066091648060 1778
0.904191910773 -0.025070378553 1779
0.886204165771 -0.027606063512 1780
0.216630849389 0.069000262457 1781
0.721728039722 -0.043018296360 1782
0.849131412688 -0.031180039554 1783
0.866852772004 -0.029153097723 1784
0.840425716702 -0.030496746241 1785
-46.983028843453 0.238642948558 1786
0.781367221834 -0.037114919108 1787
0.923657774223 -0.021796768467 1788
14.379394150745 -38.698935517862 1789
44.915758703468 -41.190658917638 1790
1.600871572562 0.829760505453 1791
0.942064640659 -0.019182153945 1792
1.011216238016 -0.015783138983 1793
1.028534769599 0.006937093141 1794
1.053854905073 -0.063617508833 1795
0.762116015533 -0.039412895985 1796
0.500255458325 0.061497546507 1797
1.357747872821 -0.260217775297 1798
0.914280161337 -0.021096970801 1799
0.895037915868 -0.023239227636 1800
-26.202537412506 -40.678806627402 1801
0.178473762804 0.067018330767 1802
0.166859772766 0.067800833109 1803
0.155247616162 0.064819333433 1804
0.714157872023 0.044725311519 1805
0.271003491283 -0.069586636671 1806
0.261302767982 -0.068629125522 1807
0.252276615614 -0.068477138413 1808
0.243235134353 -0.068241186929 1809
0.234192887699 -0.067957566800 1810
0.225068508595 -0.067934208139 1811
0.099026149349 0.058057727172 1812
0.089107685312 0.056605145146 1813
0.079306839402 0.054083004045 1814
0.048870437633 -0.048753301130 1815
0.035871209156 -0.046781507880 1816
0.470313723496 0.065116813896 1817
0.479023968312 0.063097928294 1818
1.000660646202 -0.009771048368 1819
0.381480066293 -0.069020130780 1820
0.442267022955 0.065013121654 1821
0.763555156845 0.039826550672 1822
0.962099594600 0.016045074371 1823
0.838285644172 0.030006127788 1824
0.554068047912 -0.058804632720 1825
8.129975728217 -0.706359739113 1826
0.590276381206 0.056371118902 1827
0.202778652601 -0.068161868665 1828
0.568965613848 -0.057277179592 1829
-10.699992667604 6.005921455159 1830
0.699458606423 0.045095249343 1831
0.584283907705 -0.056157601011 1832
0.606421811187 0.053434244962 1833
0.024121050767 -0.040034168741 1834
1.898350532682 -1.456532263620 1835
0.845468683771 0.028210507716 1836
1.900014428948 2.824728139533 1837
-22.599658617242 -7.507192871687 1838
0.506253264587 -0.061165155245 1839
0.786931798457 0.035310729764 1840
0.772581804781 0.036850884372 1841
0.131138473332 -0.063702621540 1842
0.207056516779 0.066927084471 1843
0.197826744137 0.066400489916 1844
0.036434621654 0.043795200854 1845
0.024167317734 0.039927188970 1846
0.978303801864 0.012601860347 1847
0.727809014116 0.041427022650 1848
0.366986312276 -0.068148151624 1849
0.706758466887 0.043288957349 1850
0.561741257323 0.057838668147 1851
0.576761555160 0.056309210873 1852
0.146767238881 0.062603423007 1853
0.137751631778 0.061500247705 1854
0.128338966199 0.060401578042 1855
1.134779028234 -0.158011540987 1856
0.934979872730 0.017256549800 1857
0.498755317587 -0.060552016887 1858
0.632056502984 0.049974620485 1859
0.519888580955 -0.059040401301 1860
5.484939709836 -12.361430131954 1861
0.615611157909 0.052288802426 1862
0.652789214023 -0.048351315614 1863
0.660420906747 -0.047641405028 1864
0.561689942929 -0.056506039590 1865
0.546721871298 -0.057457980252 1866
0.374169867236 -0.066467337541 1867
0.417054505527 0.067528081330 1868
0.952834267821 0.014805642378 1869
0.408740266904 -0.065660352848 1870
0.391028376373 -0.066541872174 1871
0.069941370163 0.050532892519 1872
0.385342215901 0.068965528251 1873
0.971601977180 -0.013386639383 1874
0.955904282821 -0.015407917639 1875
0.802291063434 -0.033960014088 1876
0.969381457436 0.012286145451 1877
0.824738196983 0.031120469963 1878
0.167757785107 -0.066285864791 1879
0.878411598989 -0.024729853358 1880
0.856037148281 -0.027310496991 1881
0.185466610039 -0.067460900470 1882
0.536197012864 0.058593067552 1883
0.402320769822 0.067286718743 1884
0.948949879514 -0.015381926876 1885
0.371215171871 0.068372679545 1886
0.877880615965 0.024915192804 1887
0.930514370375 -0.017850626362 1888
-7.220932963956 -32.577970976340 1889
0.013755385928 -0.033688960134 1890
0.003102522016 -0.027998699119 1891
0.597491224805 -0.054320540819 1892
0.123017881791 -0.060147651632 1893
0.434384410145 0.064201667109 1894
0.427091081746 0.064469328021 1895
0.462784964947 0.063100681106 1896
0.410229382560 0.065282869917 1897
0.378680732320 0.066412639699 1898
0.318184155855 0.069056537912 1899
0.326056078480 0.067468123715 1900
0.217918507073 -0.066124664236 1901
0.210468542403 -0.065370855922 1902
0.991482973792 0.010458696114 1903
0.466350089196 -0.063415461512 1904
3.201107540003 0.800445993160 1905
0.353626215664 -0.067952660051 1906
0.099762411819 -0.057434202488 1907
0.091209396693 -0.054437113832 1908
0.984036113771 -0.011508728326 1909
0.195191095086 -0.064872164621 1910
5.509235000649 0.215825994977 1911
19.658506266895 -8.333099147939 1912
0.280358329437 0.068140432325 1913
0.273388432170 0.067350188664 1914
0.265861961541 0.067227680905 1915
0.685633492183 0.045153495843 1916
0.812846876502 0.031295409598 1917
0.751569102343 0.037993845886 1918
0.150751444376 -0.064593017809 1919
0.902104925462 0.020889942433 1920
0.890083907287 0.022000870174 1921
0.178504530738 -0.063966410327 1922
1.432140989166 -0.951711015799 1923
10.304894176511 15.539104435859 1924
2.038490369483 1.917073568442 1925
0.357842349556 0.068449152857 1926
0.611246624241 -0.051922115583 1927
-1.098292365411 -9.254233019834 1928
0.121658964267 0.057584473497 1929
0.674177598041 -0.046355369561 1930
0.685830405350 -0.045238055582 1931
-6.479566847509 -22.280171016887 1932
0.551246477447 -0.258661971217 1933
0.867694993670 0.024182968627 1934
0.720123617804 0.041163954509 1935
0.831990043551 0.028513767446 1936
0.339287364271 -0.067188845186 1937
0.441570821689 -0.063729018112 1938
0.453595300403 -0.062569191247 1939
0.063041550613 0.047181844194 1940
0.055305702870 0.044714196115 1941
0.160463981252 -0.062039332614 1942
0.047958792543 0.043606160780 1943
0.327579460214 -0.067375462123 1944
0.818858423219 0.029604567548 1945
0.883738041071 0.021750544948 1946
0.735396509658 -0.040022508962 1947
0.747191762729 -0.038833155594 1948
0.549673169910 0.056636949444 1949
0.143889514135 -0.060865453888 1950
0.115377811485 -0.057037054780 1951
0.693201308300 0.043486362801 1952
0.749790189264 0.147912422921 1953
0.757539196528 0.036645665954 1954
0.583844253701 0.053745544519 1955
0.595992113889 0.052544683219 1956
0.575425855856 -0.054206427214 1957
0.476426319033 -0.060892694154 1958
-1.215411229215 5.081687276221 1959
0.589930365753 -0.052890378328 1960
0.670572164137 0.121470572560 1961
0.526000816435 0.058317293420 1962
0.512171227697 -0.058544216561 1963
0.430806959714 -0.063288149919 1964
0.603496989803 -0.051589867215 1965
0.940513562926 0.014860658854 1966
0.459677792172 -0.061299331828 1967
0.756003263339 -0.037289416225 1968
0.360614316555 -0.065692498316 1969
0.570579585479 0.054315032317 1970
0.343699542251 0.067038715938 1971
0.727591794707 -0.040198223574 1972
0.775389675919 -0.035089870192 1973
0.769543834213 -0.035695953654 1974
0.983740469209 0.008967246980 1975
0.664320093510 0.268104336324 1976
-18.662193071780 16.338212751730 1977
0.403040605117 -0.064508142976 1978
20.296808562481 -67.624183536468 1979
0.791970896108 0.097443960755 1980
0.347314472623 -0.065876808527 1981
0.666273284840 -0.045729240586 1982
0.796194492549 -0.032861692022 1983
0.908166709665 -0.019567841224 1984
0.902361752066 -0.019901120466 1985
0.555757855027 0.055202114222 1986
0.083206923773 -0.051796597711 1987
0.076488668729 -0.050081689103 1988
0.069034925044 -0.048436718465 1989
0.675311565603 0.045637870122 1990
0.861662701433 -0.024939057169 1991
0.872215726500 -0.023830813911 1992
0.961190148167 -0.011986534606 1993
0.976533407170 -0.010247853085 1994
0.936060508155 -0.015458034835 1995
0.305155444823 0.067835637830 1996
0.494112102367 0.060079629163 1997
0.488045905092 0.059851961816 1998
0.882909296329 0.068267573403 1999
0.997100493688 0.007204845236 2000
1.007982003007 0.006446256329 2001
1.016257052702 0.024659744856 2002
0.989829826993 -0.007928866311 2003
0.621294752520 -0.050544168553 2004
0.391957016932 0.065085360341 2005
13.811676931906 8.829059135360 2006
0.741126734100 0.038721573959 2007
0.456676250271 0.062004615331 2008
-0.923321225855 -6.265659468986 2009
0.365488243432 0.065601583913 2010
-68.148251447423 19.956784558751 2011
0.696125664447 -0.043551750462 2012
0.802421119743 0.031934741917 2013
-70.648978604930 -14.441807257994 2014
0.351454997956 0.066002566502 2015
0.814145329132 -0.031003331729 2016
0.808079698161 -0.031170085802 2017
0.255322298012 0.067091946649 2018
-0.016498698431 0.015205530095 2019
0.922456834537 0.017519096233 2020
5.465480711162 -7.374663256857 2021
0.331864652691 0.066212813720 2022
0.338012433385 0.065702830289 2023
0.312361616532 0.066587594545 2024
1.002827610106 0.214104122351 2025
1.172077114261 0.211894644706 2026
-1.041442142291 19.551548533101 2027
0.836124732422 -0.142887850895 2028
42.446002191322 -11.912343552010 2029
-14.945962703202 -9.804473583851 2030
2.672188672598 -0.111233867046 2031
39.364774773770 17.169692941902 2032
0.593057291999 1.473930486823 2033
1.312981935688 2.168182078696 2034
0.317014739664 -0.066987890255 2035
0.016725947395 0.032232393507 2036
0.003526137953 0.028282021862 2037
0.232567122741 0.066080488414 2038
0.665175985993 0.046137336863 2039
-9.117968860700 -7.214514974668 2040
0.226921898273 0.065219001794 2041
0.220518996638 0.064617090074 2042
0.654083993444 0.047264087643 2043
-6.009651190716 -2.594025992223 2044
0.910894501456 0.018703558332 2045
-53.050294399824 -48.961942864416 2046
0.992697923104 -0.857653598134 2047
-1.503664766527 -2.277323951488 2048
0.540709365902 -0.056412446672 2049
0.172239482297 0.063104497380 2050
0.184542592994 0.064091776405 2051
7.827441148222 3.327442011145 2052
0.673174711207 -0.372937309493 2053
0.190071900079 0.063357115282 2054
0.706622953575 -0.041931992763 2055
-0.004278536641 -0.018917379414 2056
-0.012549389295 -0.011212282185 2057
0.857183754083 0.024823784214 2058
-0.003667518089 0.020927793968 2059
0.515162054131 0.058255684972 2060
0.172927308211 -0.062190446192 2061
0.115205448442 0.056042310328 2062
0.109921604268 0.054998765481 2063
0.824509834557 -0.029164246788 2064
-23.723411365438 -68.657590975782 2065
0.510525075574 0.196022535435 2066
-0.932029654202 8.763436962959 2067
0.634244884327 0.173999380488 2068
0.913681986545 0.094795858911 2069
0.694145399171 -0.178971229304 2070
0.921825635518 0.507830871334 2071
0.846126141882 0.852717992135 2072
0.852325321626 -0.054697994783 2073
0.502177389834 0.489178713698 2074
0.294422092437 0.067079771695 2075
14.718808785352 -17.970683336210 2076
0.743355684737 0.072056282631 2077
0.730117154549 0.097009697672 2078
0.680059907615 0.082261990575 2079
0.879951152836 0.270770971178 2080
0.306493869272 -0.066238082410 2081
0.138000212145 -0.058798882034 2082
0.602081498343 0.051214454659 2083
0.295981000596 -0.066295621972 2084
0.560363648283 -0.109702418897 2085
0.486514191749 -0.059744100232 2086
0.287342353017 -0.205773310819 2087
0.643756164776 0.047676851437 2088
0.109444950505 -0.054783189307 2089
0.888711441921 -0.021512485082 2090
0.531449568095 -0.056378466257 2091
0.626192160188 0.049496938715 2092
0.285452588407 -0.066253752829 2093
0.420830582967 -0.063143572930 2094
-26.056077984925 28.617962089113 2095
0.631755289432 -0.048449720919 2096
0.244784833020 0.066371448383 2097
0.825517454589 -0.537852189608 2098
0.656515421960 -0.097870177866 2099
0.560288767975 -2.014108060452 2100
-53.873548977522 47.461852579003 2101
1.069296062937 0.072179407379 2102
0.640943471178 -0.047691318367 2103
0.873591033229 0.022424140560 2104
0.528595593313 -3.304147939446 2105
0.785642522124 -0.033160340214 2106
0.320789293337 -0.147868686805 2107
0.717057140636 -0.040458011152 2108
0.793182310931 0.032230193632 2109
0.782679718513 0.033028127968 2110
0.466704119966 -0.105624799104 2111
0.767870189194 0.034538117342 2112
0.777028614196 0.033853782286 2113
0.843403010446 -0.026180349884 2114
0.835326147722 -0.027068994113 2115
0.917870148266 -0.016906899163 2116
0.862794006566 0.149864336563 2117
3.437811554739 3.898422964314 2118
0.849691477905 0.025280138330 2119
0.447720045302 0.062158123645 2120
0.731903571656 0.038332727897 2121
0.162041928309 0.061536675280 2122
-31.653721739160 15.006925157399 2123
0.470139316871 -0.060125955264 2124
0.930389949992 0.015168389995 2125
2.387180349356 0.666586101054 2126
-0.909178666342 2.033728792921 2127
0.504593073920 0.058592513863 2128
0.474932063523 0.060161693625 2129
0.410964714527 0.110964475356 2130
0.610959361839 0.050022067188 2131
0.619880194832 0.049178359213 2132
0.398124638934 0.063984208888 2133
-0.776737543858 -15.934554012081 2134
0.947146473556 0.134965522642 2135
0.680145026044 -0.044652159832 2136
0.045464032988 -0.042504298946 2137
0.956560669423 0.011347953035 2138
0.948278118061 0.012576956652 2139
0.710922456740 0.040492594959 2140
0.384356364154 -0.064467778457 2141
0.057216173497 -0.046370741452 2142
0.412875810986 -0.062957136470 2143
2.053106210417 -3.838727138833 2144
2.796125648676 -2.765222065046 2145
0.063379267854 -0.045849070121 2146
21.047976356725 37.918280904397 2147
0.394826105006 -0.063648896077 2148
0.551020980802 -0.054507403033 2149
0.807959931812 0.029764471669 2150
0.681116899617 0.043275070366 2151
0.398761274767 0.161836254251 2152
0.894250417401 0.019417390380 2153
0.494588727498 -1.056889530278 2154
0.746805275945 0.036539350914 2155
-9.348882679993 71.919035396061 2156
0.882514167526 -0.021242145593 2157
0.607529954087 0.099478892662 2158
0.494169983562 -0.058584147306 2159
0.557034457342 -0.054249626556 2160
0.565506134586 -0.053662229787 2161
0.333154387191 -0.066163965905 2162
0.274915572239 -0.065512221654 2163
0.680288408267 -0.125635473937 2164
0.973258978687 0.009078794619 2165
0.964042131512 0.010247773652 2166
20.662609467827 70.296741246413 2167
0.851520501313 -0.025256996612 2168
0.641138837347 0.074527518031 2169
0.830786963621 -0.096401945340 2170
0.927052497647 -0.044551875539 2171
0.615351482522 -0.049260804840 2172
0.531796971757 0.056200335771 2173
0.540548353681 0.055379828418 2174
0.892229394120 -0.075298101634 2175
0.256869348965 -0.065174348906 2176
0.265781071443 -0.065757665790 2177
0.925977459004 -0.015847286168 2178
0.378792654942 -0.064252055585 2179
55.185118865518 3.872772914379 2180
0.247845537156 -0.064960684776 2181
0.042800537404 0.039315414183 2182
0.036561905249 0.038184106065 2183
0.031214465085 0.035134568399 2184
0.025362491497 0.033097882872 2185
0.690173219491 -0.042508586994 2186
0.238821659484 -0.064700800084 2187
0.872191659493 -0.238672361793 2188
0.230053248358 -0.064543799938 2189
0.040059437732 -0.039009051543 2190
0.031946390490 -0.037905601933 2191
0.542425162021 0.132701542556 2192
0.670567271668 0.043716274194 2193
-29.749365180600 -18.943168291350 2194
0.449125816506 -0.060551653036 2195
0.666463380341 -0.065078141775 2196
0.364042944698 -0.085825158519 2197
0.437122931888 -0.061334385285 2198
0.841450249646 0.114916266597 2199
0.886581473964 -0.048940814320 2200
0.915023269189 0.016491575537 2201
0.906259809928 0.017619148387 2202
0.184397104577 -0.115763538933 2203
0.467130831467 0.060079754747 2204
0.625810624571 -0.047798813408 2205
0.529741295169 -0.088244919390 2206
0.761616059375 0.034626001249 2207
0.943618015454 -0.013206245193 2208
0.444992538947 -0.571054084497 2209
0.797478839577 0.030513305036 2210
0.322939443637 -0.065079386250 2211
0.739304357799 -0.037092769132 2212
0.600730346467 -0.154010912175 2213
0.591401276532 0.051036768470 2214
0.579428607731 -0.051951986351 2215
0.579432527444 0.052001790024 2216
0.594388856812 -0.050739439196 2217
0.700516651736 -0.040909324529 2218
0.660086334528 0.044581617977 2219
0.649893657639 0.045716652087 2220
0.736308559501 0.037164865597 2221
0.715401497293 0.039216702775 2222
0.818386584935 -0.028144715264 2223
0.759168395388 -0.109084178477 2224
0.443004740389 -0.139263279232 2225
0.414749305999 -0.184208319911 2226
0.520996175519 0.056038661412 2227
0.095824655781 0.052803433244 2228
0.565940722987 0.052866024617 2229
0.751181265598 -0.035691653054 2230
0.760125463738 -0.034725349244 2231
0.405623562169 0.062911490563 2232
0.414231701258 0.062938180909 2233
0.583890023320 -0.051255848753 2234
0.453824547167 0.290971003516 2235
0.338588829823 -0.083231877062 2236
0.334663537426 -0.103534327167 2237
0.421901727100 0.062106240813 2238
-5.209134984484 3.777044680252 2239
0.740036524965 -0.077512094690 2240
0.374006657183 0.064240333778 2241
0.382994491086 0.064285165065 2242
0.536006464185 -0.055004051149 2243
0.026814377260 -0.034178007897 2244
0.021118782121 -0.030841525588 2245
0.840756316232 0.025999895729 2246
0.836421736106 0.025950246210 2247
0.570392593752 -0.052399068284 2248
0.575016992223 0.051945349314 2249
0.710961703198 -0.039759134231 2250
0.523108965264 -0.067314703025 2251
0.606311649441 0.049251824576 2252
0.791483021948 -0.031214461176 2253
0.850427716025 0.086678145505 2254
0.083990843917 0.050661854348 2255
0.988062116238 0.006561519905 2256
0.764334334290 -0.034170301467 2257
-0.541387191374 -1.151895167176 2258
0.312459997250 -0.064478833279 2259
0.828811308819 -0.026915720916 2260
0.867491905978 -0.022273223307 2261
0.211751084265 0.064345548206 2262
0.892859408244 -0.019310853881 2263
0.896905797929 -0.018550021060 2264
0.781078202567 -0.032436342133 2265
0.977618823921 0.007747529203 2266
0.965764696748 -0.009675151466 2267
0.302175479533 0.144817282332 2268
0.510512873637 0.056708777167 2269
0.474328626267 0.114722347389 2270
0.980628186871 -0.007589773763 2271
0.992332470647 0.005641909164 2272
0.423616097670 -0.325106737273 2273
0.969832241223 -0.008779702121 2274
0.544958649055 0.054390333676 2275
0.993997643821 -0.005656697455 2276
0.913463759916 0.045709961065 2277
0.927092703675 0.063675738932 2278
-33.632330428565 -0.723398428841 2279
0.190968003638 -0.061902374592 2280
0.199139772175 -0.062588313172 2281
0.202730152615 0.063152313639 2282
0.913680723473 -0.016495349436 2283
0.774814797598 -0.062721314647 2284
0.552238052804 0.088613194122 2285
-4.049875042210 37.732618548446 2286
0.151641319700 0.059324220192 2287
0.300263152100 0.066326224741 2288
0.205668289073 -0.063521592737 2289
0.636975643024 0.047543587759 2290
0.816279781876 -0.063560212047 2291
0.301950596126 -0.064502962606 2292
0.702037511214 0.041221000043 2293
0.697695434840 0.041016418027 2294
0.133646126588 0.057313529898 2295
0.142643214041 0.058340005273 2296
0.524209783495 -0.056764834708 2297
0.483706870655 0.058352311372 2298
0.479027501714 0.058614360015 2299
0.285607998879 0.065477924007 2300
0.452156763159 0.060156884599 2301
0.443223774996 0.060383999418 2302
0.438746585089 0.060938171546 2303
0.291753486208 -0.064580212469 2304
0.360573493409 0.064026773576 2305
0.356205972636 0.063825141456 2306
0.503082381891 -0.057754574814 2307
0.507333934608 -0.056832942393 2308
0.208960496494 -0.314344413707 2309
0.281227197116 -0.064524628291 2310
0.289634148001 0.213349534081 2311
0.236616323889 0.342007402693 2312
0.387589398155 0.062931356568 2313
0.369613708470 0.063525642408 2314
0.648149247149 -0.046517144210 2315
3.638484932973 6.861953539241 2316
0.369600889746 -0.064070356290 2317
0.365237203821 -0.063660272074 2318
0.250896810782 -0.122176286854 2319
0.261268437454 0.064510867229 2320
0.250866152581 0.064520424400 2321
0.075510269588 0.047874686624 2322
0.252565703661 -0.092009670369 2323
0.607004104740 0.072896674837 2324
0.183215066328 -0.061550380940 2325
0.953704499052 0.042380513227 2326
0.127497761794 -0.056799324769 2327
0.382811050732 -0.121663325834 2328
0.827303617464 0.027212656895 2329
-3.006997886610 0.693897698297 2330
1.159346584641 -0.326814682849 2331
0.171480986671 -0.170203384054 2332
0.514182040527 -0.145634839167 2333
0.520702141881 -0.213762543816 2334
5.206882131532 -1.964261136693 2335
0.289958178210 0.064490468111 2336
0.240468717889 0.064042323811 2337
0.952413002895 -0.011736602620 2338
0.956699634673 -0.010701901224 2339
0.143483837060 0.180623800072 2340
0.156184581654 -0.059342062642 2341
0.165637773565 -0.060867989273 2342
-1.432974487418 -71.971179916184 2343
0.863007679511 0.022756178855 2344
0.773445729817 0.062749880967 2345
-0.005366362056 0.161081610976 2346
0.396553848807 -0.093230919535 2347
0.732126671008 -0.058588272794 2348
0.965930164263 0.063999529364 2349
2.281642915975 -8.977554327844 2350
0.180345585923 0.061056348671 2351
0.148683480215 -0.058594767020 2352
0.807722790438 0.067621025674 2353
0.168219702555 0.060101457351 2354
5.228540197595 -32.845644415897 2355
0.157836541272 0.059129052204 2356
0.216310401315 0.062804087585 2357
0.998530839727 -0.005048972334 2358
0.981921194064 0.028874648269 2359
0.562588345447 -0.080802364545 2360
0.638337325378 -0.074145526756 2361
0.846443849139 0.051748897916 2362
0.796945669396 0.368744127518 2363
0.195477204144 0.061478037986 2364
-17.010120904348 37.700374585495 2365
0.724366606354 0.038393372899 2366
20.495384908695 3.864793883921 2367
0.964623932685 -0.054145386212 2368
0.969208735482 -0.090169696076 2369
0.974167545165 -0.149196854163 2370
0.589917740520 -0.075348401330 2371
0.356064009108 -0.063956539664 2372
0.103682973679 0.053338484441 2373
0.955846023105 -0.360895373552 2374
11.693986342291 -11.993524915548 2375
0.715919617424 0.133658102682 2376
0.685581390656 0.059172848495 2377
1.006751468132 -0.004882503321 2378
0.748735714976 0.051355796867 2379
0.321508751603 0.064795050232 2380
0.317138704219 0.064482270282 2381
0.837400682854 0.068342228065 2382
0.192340378653 0.784904374278 2383
0.222423396678 -0.063374700802 2384
0.710277733225 0.067194317805 2385
-16.111123991051 3.601705729702 2386
0.096303925160 -0.051754754313 2387
0.480609980390 -0.058505741123 2388
0.698229617764 -0.078972312399 2389
0.609412877749 -0.098482569205 2390
0.743645358327 -0.256302084033 2391
0.811101587637 -0.047710233725 2392
0.091993859103 0.050320130888 2393
28.113148031663 11.736579742745 2394
0.080070846845 0.047809677201 2395
0.133786688374 -0.056475564793 2396
0.426565849878 -0.061341370945 2397
0.815852672232 0.201327680117 2398
0.294247297000 -0.095589060311 2399
2.401585264411 -0.856865749564 2400
0.350365909559 0.104986717929 2401
0.123258894785 -0.055057720890 2402
0.596434134116 0.134176067032 2403
0.105343728678 -0.052295521622 2404
0.100926852859 -0.051694236787 2405
0.506918207181 7.119147557195 2406
0.047796469013 -0.143316398712 2407
0.433435779556 -0.089506721159 2408
0.422969776823 -0.109135976199 2409
-1.527879281853 0.147823073859 2410
1.078754162507 0.287150190651 2411
0.772992718123 0.123368979690 2412
0.688513525649 0.041807474385 2413
0.722831476817 -0.038479116985 2414
0.507923723375 0.086255684342 2415
0.500980938758 -0.119615188837 2416
0.516525589834 -0.056150905811 2417
0.895910004085 0.134356327226 2418
0.217840625035 -0.088604404573 2419
0.655729301483 -0.044778236624 2420
0.011670156710 -0.026721110209 2421
0.820497287526 0.048817825429 2422
0.607810726404 -0.049150405803 2423
0.370440861628 -0.247931254303 2424
0.559956777502 0.053231371855 2425
0.611747618706 -0.065593542113 2426
0.579937595692 0.078494141662 2427
0.670586560296 -0.043508815293 2428
0.636243307260 -0.046905823799 2429
0.314635242501 -0.079882439972 2430
0.598685180358 -0.050005358217 2431
0.498568420273 0.057602724028 2432
0.342541453872 -0.063940313866 2433
0.295190197965 -0.079127741632 2434
0.898712287931 0.017908812673 2435
1.146272135744 0.898819901259 2436
30.791732071142 -34.235611244912 2437
-1.028465905975 14.131752089955 2438
4.749215450628 15.559161302651 2439
1.054706560144 0.422372677995 2440
0.053299821695 -0.042139635731 2441
0.779315496858 0.080849038236 2442
-0.321123320213 -0.221568597242 2443
0.126079086788 0.055729528284 2444
0.326097699480 0.092655665270 2445
0.822835035281 0.027262474876 2446
0.277427335679 0.091297472043 2447
0.984751316882 -0.031355410500 2448
-1.133202605034 3.678354110356 2449
0.162493414581 4.139442083153 2450
-19.445175751930 -31.823155613634 2451
0.500405930605 -0.084981747562 2452
0.839217229335 -0.025730482984 2453
0.868388817489 0.049869931768 2454
0.661799900181 0.061122235356 2455
-0.008202819178 -0.636948826237 2456
0.431097438452 0.061072876113 2457
0.781809779124 0.048277341275 2458
0.687148529519 -0.057600940753 2459
0.444302050795 -0.060109060707 2460
0.879387573020 0.020429661107 2461
30.963461138034 -10.460775183563 2462
0.708291880099 -0.054202362324 2463
59.351800325815 49.636884435477 2464
0.788864470128 0.031290059713 2465
-3.476011273335 -3.038669746319 2466
0.067961117352 0.045697533568 2467
0.890040017835 0.038918703664 2468
0.984900829727 -0.006699463095 2469
0.724497811221 0.208658582478 2470
0.731870578821 -0.037106398788 2471
-0.685146313541 1.094623103492 2472
0.744001227294 -0.035912244119 2473
0.729552675829 0.049100017887 2474
0.398688730818 -0.078559435595 2475
0.347047007665 0.063857198525 2476
0.589679525483 -0.207522423536 2477
0.277934824261 0.064410937522 2478
0.464074869644 -0.059206817982 2479
0.214817554305 -0.062525187246 2480
0.803360645417 -0.029804259683 2481
0.453007685490 0.078112735326 2482
0.978113734935 0.101568837097 2483
31.395887236047 30.126616512183 2484
0.476731329095 0.093010404937 2485
0.273496945717 -0.077873501241 2486
0.948350794261 -0.205480387768 2487
-0.086956991059 0.331549507296 2488
0.935943500349 0.013138708000 2489
0.586505863041 0.050478432899 2490
0.911037485973 0.033470630131 2491
0.351626246732 -0.063538269795 2492
1.287735916072 -0.517363180710 2493
0.307846882959 0.064030784436 2494
0.270405516524 -0.064358172581 2495
0.925507294195 0.014305393364 2496
0.919554325579 0.015035045282 2497
75.739111382425 12.597532535855 2498
0.876422616761 -0.020906457587 2499
-36.037339432857 37.891067676993 2500
-0.125747475099 -2.627265087657 2501
0.386969180687 -0.157956826127 2502
0.379793547486 0.089878988247 2503
0.798427489137 0.054750395251 2504
0.017699839974 -0.028012812371 2505
14.630444717782 -4.715560764343 2506
0.261393357025 -0.064169218723 2507
0.553493502211 -0.066621891184 2508
27.589997118272 -50.376888370915 2509
0.487960136996 0.077613155731 2510
0.592091228269 0.064584354818 2511
-11.349498706149 48.528369199468 2512
0.772087230530 0.033044301897 2513
-0.004317403351 0.012061060576 2514
-0.008855941737 0.003173923493 2515
0.407083906530 -0.061831251395 2516
0.624405365835 0.063548023809 2517
6.966698821477 11.412201827291 2518
0.799479581444 0.045604576475 2519
0.571544202339 -0.095468677963 2520
0.389077314880 -0.062496544665 2521
0.822964116386 0.062979653018 2522
68.690551725360 -37.773051510023 2523
0.252375104034 -0.063977855771 2524
0.412266532523 0.087339100944 2525
0.643723950027 0.058151199373 2526
0.634100879167 -0.059104958667 2527
0.219741593947 -0.075098698484 2528
0.857063235816 -0.023262038272 2529
0.259454013986 0.109180736576 2530
0.243356878508 -0.063741287029 2531
0.009546145296 -0.022663785919 2532
0.006162941579 -0.019977319515 2533
0.947088498379 0.028268953059 2534
0.441924384250 0.091770244281 2535
0.530850384183 0.076388244077 2536
0.234347458601 -0.063457537810 2537
0.815268478984 0.027757995490 2538
0.886798692524 0.019123705450 2539
0.270472316457 0.064036175385 2540
0.931494259855 -0.013790269829 2541
-16.399202883733 9.743988013762 2542
0.754100225625 0.034605703460 2543
0.544939643091 -0.053761697886 2544
0.609248260045 0.381366073392 2545
0.943190087347 0.011696844483 2546
0.714896749690 0.053145677932 2547
0.853263646685 0.038335395688 2548
0.763713172091 0.647936090508 2549
0.252762358292 -0.732155552242 2550
0.399754466196 -0.061637992377 2551
0.325176443709 -0.395150203020 2552
0.098600271705 -1.372391131118 2553
0.512327147614 -0.098572853428 2554
0.088899084863 -0.050381901153 2555
0.798889450683 -0.029686076373 2556
0.615276833339 0.048390998253 2557
0.753027402774 -0.054797374561 2558
-4.490991244774 9.632963106268 2559
0.593509893673 -0.498398241803 2560
1.560291557578 -0.068707378088 2561
0.013636332541 0.027704311587 2562
0.929568363356 0.029925776122 2563
0.924277248752 0.040521963193 2564
0.952306833221 0.010960069654 2565
0.456554361339 -0.059139252414 2566
0.594227467117 0.222057426052 2567
0.645640977409 0.097035433447 2568
0.630202818292 0.046812904735 2569
0.663034778289 -0.043533131285 2570
-17.969630795721 -3.333441352891 2571
0.853952668077 0.022898054146 2572
0.460780527138 0.059305591334 2573
0.071630161945 0.549652296357 2574
0.938734120100 -0.012285912500 2575
0.180451089079 0.100200515211 2576
0.905960133968 -0.034403803010 2577
0.872162272046 0.039821334690 2578
0.434062336710 -0.078265014476 2579
0.620520244373 -0.078381204886 2580
0.552506377923 0.052886039443 2581
0.207289616253 0.062344711578 2582
0.676504220300 -0.042333833372 2583
0.682620203677 -0.041444049458 2584
0.060815370880 0.042431895138 2585
0.454520476725 -0.078422275798 2586
0.999884373534 0.003886693016 2587
0.844830076087 0.024552158798 2588
0.810683944482 -0.028139915627 2589
45.193185015884 -63.991387955812 2590
1.375734227363 -1.780923033517 2591
1.044441406090 -0.023900785179 2592
0.771895070291 -0.032487315289 2593
0.021064452063 0.030429133080 2594
-10.811306223889 -15.317512206341 2595
-58.486179760869 -28.086652486073 2596
0.773695779621 -0.051593904918 2597
0.535979643554 0.054628477379 2598
0.867398753449 -0.037757188261 2599
0.538654464597 0.065525074654 2600
0.235863735481 0.063105160966 2601
0.330338450463 -0.063209675926 2602
0.336524139725 -0.063431593256 2603
0.714822385651 0.084177670973 2604
0.908500567512 -0.106933327535 2605
12.170758713333 -53.148313891898 2606
0.598758331821 0.049314347199 2607
0.904271315117 -0.016300563828 2608
0.306587421066 0.110856009509 2609
0.147255088889 0.057752635655 2610
0.968572897992 0.008489236363 2611
0.879713338779 0.031334272155 2612
0.837965774466 0.043578393392 2613
0.562841630795 0.065480747468 2614
0.489545921428 -0.057010495709 2615
0.891002493036 0.052954904635 2616
0.640636028872 0.045056448275 2617
0.830688707302 -0.042374005643 2618
0.118970696476 -0.054188004568 2619
0.488669316797 -0.179399275599 2620
0.528494337410 -0.054457661959 2621
0.104967307596 0.090134807670 2622
0.175678603587 0.059614955134 2623
19.370177945354 -27.504719517005 2624
10.255207641474 -25.619469138955 2625
42.164848458831 1.369831998289 2626
0.417523108200 -0.060786057704 2627
0.138268982031 0.056741580557 2628
0.490976589972 0.056969003611 2629
-0.002845009444 -0.012709335503 2630
0.190166178686 0.083860095585 2631
0.870242053328 0.020842252228 2632
0.823866876783 0.038495851527 2633
0.706340539362 0.039564514519 2634
0.942685813418 -0.029071612264 2635
0.643566702943 -0.045177040597 2636
0.701615422932 -0.100363309355 2637
0.223662030253 0.140145184902 2638
0.561353006540 -0.052474922938 2639
0.779461750361 0.031469810192 2640
0.328832758774 0.063255552001 2641
0.957287017088 -0.037860792196 2642
1.073861408540 0.016758414902 2643
1.102551468153 -0.031679154865 2644
0.111976733912 0.075023479913 2645
0.584920328176 -0.063947423456 2646
0.083432904337 0.122470164161 2647
0.498562987676 -0.056804232685 2648
0.902420492321 0.027285345793 2649
0.553095420200 0.075618150602 2650
1.994286777405 -0.060257049185 2651
0.846406862246 -0.024029441642 2652
0.920847243338 -0.014690916740 2653
-7.588985334024 19.289050658575 2654
0.353051297014 0.085942900856 2655
-2.922543301493 4.188272905446 2656
0.954720560402 3.016285355171 2657
17.495905874501 52.721783148580 2658
0.728734389160 0.036861763756 2659
0.792849754853 -0.046200339655 2660
0.335074234623 0.063114447205 2661
0.341028521770 0.063331894303 2662
0.185854884465 -0.087812642957 2663
0.940005815381 0.020605576948 2664
-0.521497764893 0.584987813031 2665
0.473160303515 -0.057943066626 2666
0.320848749707 1.150246498275 2667
0.374015011046 -0.062714322490 2668
0.873276032180 -0.131852081933 2669
-6.826789430550 7.038011798877 2670
0.622706324922 0.047139523308 2671
0.576389049145 -0.133679294313 2672
0.893392556340 0.365380532316 2673
0.478108449738 -0.086395307612 2674
0.471658890259 0.058229462531 2675
-8.449771004252 3.073469244328 2676
0.394973375730 0.061590508772 2677
0.400945696282 0.061162582027 2678
0.858307564999 0.048130238844 2679
0.256293141808 -0.074105242112 2680
0.543619667019 -0.128048382874 2681
0.747839497567 -0.149141512293 2682
0.810662193600 0.027833154981 2683
0.804796196059 0.028510745486 2684
0.364518614087 -0.103277560693 2685
0.891086720690 0.017837536072 2686
0.959636827797 0.009186303208 2687
-38.244711731057 -11.386894738027 2688
-53.639507492266 -12.172728927705 2689
-63.379710515006 2.392464537540 2690
0.496119693307 0.065940754102 2691
0.677832353336 0.041847179473 2692
0.683986932658 0.041222166792 2693
0.743624913826 0.035178717647 2694
0.749523061945 0.034605438344 2695
0.731025937450 0.059154186486 2696
0.673199487207 0.209273634944 2697
0.764120268437 0.046693597932 2698
0.209708386155 0.075820074401 2699
0.850426343397 -0.041151136245 2700
0.380837956853 -0.077745440759 2701
0.553882562895 -0.052514539036 2702
0.387910840305 0.078468527070 2703
0.871944185428 0.201534767024 2704
0.885413470372 -0.019007736459 2705
0.010923241783 0.024247258106 2706
0.004025299056 0.020598443047 2707
-52.046428651267 15.682911074041 2708
-54.101648651403 31.816702186460 2709
0.149926995976 0.132144183867 2710
0.400764433712 0.230934975879 2711
-0.256049179361 -4.843569079208 2712
0.509372634550 0.072649387141 2713
0.142460473163 0.087452775743 2714
0.612158122389 -0.047760678585 2715
0.618325013772 -0.047263540153 2716
0.947841832995 -0.011216702925 2717
0.865929259630 0.020780716524 2718
0.859998808295 0.021426456086 2719
0.381556253614 -0.062192878365 2720
0.520905913813 -0.054822179210 2721
0.528423159851 0.054622241703 2722
1.024290841143 -0.037582859774 2723
0.081424680458 -0.047852936752 2724
0.779306120566 -0.084579209750 2725
0.964143645395 0.024269937005 2726
0.941552785303 0.225871034672 2727
0.925168678669 -0.031903006758 2728
0.110172843867 -0.430057116268 2729
0.686965668784 -0.040796919325 2730
0.693186554112 -0.040108366288 2731
0.177420359310 -0.060707102837 2732
0.667242013625 0.042221609251 2733
0.673561101830 0.041794873489 2734
0.971757519746 -0.021114083284 2735
-0.004708102869 -0.006077719215 2736
0.830121833187 0.025480156050 2737
0.651073272286 -0.044347340198 2738
0.419104980730 0.075857271145 2739
0.452036432809 -0.058976177034 2740
0.226711216105 -0.062077461487 2741
0.908994115809 0.015674811860 2742
0.902968623807 0.016405212303 2743
0.330888348260 0.072524593963 2744
0.433791722650 -0.059486230102 2745
0.440043991358 -0.059583514361 2746
-43.108465359421 66.701076640366 2747
-35.314236078485 -53.402393850437 2748
0.471505018733 0.154745068895 2749
0.230159477039 0.062292375066 2750
0.764638055451 0.032279901109 2751
0.849906911503 -0.077600048801 2752
0.410128029191 0.061516559288 2753
0.169592083030 -0.058552982148 2754
0.074199663689 -0.046290968172 2755
0.665754503906 -0.078162266890 2756
0.195311593375 -0.061401458010 2757
0.628723329970 -0.113589724396 2758
0.622516772997 -0.046442816184 2759
0.628786235125 -0.045686891573 2760
-4.310347939451 -8.110800576154 2761
0.986772927626 0.047303447386 2762
0.800385345920 0.028504210076 2763
0.945950525639 -0.117507732106 2764
0.492980799389 -0.072186805820 2765
6.337702785694 -4.206574530800 2766
0.378616604973 0.062643526318 2767
0.223776914082 0.062038029323 2768
0.736068375061 -0.035960589301 2769
0.512100722296 0.108174397900 2770
0.594285463560 0.049100766630 2771
0.658882686278 -0.043395033906 2772
0.576316831714 -0.050679928548 2773
0.591273939119 -0.049477259527 2774
0.187783919261 0.059990343690 2775
0.582516844655 0.050105372574 2776
0.539916692875 -1.464981354285 2777
8.129081430738 37.131575030798 2778
0.657098014314 0.043503099588 2779
0.663101437079 0.042699872847 2780
-5.825961524822 -16.334074487474 2781
0.319683338628 -0.063008593179 2782
0.325947950897 -0.063028180159 2783
0.697211560808 -0.039501879836 2784
0.703494538910 -0.038710708577 2785
0.053458015767 0.041116235323 2786
0.861020899134 -0.030720933622 2787
0.646302618888 0.044321013900 2788
1.704539483501 1.383388731332 2789
0.201183483230 -0.078011997706 2790
0.415568920766 -0.076509396002 2791
0.570022153568 -0.064992758747 2792
0.441253071909 -0.069879096166 2793
0.119043654387 0.053306937691 2794
0.477379073457 -0.057083863987 2795
0.483330841966 -0.056651816079 2796
0.821327909840 -0.025992358110 2797
0.815228260810 -0.027295334698 2798
0.739225673550 0.035188027913 2799
0.099825292394 0.050172725383 2800
0.747943595024 -0.034495934869 2801
0.754087440426 -0.034065811007 2802
0.517701718004 0.054429129838 2803
0.524281567189 0.054159676036 2804
0.721437892594 0.037254534476 2805
36.541459070210 -23.033565104659 2806
0.568835996012 0.051254303720 2807
0.423666168966 -0.059781692113 2808
0.429631115800 -0.059587214623 2809
0.417594443604 0.060448484697 2810
0.238032512893 -0.074432611554 2811
1.373839051040 0.647453688831 2812
0.948758862449 0.059155896509 2813
0.426541059031 0.060797656592 2814
0.256895816366 0.062858514308 2815
1.085838917838 0.178814376713 2816
0.694375696028 0.040084061356 2817
0.707452604916 -0.038840244756 2818
0.713695374590 -0.037993674258 2819
0.087588445408 0.048394309111 2820
0.794352908284 -0.029626147805 2821
0.788133941211 -0.029727866067 2822
0.806589499872 -0.082904731799 2823
-14.624210086191 -43.067929670297 2824
0.935537543571 -0.021204472500 2825
0.465272549620 -0.070087342535 2826
0.359034114311 -0.062491870059 2827
0.142923309456 -0.057549530116 2828
0.819676917466 0.026583570976 2829
0.867639693859 0.029419436472 2830
0.719851038938 -0.037100433524 2831
0.725730657915 -0.036986406013 2832
0.456595177954 -0.092412780966 2833
0.510456681978 -0.055368891516 2834
2.766900397765 -1.661755291629 2835
0.831733611227 -0.024722008471 2836
0.825287494143 -0.026055558098 2837
0.870344093939 -0.020660204390 2838
0.864115021534 -0.020862140448 2839
0.984876823197 0.005486840134 2840
0.882235089124 0.019016510745 2841
0.876312828769 0.019769332737 2842
0.309277605422 -0.062697283675 2843
0.315863960035 -0.062817625283 2844
0.889035233096 -0.018455350067 2845
0.113071438845 0.052317289555 2846
0.586955062534 -0.049251847303 2847
0.924090874509 -0.063829625443 2848
0.785421911184 0.030479216089 2849
0.601685849138 -0.048434579468 2850
-41.588677517567 -37.886651910490 2851
0.777984790973 -0.031278737064 2852
0.749342641620 0.116282750750 2853
0.962586512358 -0.008607995616 2854
0.048609111586 -0.040388674245 2855
0.562813996491 0.051329787557 2856
0.977447180208 -0.006530816113 2857
0.507523831009 0.055401941878 2858
0.513822799324 0.055224001883 2859
-31.371066577273 -30.182270878482 2860
39.344578580441 68.167306582652 2861
0.764378223421 0.075995280169 2862
0.199841276097 0.060934171170 2863
0.113077725117 -0.052661598705 2864
0.980553114620 0.005523085110 2865
-2.041593230713 -4.735184732732 2866
0.544017396278 -0.099072623641 2867
0.910565237521 -0.015397702074 2868
0.727325929612 -0.922429963843 2869
0.648778545016 -0.056677341621 2870
0.992093202954 0.162196069253 2871
0.548027509887 0.052555796548 2872
0.152552362444 -0.087108454689 2873
0.324505864771 0.063208150060 2874
0.299050557237 -0.063054457731 2875
0.305350639463 -0.063234676024 2876
1.030180562768 -0.165399107954 2877
1.088730294546 -0.117411264394 2878
0.495483697163 0.056384183319 2879
0.501474672572 0.056004611884 2880
0.282418608747 0.063337647520 2881
0.202824993898 -0.060894781473 2882
0.208836034933 -0.061177132522 2883
0.187843066378 -0.060057201216 2884
0.112354042450 -0.103904243107 2885
0.130984899805 0.054905337136 2886
-4.261787258604 25.870192409000 2887
0.219337877921 -0.061682491329 2888
0.297157229677 0.063099892243 2889
0.303533559091 0.063314824324 2890
0.394522764123 0.653555013499 2891
0.474262394993 -0.782984169900 2892
0.449068017623 0.058958204414 2893
0.455030255416 0.058745228423 2894
0.667488759842 -0.042624058623 2895
3.023230573805 2.550625963352 2896
0.461040744054 -0.058105629480 2897
0.466980848168 -0.057965862114 2898
0.938701580767 0.011465183683 2899
0.932805163597 0.012416695073 2900
0.579249765794 -0.057063937694 2901
0.363538241751 0.062435166120 2902
0.352504548473 -0.074510386481 2903
0.345522654938 -0.062698053626 2904
0.585736273776 0.092292975223 2905
0.635692130592 -0.183361716284 2906
0.288467444160 -0.063154653494 2907
0.106722256972 0.051656898507 2908
0.606228115946 0.061353805368 2909
0.689114934458 -0.070330887644 2910
0.403475857525 -0.108845519716 2911
0.029544126249 -26.365117055615 2912
0.805932596762 -0.027758576465 2913
-0.700794077767 -0.137877488158 2914
0.277947816654 -0.063148005244 2915
0.973120476662 -0.006561061598 2916
0.404082648150 -0.060699092275 2917
0.410052413442 -0.060624109243 2918
0.987781771934 -0.004889171631 2919
0.206847416232 1.974724527943 2920
0.600097536300 -0.066129806244 2921
0.160773825356 -0.058771006228 2922
0.995222901795 0.003800376035 2923
0.922443659251 0.013680841909 2924
0.392052680062 -0.061305581484 2925
0.541946404891 -0.052936973010 2926
0.547841598960 -0.052641248860 2927
0.586359629922 -0.089830420266 2928
0.366799813797 0.367967337204 2929
10.637281248887 5.849580812215 2930
0.833066633490 0.024830015641 2931
0.979523431452 0.020354765466 2932
0.879122400387 -0.019119140354 2933
0.627075684010 0.046176787210 2934
0.633114439929 0.045670094195 2935
0.072882965547 0.045237692147 2936
0.435439019990 0.059581108276 2937
0.859924076659 -0.021382803164 2938
0.853709091912 -0.022006821451 2939
0.264427415528 0.063082945436 2940
0.247569470743 0.062357121800 2941
0.219501057866 0.099083904763 2942
0.357890386317 0.134420034395 2943
0.508286145159 -0.075100271016 2944
0.390546288242 0.061527234903 2945
0.934223794105 -0.012096660750 2946
0.928125762352 -0.012573129870 2947
0.302565288838 0.082246306781 2948
0.296853870981 0.094380279312 2949
0.718236208750 0.037439268046 2950
0.912187233004 0.014989264887 2951
0.885954605235 -0.037318374934 2952
0.893584192076 0.031741743322 2953
0.691135547948 0.040096630235 2954
0.353067797219 0.062502204516 2955
0.699090074251 0.052284076365 2956
45.785256691068 36.620765512695 2957
0.538818518856 -0.068004356218 2958
0.818458915285 0.104646905130 2959
0.710729818785 -0.065755174295 2960
0.538882122295 -0.053138014546 2961
0.653897814697 0.043636523260 2962
0.513653188616 -0.054857454624 2963
0.035559498099 -0.035421039348 2964
0.898956121507 0.079290481047 2965
0.673437503450 -0.041931823510 2966
0.612656031125 -0.303988824020 2967
0.604923336166 -0.047938744645 2968
0.313992936305 0.063143082230 2969
0.573297583919 -0.050566383195 2970
3.949461791193 -5.563359526479 2971
0.243360721879 0.062621315375 2972
0.670259377935 1.099650546471 2973
0.671942295484 0.100625359426 2974
1.011600182114 -12.460684221015 2975
0.785087489639 -0.136403986949 2976
0.348572087265 -0.062384361686 2977
0.464136928729 0.058010619798 2978
0.362028428631 -0.062116037139 2979
0.439372060784 -0.425661352278 2980
0.922313996682 0.022773868713 2981
0.571801563220 0.050682355943 2982
0.339530654363 -0.062674109296 2983
0.153360819431 -0.057241736247 2984
0.728684071688 -0.036373496478 2985
0.230240772016 0.081298653091 2986
0.774824964895 -0.031464605924 2987
0.757243841912 -0.033355498879 2988
0.123457811779 0.053733900098 2989
0.727666628096 -0.094224047924 2990
0.758395162140 0.033061810826 2991
0.873330740343 -0.019932422515 2992
0.468477873800 0.081933516804 2993
0.866684318003 0.077709184118 2994
0.293326813344 0.062851043998 2995
0.253609893869 0.081043080152 2996
0.907524218599 -0.015610549482 2997
0.686433913160 -0.051464784324 2998
0.183349357079 0.059645816952 2999
0.364276629789 -0.142541424204 3000
0.488034745779 -0.281657249048 3001
0.165049991952 0.057883581917 3002
0.171352170912 0.058739773299 3003
5.388843730335 9.393514234928 3004
0.524146123025 -0.077170387746 3005
0.275288217775 0.063071115672 3006
0.990917526159 -0.004099782332 3007
0.959567052248 -0.008680202435 3008
0.154606008419 0.056849208365 3009
0.161273902718 0.057424466910 3010
0.295972048640 -0.062930749450 3011
0.458089238131 0.058203376345 3012
0.445801131381 0.058840900471 3013
0.436993712007 0.070984927719 3014
0.433645947036 0.080166052285 3015
1.011243806388 -0.646327880756 3016
1.363880053664 0.176677498366 3017
0.065714990382 0.043339309524 3018
0.812143048802 0.041319576014 3019
0.061596488672 -0.042638815011 3020
0.282125931319 0.075310725779 3021
0.066452673102 -0.043851304143 3022
0.285459974897 -0.062887755773 3023
0.350021412147 0.062386373830 3024
0.429502134637 -0.071778285605 3025
0.537028967854 -0.078245431486 3026
-8.546951206309 -0.361263514735 3027
0.093625084579 -0.049371791172 3028
0.344032409396 0.062594287720 3029
0.366530649296 0.062005341938 3030
0.332008966619 0.062770034626 3031
0.674764119256 -0.052462029939 3032
0.131534444383 -0.074195895480 3033
51.634401958385 -26.478635050718 3034
80.102544372838 -7.382096231631 3035
0.477705083971 -0.067017519527 3036
0.310988212223 0.062897684586 3037
0.000645480595 0.015859710016 3038
11.318366786652 -2.574415326724 3039
18.588169734230 -1.006637872242 3040
1.000844206084 -0.019526421706 3041
0.665962559355 0.071521711903 3042
0.801840974993 0.037284367086 3043
0.880106781375 0.056433291991 3044
4.735686373726 64.760323442826 3045
0.702628141173 0.060656507502 3046
0.211994157444 -0.060954492188 3047
0.685899621295 0.050967482248 3048
0.556859259189 0.052076251480 3049
0.095166551517 0.049320692168 3050
0.645425448514 0.143768750536 3051
0.248511129130 -0.166947353157 3052
0.674737939057 0.055378890585 3053
0.290414940807 -0.117230069584 3054
0.253920315703 0.062536108662 3055
8.754186161178 -17.105108668715 3056
1.056139815770 1.644598869619 3057
0.654533440422 0.055907635743 3058
0.576586568243 0.062935869688 3059
0.571608272309 0.070739565074 3060
0.365934494800 -0.074750304702 3061
0.130689030701 -0.054222403032 3062
0.136917445189 -0.055310229138 3063
0.861920412032 -0.047776954944 3064
0.174444284267 -0.058544068004 3065
0.180621847244 -0.058957458156 3066
0.267438377943 0.062703053358 3067
0.083309830654 0.046887213135 3068
0.767497222079 -0.032474642927 3069
-23.526703516746 -1.031868118085 3070
0.232897680001 0.061893400068 3071
13.661933566582 23.304413243137 3072
1.226248935204 0.501256627868 3073
5.502047775790 3.603469417573 3074
0.571936338040 0.089388688725 3075
-13.127715420192 -25.689228304130 3076
1.037560012199 0.047669848110 3077
0.470103826458 0.074094113959 3078
0.900102193675 -0.016795662135 3079
0.327413506760 -0.073715275021 3080
0.611795812908 -0.058130041974 3081
0.913440136108 -0.087334939193 3082
0.043474806551 -0.037401620780 3083
0.783897886350 0.174171870248 3084
0.665220164516 0.054763532667 3085
0.733191066978 0.314844104814 3086
0.026551516987 0.083976035375 3087
-0.289661278317 -0.617382722729 3088
0.794356776052 0.029288468732 3089
0.791300200470 0.029543792872 3090
0.813192784212 0.057649690475 3091
0.477197902620 -0.073142491331 3092
0.403114984004 0.074919428235 3093
0.740554351786 0.044177283537 3094
0.146173270077 -0.055913194792 3095
0.166850401697 -0.075437023291 3096
0.796857424251 0.078768366055 3097
0.490551622023 -0.082602419323 3098
0.030517117474 -0.032720363202 3099
0.086400861064 -0.047820821007 3100
0.116045633482 0.052360121507 3101
0.240616315561 -0.266843215069 3102
0.172403553070 -0.242334238498 3103
0.948498546875 1.070063329026 3104
0.420826833935 -0.085889665772 3105
0.045970843863 0.038123359459 3106
0.451448572221 -0.171697118955 3107
0.486220552904 0.056593128579 3108
0.602958670335 0.048294947560 3109
0.316773132559 -0.092567494409 3110
1.011227218920 0.043112345724 3111
0.777054066856 -0.040422185905 3112
0.058090880715 0.041041519846 3113
0.545653346339 0.112166416194 3114
-14.182838828976 -57.393626821529 3115
0.748026560091 -0.066161698163 3116
0.102591499798 0.050431196422 3117
0.986241240062 -0.017417536887 3118
0.370754233433 0.076489466999 3119
5.075685020382 -43.049588322092 3120
0.056756719202 -0.041066546723 3121
-6.303184276419 -5.403707150092 3122
0.140033758745 -0.055278671600 3123
0.702749522122 0.077138906452 3124
0.507286457748 0.374133650024 3125
-30.421822435618 6.826462900538 3126
-39.768760879729 10.107187640213 3127
0.993449266741 0.016699705949 3128
0.769336209134 0.041287492673 3129
0.910058644610 -0.024467542399 3130
0.724150075438 0.045223433360 3131
0.025180384901 -0.030596916345 3132
0.960485385026 -0.028304120280 3133
0.110083049793 -0.051498348610 3134
0.115950068762 -0.052416849212 3135
0.858969050383 0.032858879337 3136
0.385888290194 -0.061049865857 3137
0.404378695996 -0.069361138327 3138
0.875611579118 -0.189670280903 3139
0.740902443243 -0.196755685449 3140
0.034902273162 0.034450378483 3141
0.798167715265 -0.038241423732 3142
0.040643632609 0.036515633813 3143
0.533002935324 -0.053388458965 3144
0.617605231748 0.072144706716 3145
0.612884416997 0.085437526284 3146
0.625961243590 0.095736002554 3147
0.514832587547 0.067732913094 3148
0.632939249488 -0.045332846339 3149
0.899892905363 0.046441415268 3150
0.934648304082 0.670080008623 3151
0.322054641057 -0.122561943470 3152
3.480254087453 -16.305376323185 3153
-19.860736642386 -13.469121120179 3154
0.767719761714 0.055096305200 3155
0.783999233776 -0.030094297048 3156
0.339530533629 -0.073777726948 3157
1.901978030524 -0.943544775108 3158
0.386660021102 -0.086194032993 3159
-13.487952950136 -5.165361080290 3160
-24.192596607482 12.072483628475 3161
4.249752806309 0.066963078202 3162
0.662505101326 -0.053335963361 3163
0.757566779416 -0.042868607600 3164
0.639020325432 -0.044926854586 3165
0.791096645050 0.039273012346 3166
0.785765355769 0.041012611189 3167
0.787351675706 -0.056154296937 3168
0.098073532862 -0.067613387188 3169
0.628276963282 0.053714086797 3170
-12.683425012152 14.656775912946 3171
0.621182715812 0.575043950815 3172
0.914781479885 0.026429879200 3173
0.078687367943 -0.046000152803 3174
0.547804382177 0.068052818422 3175
0.504342295163 0.067435520983 3176
0.916702621574 -0.014527369943 3177
-4.178472706814 2.170511447947 3178
0.635326217410 0.055119818802 3179
0.599533478317 -0.086334227496 3180
0.874292566966 -0.029178150417 3181
0.835875419169 -0.024258023965 3182
0.960441127112 0.033992707734 3183
0.071508486565 -0.044460727054 3184
0.842263997430 -0.023811675621 3185
0.453201584942 0.106722599153 3186
0.982665628402 -4.350558650894 3187
20.862744286667 10.866486438176 3188
1.295902642188 -0.138444206281 3189
-8.704239557305 -3.484884926371 3190
0.707905409882 -0.047124407496 3191
0.817518459123 -0.709750619554 3192
72.275496126774 37.486311984239 3193
0.720989168039 0.060274300601 3194
0.806710626770 -0.230395349525 3195
0.149828884136 0.070646958400 3196
0.631020864323 0.071739419787 3197
0.837800361742 0.036652307516 3198
0.751234997764 0.043901977244 3199
0.050990106304 0.039164960702 3200
0.481180037230 -0.113884264700 3201
0.995107527340 -0.042846477460 3202
1.012623542843 -0.060367020792 3203
0.978683017050 -0.044609416549 3204
1.049366180863 -7.548649661523 3205
-9.965651433300 -11.119534524004 3206
0.475738470385 0.057361920336 3207
8.891992694017 -9.620283449128 3208
0.522162580810 0.160439536063 3209
0.679419602843 -0.041297744073 3210
0.064163969602 -0.042677975760 3211
0.745163635808 0.060692984265 3212
0.680328622374 0.069411773591 3213
0.166879867192 0.077599898577 3214
-25.121708419082 20.390193940349 3215
0.826318587235 -0.037786419039 3216
0.775044590450 0.031089593166 3217
0.356578108097 0.075481232607 3218
-72.671691119940 37.684089491603 3219
0.768780471172 0.031771177976 3220
0.848583360544 0.032166623917 3221
0.333510012483 -0.062728508286 3222
0.724919759319 -0.049435852029 3223
0.029539104438 0.032430829317 3224
0.828066359955 -0.078433198293 3225
0.646830941894 -0.066393328367 3226
10.459857862227 1.797595596887 3227
0.192673497558 0.059948195295 3228
0.486135997168 -0.068090058805 3229
-0.962494845933 -1.676151000207 3230
0.273722146967 -0.062854198216 3231
1.023824097339 0.082824284417 3232
0.611869039724 0.055483318077 3233
-81.003788834231 5.373248448436 3234
0.088921854149 0.066704365882 3235
1.216389668121 -0.734401929964 3236
0.219379591454 0.061489101741 3237
0.707771413736 -0.146604824904 3238
-2.385968501812 -12.549455127873 3239
0.357488362481 -0.080928745561 3240
-0.092009139247 0.018644316160 3241
0.788553747953 0.054611112863 3242
0.453103389783 -0.118296229480 3243
0.622941042924 -0.055707374934 3244
0.592376987580 0.110901854978 3245
0.856883155807 0.021827939969 3246
1.064793222029 0.106462977580 3247
1.134308796713 0.106993743425 3248
0.928360653499 0.012709584584 3249
0.746215589084 -0.048095442547 3250
0.520977527912 5.481089599059 3251
2.038753602002 -2.139141618376 3252
0.264310595630 -0.062340785080 3253
0.267561082739 -0.062403286872 3254
0.184107773525 -0.075263500631 3255
0.116027950380 0.062880333590 3256
0.384887747799 -0.103321517839 3257
0.733071611787 0.035688131120 3258
-1.911989067019 -20.953737971946 3259
0.255301519321 -0.062163565506 3260
0.258555678233 -0.062232484527 3261
0.947388903204 -0.063775663267 3262
0.420590194558 -0.153767879743 3263
0.618279087637 0.046505183663 3264
0.973891307490 0.014156313356 3265
0.851075736556 0.022407410789 3266
0.847759094295 0.022736566920 3267
0.609001573776 0.047342030911 3268
0.612216549471 0.047109269935 3269
0.816957643982 -0.039940757507 3270
0.539251111136 0.085619653127 3271
0.040967020794 -0.035950502318 3272
0.246292853003 -0.061941516232 3273
0.249546832689 -0.062026793035 3274
1.881921470695 -2.942714138070 3275
0.652839401730 0.072698035374 3276
0.817488978942 -0.126721346375 3277
0.046440453422 -0.037464537027 3278
0.237284824531 -0.061672557706 3279
0.240538537867 -0.061775008425 3280
0.949186005251 0.009833715795 3281
0.946007557061 0.010323457217 3282
0.231509920683 -0.061393230514 3283
-4.480246053161 -0.262430906694 3284
0.775290541130 0.041968919280 3285
0.064910447932 0.071516853004 3286
59.760163911586 -53.233692938386 3287
0.753265917797 -0.090372079364 3288
0.829999886067 0.043379108695 3289
0.940142022800 0.037405035578 3290
-12.364375442478 1.883644382884 3291
0.955212412216 0.008931604021 3292
0.604453036622 -0.118661522114 3293
0.937290343514 -0.038597948379 3294
-2.336878342792 -3.284735182371 3295
0.117612603370 -0.086703691194 3296
0.232779764962 0.072320743787 3297
0.007125029037 -0.225755339658 3298
0.802467861893 -0.053985763198 3299
0.523117165040 0.085933095097 3300
0.015630596227 -0.025376077024 3301
0.013032290492 -0.023381477886 3302
0.414529626608 -0.060200798273 3303
0.805697858348 0.041622890175 3304
0.396486587145 -0.060866580129 3305
0.452252568143 -0.072525840819 3306
0.418296870573 0.140141015626 3307
0.697930182000 -0.051986907676 3308
0.713460976202 -0.091526941229 3309
0.082940643209 -0.080194552863 3310
0.900781263528 -0.044677858763 3311
0.896969479344 -0.057487540246 3312
0.458505027778 0.066936058048 3313
24.227261991116 -3.773238371733 3314
0.738188855389 -0.049346948877 3315
4.002552699868 -1.922800999433 3316
0.709736528571 0.048030410507 3317
-22.619789880726 -23.283211446830 3318
0.649416939977 -0.083179438365 3319
0.586735654895 0.072117567546 3320
0.849438913658 -0.022751927166 3321
0.836499501922 -0.036152466049 3322
0.222212594547 -0.106264688853 3323
0.882826725321 -0.061367400520 3324
0.870946576104 -0.072871657732 3325
0.033727188661 -0.033242365594 3326
0.028063829341 -0.031065912724 3327
0.828781773770 0.030979030775 3328
0.709081442642 0.038024304603 3329
0.712388220394 0.037711689899 3330
-0.474929507263 0.048065840973 3331
0.538803145561 0.052890019486 3332
0.542019932052 0.052609361620 3333
0.043782305948 0.036779071741 3334
0.524235005833 0.068656527010 3335
0.965631580851 0.007519171008 3336
0.962583603499 0.008388360897 3337
0.923864214945 -0.013366765847 3338
0.673663488539 -0.158054387260 3339
0.532719832554 0.053240094807 3340
1.005197596273 0.002280762566 3341
1.017217397381 0.000241989844 3342
0.974543463759 0.006273601672 3343
0.971248537688 0.006735526265 3344
0.486468723612 -0.056485496434 3345
0.338013134405 0.062625750649 3346
0.558321969212 -0.051518761334 3347
1.569921008773 0.441781570793 3348
0.828465116821 -0.053053023621 3349
0.569709648351 0.130826937992 3350
0.542307089897 -0.060958525014 3351
0.564130771732 -0.050936840981 3352
0.567349004081 -0.050721062773 3353
0.842645403257 0.032669092800 3354
-26.695975662961 68.584434102232 3355
0.516777477990 -0.072890893273 3356
0.386552217835 -0.068695880900 3357
0.492287635246 -0.056006366359 3358
0.495608510528 -0.055725675889 3359
0.643550831397 0.044462593000 3360
0.732027187723 0.081651702498 3361
0.841972410304 0.023490438460 3362
0.838972046132 0.023821572959 3363
0.072864657315 0.060306504846 3364
0.406884699196 -0.084304224285 3365
0.420527579464 -0.059942952352 3366
0.269540940675 0.072465355190 3367
0.343363801475 0.078309286242 3368
0.755555619730 0.041085730742 3369
0.466539116154 0.244542054792 3370
0.775868461226 -0.429544313250 3371
1.272829164676 -1.314869237304 3372
0.641485009815 -0.052113009023 3373
0.305670641872 -0.071205672026 3374
0.206763658012 0.122084409949 3375
0.376925898517 -0.061415425954 3376
0.210266255483 0.060572849622 3377
0.213543337845 0.060771174284 3378
0.555611981132 -0.091926530964 3379
0.669646460024 -0.047600124823 3380
0.914987270468 -1.612302012873 3381
0.567070898352 0.057493519925 3382
0.895675610117 0.016812911469 3383
0.957380919733 0.016108502298 3384
0.468491769946 0.057541191031 3385
0.660875891490 -2.713176691622 3386
0.599989353007 0.055286387650 3387
0.595238421673 0.057622177352 3388
0.871724869996 0.026371721463 3389
0.716728171788 -0.037438382426 3390
0.759682880444 0.053325241222 3391
0.839095857293 -0.050370767444 3392
0.637565506227 0.044908896388 3393
0.295152389991 -0.071736213332 3394
0.991971583206 -0.023318553692 3395
0.246566124881 0.093769502404 3396
5.078535901782 5.591996065834 3397
0.422657614459 0.066959705411 3398
0.525362680177 -0.053621568529 3399
0.470202279279 -0.075096085797 3400
0.468505047734 -0.093013559608 3401
0.127953602412 0.267769700644 3402
0.204493231347 0.060190243035 3403
0.150683293983 0.056554317251 3404
0.700274640530 0.038933865947 3405
0.703432067635 0.038562243803 3406
1.560927829643 3.864447897456 3407
0.694474731767 0.058287081118 3408
0.019868923987 0.026964481192 3409
0.135602956699 0.054445199791 3410
0.689808935442 0.045615482973 3411
0.141658750415 0.055580546024 3412
0.144275827832 0.055841587600 3413
0.130044660751 0.068543341203 3414
0.393250341238 -0.071793228088 3415
0.944819190423 -0.010348682322 3416
0.941547233682 -0.010887349138 3417
34.856397875274 7.160780844989 3418
0.875912261091 -0.046217842239 3419
0.501271174696 -0.055342298041 3420
0.504448539566 -0.055199215777 3421
0.028142005887 0.261770959712 3422
0.398034187054 0.060902992469 3423
0.567335813003 -0.071767193080 3424
-11.413911497030 10.051322817638 3425
0.484856197670 0.063219123593 3426
0.482736007900 0.069476274405 3427
0.475989835715 0.068716687424 3428
0.292447689350 -0.167765281210 3429
0.646521360034 -0.043848000532 3430
0.226892634088 0.061649924962 3431
0.882730649137 0.026230537540 3432
0.431261656671 0.105866169204 3433
0.236013324932 0.182519843759 3434
0.284592134611 -0.071112445173 3435
0.493130184040 0.110743801011 3436
0.933489729623 0.023074150483 3437
0.447504578173 -0.058523217402 3438
0.965748562231 -0.014621351192 3439
-1.702514339244 6.961413295679 3440
0.504439985784 0.055348738294 3441
0.171959923942 0.069436503440 3442
0.421922108035 -0.070996411197 3443
0.748490536581 0.088121317757 3444
0.639884876219 0.066297266834 3445
0.368004838337 -0.061654870234 3446
0.371182797065 -0.061506439934 3447
5.782364120889 1.983654292316 3448
0.317816333973 0.075719948618 3449
0.413166498492 0.060291295729 3450
0.077440296939 0.045618821885 3451
0.785692965875 -0.041816162051 3452
0.016936948432 0.025533682859 3453
0.014139068604 0.023834126025 3454
0.126485973114 -0.053802909918 3455
0.765886831769 -0.044878152137 3456
0.447989815034 -0.088242996827 3457
0.404086879316 0.060284688250 3458
0.407189166849 0.060310187272 3459
-76.177667029189 -29.925503994087 3460
0.867989040119 0.122871148514 3461
0.804573993867 -0.039531933831 3462
0.531440773636 -0.064764074551 3463
0.496854428362 -0.065836115404 3464
0.821078691090 0.033512621704 3465
0.381359563260 0.061233518891 3466
0.384686135409 0.061135272838 3467
-30.653322555094 -10.341174315522 3468
0.607207725127 -0.053141212527 3469
0.372464962296 0.061534063201 3470
0.375689505744 0.061407466633 3471
0.670479509668 -0.058334587550 3472
0.332719491652 -0.079455916633 3473
0.507955411027 -0.067588552011 3474
0.198701071637 -0.060213656483 3475
0.740591610516 -0.034842278711 3476
0.938310174655 0.108189465706 3477
0.618294166387 0.057617051157 3478
0.880585586894 -0.029677348191 3479
-5.330144608405 16.372469871560 3480
0.340520396028 -0.096705396095 3481
0.343741195674 -0.068156050101 3482
-14.053072957193 20.270266353716 3483
0.765905441163 -0.038338847338 3484
-0.223825418081 0.499128842712 3485
3.018253633694 5.392286997618 3486
0.722087531159 -0.064724907673 3487
0.843719069536 -0.034949938590 3488
0.420524048334 0.059862993707 3489
0.423637548462 0.059637140754 3490
0.515852056715 -0.060083281025 3491
0.953614000776 -0.009172506222 3492
0.950438725648 -0.009565146202 3493
0.316571214803 -0.072412501079 3494
0.133538088710 0.108866471363 3495
0.873238324437 0.019554163297 3496
0.693054923493 0.119593246161 3497
0.589723055857 0.048920233241 3498
2.693926077926 1.393465807733 3499
0.549350202320 0.061629256805 3500
0.004276968351 -0.016411250064 3501
0.001542686902 -0.014373684357 3502
0.998421107784 -0.084405465260 3503
0.578044769457 0.049927633470 3504
0.333532592499 0.081839024328 3505
0.192224392574 -0.059683485513 3506
0.891749246871 0.027046736690 3507
0.782350687201 0.030224903756 3508
0.953286336377 0.171709871386 3509
0.286558966113 0.062889305911 3510
1.865231506088 6.167491822615 3511
0.984088683492 0.065743573660 3512
0.599056170424 0.068954629827 3513
0.682756283045 -0.278681574799 3514
0.644238474883 0.051945594803 3515
0.582120414829 0.058322608032 3516
0.971137893911 0.030671466545 3517
0.580551605962 -0.049758106548 3518
0.916187212572 0.014223379176 3519
0.595425694924 -0.048506356130 3520
2.089307784465 0.982581621127 3521
2.003652789508 0.672554205423 3522
0.914729428935 -0.043200428175 3523
0.730735312544 -0.041307278755 3524
0.637667559699 -0.067100474415 3525
0.136519343475 0.452402245290 3526
0.718779169414 -0.047657736685 3527
0.367865770462 0.106779143621 3528
0.957699591861 -0.021616342882 3529
0.761851796897 -0.061704808158 3530
76.373116188221 -22.381242189247 3531
-0.093157891217 1.020325917812 3532
0.058870355144 -0.096585148533 3533
0.825777843658 0.025400444512 3534
0.951681673231 0.021241819389 3535
0.761190106820 -0.032627755857 3536
0.184702245231 -0.059280659953 3537
0.236265473861 -0.085569678906 3538
0.469968123906 -0.057206947108 3539
0.390064605857 0.104836197417 3540
0.898873005805 -0.022789257011 3541
0.898726959064 -0.028397097819 3542
0.986251210388 0.402937050929 3543
0.110092449826 0.051436055781 3544
0.472429467099 -0.063907354492 3545
0.376667540453 -0.071433916448 3546
0.549583564000 -0.061823100250 3547
0.650867920888 0.043675323205 3548
0.918480793077 -0.025755861567 3549
0.460754378580 -0.075937256405 3550
0.192826388405 -0.149264682750 3551
0.847944167416 0.044590759549 3552
-40.876345422214 -72.457559264154 3553
0.885290822578 0.036082673138 3554
0.357184310580 -0.067851626114 3555
0.275813060436 -0.088508911063 3556
0.631347176696 -0.053188736496 3557
0.502439883427 -0.064611267561 3558
0.320268175141 0.062604467086 3559
0.703891144734 0.047738110278 3560
0.223603236654 -0.061139801796 3561
0.150220569297 -0.073369769694 3562
0.578998326259 -0.070924398354 3563
0.336109714013 -0.218093688939 3564
0.853381267865 -0.115894465544 3565
0.305635652014 0.073238743193 3566
0.786680491252 -0.070291423536 3567
0.988962704146 0.004268735612 3568
0.417820488491 -0.231224591874 3569
0.990510091380 0.024244189354 3570
0.564915579336 -0.060446602371 3571
0.882164294059 -0.018497161100 3572
7.720370272440 83.136938667916 3573
0.430282947873 0.068598849457 3574
-19.094834128554 25.978577450248 3575
0.545781486783 -0.074477710121 3576
17.569629141933 -13.892547843657 3577
0.593897891338 -0.054951505339 3578
0.744217056219 0.049483475838 3579
0.098186033058 -0.049558074769 3580
0.779618870917 0.034714854017 3581
0.319205159196 0.086130747346 3582
0.951903038294 -0.019395999571 3583
1.039916540287 0.029387198386 3584
0.966675526376 -0.007406962032 3585
0.163754410382 -0.057387335118 3586
0.167167036155 -0.057783640674 3587
0.981533153324 -0.005319125689 3588
0.278373414699 0.128810579378 3589
1.430119269156 0.996616043353 3590
0.260254738596 0.062291079997 3591
0.893798662160 -0.017089407271 3592
0.869684858777 0.061714202145 3593
0.265878606967 -0.073603533211 3594
0.411371101024 -0.070513131789 3595
0.677866330568 -0.074482308714 3596
7.481125204668 21.083518412513 3597
0.157914840494 -0.057027171997 3598
0.776113255497 0.053967379333 3599
20.889043900034 29.505476727713 3600
0.354714113130 -0.062005866026 3601
14.202679585489 4.722300082225 3602
0.331506138819 0.140349238581 3603
0.834072499859 0.032211684019 3604
1.011405901066 -0.027249665446 3605
0.925170984328 -0.499169388198 3606
0.104605499273 -0.058245669800 3607
0.654251900618 -0.062473075377 3608
-0.388952140903 0.897213034982 3609
0.347849558097 -0.081247976206 3610
0.812173153722 0.036413555723 3611
0.550814469181 -0.051819901151 3612
-0.221823245313 -0.123354127175 3613
0.853231503960 0.026447597830 3614
16.088790852985 13.983829421936 3615
0.150431130245 -0.056296708732 3616
0.359304537218 0.061910934931 3617
0.007922436641 0.424514462297 3618
0.061830983224 0.094948524414 3619
0.338404698774 0.099407330362 3620
1.060188814823 -0.333218087895 3621
0.719132525539 0.046229701664 3622
0.375722790630 -0.085479035674 3623
0.725462011174 0.036424215267 3624
0.354825470441 -0.099681637427 3625
0.646352924454 0.047897354672 3626
0.854488144357 -0.033422657005 3627
0.620470561760 -0.062617007638 3628
0.342879422336 -0.135478061700 3629
0.557071796896 0.060238245299 3630
0.967547360723 0.017905664721 3631
0.946142020340 -0.019559032393 3632
0.441806082781 0.058724928748 3633
0.891698727260 -0.029917638878 3634
0.457627168597 0.127473658986 3635
0.680866111392 0.040666472216 3636
0.307065361996 0.184294820151 3637
0.349896304614 0.211847893255 3638
0.851594023142 0.073108587878 3639
0.292588049882 -0.062570722685 3640
0.482236503105 0.056630551057 3641
0.738264421851 -0.334025064559 3642
0.815497946528 0.312014803618 3643
-1.902140756044 1.742130931970 3644
0.117221854299 -0.064232733843 3645
0.111485011711 -0.073597549039 3646
0.599720874124 -0.060089589689 3647
0.461774117201 -0.065458050763 3648
0.282076702638 -0.062512510918 3649
2.019760671351 8.215634818808 3650
7.451821075771 -2.477017987148 3651
0.979052990407 -0.027402932523 3652
12.229958754186 -7.564868713768 3653
0.929034057600 -0.023981974551 3654
0.057618810580 0.051824588437 3655
0.051772570631 0.062352761683 3656
0.936147470426 -0.057180665356 3657
0.615127616131 -0.046650793921 3658
0.127783166737 0.053741796341 3659
0.559370867023 -0.061438837637 3660
0.239133639728 0.061812489067 3661
-2.732342279692 -7.251093091497 3662
0.255908813250 -0.069833611662 3663
0.718854815162 0.169115310220 3664
3.069359861632 -4.902406294209 3665
0.746534188994 0.033974723758 3666
1.207017978931 -0.077092935326 3667
-4.263646231135 -1.927289423373 3668
-1.085864193945 0.715718013738 3669
0.021013421546 -0.027837258581 3670
0.807669440213 0.027225228202 3671
0.876981638261 0.037007371993 3672
1.007714031763 -0.039995298586 3673
0.824016261418 -0.193001607807 3674
0.689824845321 -0.039792075355 3675
0.518986905246 -0.064299149526 3676
0.673528940113 -0.106912395921 3677
0.371143032403 -0.070676866241 3678
0.179123498189 0.058794217021 3679
-2.206853613254 -0.509984607374 3680
0.008892533971 0.020631000004 3681
0.006678144954 0.018178108064 3682
0.070146588697 0.044024911415 3683
0.246533473647 -0.069813878406 3684
0.714624568508 -0.041257474063 3685
-40.282026887713 53.706496753061 3686
0.260279416688 -0.361815705940 3687
0.522979623730 -0.062966506070 3688
0.238061654910 -0.069484330466 3689
11.818742595099 -82.938974771393 3690
0.661886642277 2.081399272745 3691
0.517701163723 -0.054289845754 3692
0.687052143097 0.040182993537 3693
0.228490505207 -0.069373604190 3694
0.993818281728 -0.010376949679 3695
0.255091723114 0.073227338679 3696
-0.185040780119 11.599084389704 3697
0.425602866308 -0.100065478195 3698
0.980005089571 -0.011787188252 3699
-14.853860206048 -0.613181831477 3700
0.574022983690 -0.058932582166 3701
0.236611049100 0.091966362403 3702
0.600520336261 0.090834891967 3703
0.710212178251 0.059091715822 3704
0.396234317960 0.068570369933 3705
0.391146328783 0.070097170931 3706
36.026187285462 -2.257999513958 3707
0.653881160748 -0.043437300817 3708
0.657127181239 -0.043059195786 3709
0.697981390474 -0.231212412801 3710
0.629454507656 -0.049410111637 3711
0.322995264248 -0.062335951220 3712
2.092936785992 0.252177321922 3713
0.793642268605 0.476841951647 3714
0.589187177236 -0.058029334311 3715
0.118018512293 -0.141957902224 3716
0.397867202883 0.131042856310 3717
0.831785085191 -0.028699609827 3718
0.987893539093 0.010987568220 3719
-11.194146526669 -21.110152483178 3720
0.304492952118 -0.092509885379 3721
0.587035212563 -0.053268650569 3722
0.561582889031 0.204858168755 3723
1.538257707437 -0.688309267014 3724
0.608955634078 -0.047290643616 3725
0.889482072377 -0.099204352456 3726
0.788468108756 -0.033537127502 3727
0.862934669437 1.424965082373 3728
0.505119715819 0.063053447545 3729
0.209443188178 -0.084093962950 3730
0.349138003390 -0.069962565802 3731
0.445298443253 0.070907936184 3732
-0.176899513476 -0.865110387431 3733
-0.098450514918 -1.214702430079 3734
0.783555217339 0.036876473093 3735
0.816275405782 0.033290770899 3736
0.436999677613 -0.058779021419 3737
0.828665994576 0.165233325933 3738
1.066922813847 0.779822029187 3739
0.530163078819 0.060367962420 3740
0.525594454309 0.062984224557 3741
0.776528091695 0.037708254516 3742
0.833714396154 0.094958344084 3743
0.910094395504 -0.065967701256 3744
0.887077494108 0.024769224984 3745
0.402978358775 0.099608330892 3746
0.695391487061 0.047478988356 3747
-0.917274057287 -0.866140594119 3748
-0.979914775258 -0.503886983483 3749
0.348544967713 0.067623401682 3750
0.810139195349 0.090286143212 3751
0.621985626384 0.138823295995 3752
2.622813056577 3.705687715848 3753
0.168951588645 0.091898638837 3754
0.670409428378 0.041704529430 3755
0.906313827923 0.022289768125 3756
0.361535846084 0.083075288833 3757
0.897649404519 0.021743384620 3758
0.105744620271 0.059310218617 3759
0.443727077253 0.150809487246 3760
0.243106412051 0.134714730696 3761
0.101753741163 0.159469230846 3762
0.208592473286 0.087638286486 3763
-0.554651774277 1.724787956470 3764
-27.363707778532 39.464365763083 3765
0.498310329719 0.083095470562 3766
0.657222133585 0.047287953609 3767
0.214214752748 -0.070133106160 3768
0.490533594966 -0.061276255297 3769
0.244622144554 -0.087798490278 3770
0.252643396438 -0.084480456295 3771
0.759004237841 0.040027316640 3772
0.625600728408 -0.045786166525 3773
0.482440917202 0.084898449322 3774
0.847916453895 -0.027995288372 3775
0.927245693796 -0.294249814579 3776
0.801703811030 -0.027873042176 3777
0.656923396149 -0.051055111781 3778
0.804806504170 0.032018052680 3779
0.927154135711 0.017945397407 3780
0.429478827383 0.059338039579 3781
0.432546758940 0.059094927763 3782
-0.000144479395 0.012139216039 3783
-0.000496491233 0.008971244984 3784
-0.002139838907 0.005747262034 3785
0.817804988281 -0.055473702523 3786
0.014003553977 -0.045053307730 3787
0.292962275852 0.072286115234 3788
0.013193355187 -0.079101728587 3789
0.636230366410 0.086010078977 3790
0.647903708007 0.085141732307 3791
0.899785882099 0.016191687939 3792
0.756754084550 -0.050111840164 3793
0.520886322969 0.053997116525 3794
50.487081636863 13.971560250721 3795
0.754481626260 0.072703303225 3796
-0.916958441234 -2.562077701760 3797
0.196607365198 0.059647473728 3798
0.309572263676 -0.077464052097 3799
0.715802603875 0.111578105287 3800
0.944941313616 0.015553896444 3801
0.786615661450 -0.037246387403 3802
-12.054517542728 -83.233713754471 3803
0.778354380614 0.099752805385 3804
0.700286660048 -0.038825656647 3805
0.917584678804 0.039502204934 3806
1.001384109441 0.022138047546 3807
0.846115571357 -0.394902427134 3808
1.002878794912 0.009366521078 3809
1.006678435474 0.013185338375 3810
0.995170080834 -0.003273836982 3811
0.752175773088 -0.040564163598 3812
0.654296704323 0.117511989197 3813
0.507760058013 0.058977788813 3814
0.725777541542 -0.045547164948 3815
0.198007862349 0.176764647767 3816
0.510678707845 -0.062868652644 3817
-3.256995625344 60.331116061026 3818
-0.018029701868 -0.047368657727 3819
-0.067751984664 -0.089225804373 3820
0.818122317970 -0.026145409054 3821
-2.269175120256 0.826254795118 3822
0.195016361949 -0.085955136517 3823
28.401597635170 21.004656356058 3824
0.922418104692 -0.018626899872 3825
0.627294298730 -0.059662732321 3826
0.279314472539 0.062680529464 3827
0.300476821286 0.062465980351 3828
0.905975177227 0.015414080348 3829
68.012247158680 -3.383793970530 3830
0.601991554612 -0.055873315178 3831
0.731594424294 0.042295089426 3832
0.610460559110 -0.083722684569 3833
0.205905456623 -0.060156784319 3834
0.862795306696 0.020783146242 3835
54.348181129726 -8.399642286685 3836
0.844902617930 -0.049369626274 3837
-3.580899815033 -41.089188620007 3838
-67.366499484529 -42.740564315360 3839
0.189499599281 -0.066728917052 3840
0.296325719971 0.080001715321 3841
0.052613998612 -0.039430796381 3842
0.679572590408 -0.057369191382 3843
-8.095465969923 31.871783724840 3844
0.692356498452 -0.055590091021 3845
34.636890877465 -75.984865009034 3846
2.481354076612 -7.183721584860 3847
0.266607312421 0.082156891845 3848
0.674549464949 0.050634353670 3849
0.619896295904 -0.137031989535 3850
0.242647610363 0.260988341868 3851
0.090864532334 -0.048337115121 3852
0.922848684800 0.053982212639 3853
1.185107080461 0.389181376163 3854
0.091035330637 0.048027484051 3855
0.443198277118 -0.058595733683 3856
0.849578357742 0.029093847013 3857
0.912347553444 0.071816783665 3858
0.419599459552 0.100412215024 3859
0.247510262083 -0.108925178049 3860
0.025191736269 0.029826668918 3861
0.465438617217 0.068002367508 3862
0.913086972080 0.022721159647 3863
0.216199655642 -0.060806273540 3864
0.579603543872 0.069514509772 3865
0.667530996118 0.046233816517 3866
0.650208871795 -0.052515329777 3867
0.539765127128 -0.114659216580 3868
0.965961851216 0.051747943642 3869
0.751010654566 -0.033605839100 3870
0.981142587191 0.009386623177 3871
0.982678973333 0.013238796637 3872
0.716961101241 -0.044434062047 3873
-1.180315636703 -0.012442306039 3874
0.425717041587 0.080745154817 3875
0.778460032682 -0.034932402569 3876
3.123970567740 13.613975402999 3877
0.898497781776 0.030136079340 3878
0.906671388649 0.041459500820 3879
0.416581912789 -0.064511761756 3880
0.465270653112 0.103713856566 3881
0.975666635614 -0.014933171194 3882
0.312480859190 -0.062461734444 3883
0.761448835596 0.032478379870 3884
0.203396445655 -0.108483443168 3885
0.308914148969 0.068167754780 3886
0.858430295091 0.028994619329 3887
0.381583217832 -0.064825833969 3888
0.733093064033 -0.035255316298 3889
0.743709748023 0.038741573030 3890
0.375568642617 0.083867701370 3891
0.306481781513 0.062361045078 3892
2.135572353227 -0.514028474694 3893
0.744857262665 -0.034251340529 3894
4.559407671918 -1.143019302297 3895
0.521692529349 -0.093029124262 3896
-0.041436272044 -0.392918600309 3897
0.931145781512 0.019037588656 3898
0.599811280372 0.291055987736 3899
0.659947864726 0.042642861240 3900
0.565770975629 0.050541096553 3901
2.394864579330 -62.673891944488 3902
0.274408797662 -0.070301249394 3903
1.378736604169 1.539398887001 3904
0.035801198494 -0.059793239129 3905
0.973207066054 -0.010465061450 3906
0.250930089246 0.061920998441 3907
0.798804891251 0.033998267182 3908
0.361518101462 0.068273583171 3909
0.626448098080 0.059545641005 3910
-32.576525597295 22.746430086434 3911
-34.727861770553 30.843278881147 3912
0.838206684883 0.058571557994 3913
0.949825177395 -0.033572086317 3914
0.381038838336 -0.202911800363 3915
0.959846804974 0.022419757050 3916
0.271889956018 -0.118166237456 3917
0.610218271057 0.123585758747 3918
0.636103551454 0.051451678476 3919
0.056143362911 0.151459173070 3920
0.638693546632 -0.104409617184 3921
0.173704555122 -0.067623759447 3922
0.346054685213 0.072138412063 3923
0.225733476748 0.121469731186 3924
0.362251118406 -0.070001437233 3925
0.277857120515 -0.066513914870 3926
0.689866330783 0.075063415945 3927
0.680833456134 0.056562789590 3928
0.572688852818 0.058355453806 3929
0.289033130092 -0.077206915329 3930
0.499050249002 -0.077336731774 3931
0.480463601312 -0.056522168527 3932
0.857734337327 0.104741468498 3933
-0.002365657520 0.002080052067 3934
0.619046659582 0.052742952676 3935
0.791279268728 -0.029185106171 3936
0.834812227566 -0.031397631744 3937
0.911151875091 -0.019069727353 3938
0.586201909882 0.057492258641 3939
0.710732848903 -0.037744086991 3940
0.629542439349 -0.074810608155 3941
0.065181122460 -0.064539788860 3942
0.052523022155 -0.080589988873 3943
0.321810775342 -0.172914994178 3944
1.001170405226 0.081162559784 3945
0.590608307958 -0.068925348005 3946
0.960364572723 0.013044728695 3947
-7.440150051234 -8.995472863651 3948
0.243778734581 0.071481028110 3949
0.797225951789 0.028325310370 3950
0.929107840303 0.084831678277 3951
0.196778293828 -0.071439801856 3952
0.426504650480 -0.059353958730 3953
0.585425002796 0.049105652687 3954
0.104017797535 -0.050300952346 3955
0.107089204961 -0.050715697410 3956
0.407230117040 0.070227783824 3957
0.864477633125 -0.025005790618 3958
0.664295450247 -0.049587860218 3959
0.848673361581 0.240198955536 3960
0.941206610850 -0.016217862339 3961
0.893359564204 0.065223086653 3962
0.037933050997 0.034939730923 3963
0.867265867764 -0.020252146486 3964
0.446315432385 -0.063725766584 3965
0.553347062948 0.058577141176 3966
0.434920416209 -0.064677808895 3967
0.431624630615 -0.068083525908 3968
0.122255236840 -0.052866331788 3969
0.528156938028 0.124512683734 3970
0.821295294494 0.043117487907 3971
0.271951548992 0.062182440340 3972
0.690430498472 -0.478372621594 3973
0.828548865416 -0.024904304224 3974
10.872265935143 10.210667829868 3975
-16.077062286237 60.787086335464 3976
0.703883572663 -0.042891747973 3977
0.487185121687 -0.064662993817 3978
0.653525664943 0.051711733123 3979
0.510404983737 0.054667392033 3980
0.323350190718 -0.078953732015 3981
0.520373893862 -0.128359709050 3982
0.221891646724 0.070081108247 3983
0.322915041374 0.072832042965 3984
0.376156571718 0.071455888800 3985
0.982981874769 0.136041063064 3986
0.251247305365 -0.074310059305 3987
-0.003221459493 -0.001070397334 3988
0.949619458645 0.016367022155 3989
0.606391029989 -0.065655826718 3990
0.452776623711 -0.067447093344 3991
-29.068123030602 -5.309915336047 3992
0.733059596074 -0.071395007448 3993
0.655037854728 -0.119416549797 3994
1.060460951040 -2.115769231583 3995
0.679052545331 0.046988018446 3996
0.722660096948 -0.036514387752 3997
0.869356499529 0.036119756831 3998
0.457386959289 -0.064977027950 3999
-50.234896179265 -62.718794772382 4000
0.203328437748 -0.063835365535 4001
-1.787049747228 -1.282243084376 4002
-2.627037136510 -1.929471849996 4003
0.892634099276 0.110154409852 4004
0.920800514987 0.114917104787 4005
0.176449333255 -0.083949732961 4006
0.737500534715 0.040579921477 4007
0.793197341377 -0.035311303329 4008
0.384717294062 -0.074722835057 4009
0.438274318801 -0.074041983802 4010
25.389850160721 -12.589336429399 4011
0.394890296180 -0.067474278479 4012
0.693534317575 -0.063938651586 4013
0.703258290643 -0.069129597890 4014
0.535857432875 -0.052908256511 4015
0.301973227425 -0.062474540760 4016
0.836026701464 0.023994344817 4017
0.729228686958 -0.080566121144 4018
0.821473160997 -0.029892150274 4019
0.663959870692 0.050699384877 4020
-0.003347334189 0.120557700893 4021
0.398566330893 -0.065623406473 4022
0.491263273524 0.062892513737 4023
0.740258454419 -0.063451026022 4024
0.551666558095 -0.076294872980 4025
0.736091226213 0.049826281251 4026
0.713059378206 -0.051180922517 4027
0.714706626250 -0.058688995838 4028
0.452001698920 0.058124053891 4029
0.736093922374 0.035128325745 4030
0.736904201374 -0.044570732361 4031
0.622876898831 0.049666654549 4032
0.812842589001 0.026986529605 4033
0.042573896348 0.046504651631 4034
0.888779952049 0.018064531721 4035
0.233114757129 -0.073978120498 4036
0.610264959883 0.165445051332 4037
64.717418284496 14.202227985337 4038
0.817288535672 0.026538825356 4039
0.884546826935 0.018417499416 4040
0.115978515408 -1.822741711002 4041
0.746560441346 -0.044035853869 4042
0.497454759350 -0.106565749348 4043
0.207314416361 -0.070576929186 4044
0.658956496007 0.057006011502 4045
0.453662522331 0.064147750105 4046
0.780846570591 -0.030339888628 4047
0.498432046204 0.055450238769 4048
0.989512128056 0.038856078748 4049
0.166674690545 -0.139635052330 4050
0.715199790449 0.037260033654 4051
1.145724410231 -3.304626177305 4052
0.408155972981 0.082621689795 4053
0.532476993896 31.819897195035 4054
0.328134605810 -0.097522847299 4055
0.658250990861 0.098014275441 4056
0.559798007307 0.051140205360 4057
0.751701019763 0.033774635433 4058
0.298737884113 -0.066935853528 4059
0.869318146414 -0.026248149138 4060
0.234158807587 -0.145789179031 4061
0.529537370619 -0.181747625516 4062
4.271934778890 1.297280434747 4063
0.636052911215 -0.044824861161 4064
0.791179088238 0.036374755695 4065
0.742501565183 -0.039409770883 4066
0.195327331238 0.073091243898 4067
0.756074851761 0.033293010649 4068
0.194100995297 0.065996693362 4069
0.141543032790 -0.080461175289 4070
-0.106918175135 -0.308090285919 4071
0.697329215760 0.039050280049 4072
0.168416821298 0.057740934890 4073
0.868086553303 0.020210298528 4074
0.882924685827 -0.026660650792 4075
0.606156866696 0.047377392323 4076
0.202516810490 0.067373452473 4077
0.845234452997 -0.030325459435 4078
0.913408409239 -0.014403474636 4079
0.617937600705 -0.052225336523 4080
-26.629530156679 -53.837665576155 4081
0.266014174087 -0.089676033116 4082
0.413426115654 0.069827512991 4083
-3.372052654775 8.343834236782 4084
0.563485173135 0.102094596653 4085
0.562027907102 0.114192038474 4086
-5.333284458605 -3.966974088287 4087
0.623105558621 -5.500716166599 4088
0.447289125913 -0.072903380194 4089
0.941713589861 0.010487737032 4090
0.570260401909 -0.050329781982 4091
1.032004854100 -0.011974004742 4092
0.495391056584 -0.062526919619 4093
0.966571784616 -0.025246466447 4094
0.083871845795 0.056202666755 4095
8.919509457272 -13.248761001207 4096
0.294226144495 -0.957227499408 4097
0.807137769682 -0.035171871471 4098
0.507373976469 -0.054829638281 4099
0.181830297036 0.073445143945 4100
0.960502911016 -0.016637107582 4101
0.113513044023 -0.572202018580 4102
0.586650106998 -0.426875332473 4103
0.906790136984 0.029315071255 4104
0.062686378112 0.041645372890 4105
0.797722770630 -0.028237002201 4106
30.542434699411 -16.148421714594 4107
0.400957472701 -0.060248423797 4108
0.557928638403 0.069564965440 4109
0.288266309350 -0.066953589163 4110
0.470618365487 0.061861116133 4111
31.621042469681 61.164000322781 4112
1.111083631040 -1.093163435885 4113
0.369583034717 -0.081973012634 4114
0.132617892412 0.061865361854 4115
0.851772610581 -0.029356678593 4116
0.157955700836 0.056799980769 4117
0.317425459886 0.101471994487 4118
0.032358449831 0.032683068414 4119
0.094465621408 0.058192978271 4120
1.046818104291 0.355090028587 4121
0.838970893819 -0.023659096909 4122
0.765006675370 0.035943193124 4123
0.583723824791 -0.049251505634 4124
0.382092833477 0.071450303063 4125
3.569035048715 -0.088046531228 4126
0.802626452675 0.028092267860 4127
0.977330223107 0.005719132571 4128
0.160696235386 0.066791929222 4129
0.365049258936 -0.061575505243 4130
0.748092029502 0.040066191880 4131
0.827696685692 0.025158737680 4132
0.863229692568 0.032015849134 4133
0.544828611035 0.052260973824 4134
1.244440949312 0.692617533549 4135
0.809300244629 0.033145084248 4136
0.139113238376 -0.064161583515 4137
0.598648811072 -0.048027166547 4138
1.211923823901 0.293546061204 4139
0.777337843491 0.030757289219 4140
0.988297808948 -0.012472479517 4141
0.539438441480 0.059412849218 4142
0.363100418549 -0.523797281169 4143
0.574777933265 0.049963427476 4144
0.849955673882 0.061707456909 4145
0.892605064255 0.017007364807 4146
0.162194878231 -0.105456927757 4147
0.082682654263 -0.059715916561 4148
0.710394320242 0.044770085382 4149
1.047033986858 0.000386820287 4150
0.460660119372 0.080305591283 4151
0.661417392995 -0.042153592632 4152
0.664323586357 -0.042072949351 4153
0.893756183554 0.022942485941 4154
-0.692705531117 2.956932942432 4155
-1.876650780893 2.765663693236 4156
0.290972603050 -0.088397310582 4157
0.454875674939 -0.057943070721 4158
0.457884718458 -0.057640508547 4159
0.309274679044 -0.066933109614 4160
0.305116946958 -0.137460556985 4161
0.753795055570 0.187177444884 4162
0.693490458581 0.089461352110 4163
0.974538158532 -0.071576552600 4164
26.543135004850 -28.275629466059 4165
0.174514385242 0.058108552217 4166
0.937254010593 -0.011084121172 4167
1.098618970009 -0.209199176495 4168
-13.264957376163 5.220323259200 4169
-5.966247341940 -1.257148460031 4170
0.926275654432 -0.019942961673 4171
0.692935054270 -0.043216698185 4172
0.142128818112 0.062546118360 4173
0.741406364283 0.034670089563 4174
0.764380051668 -0.032124074352 4175
0.517822753590 0.058513662867 4176
0.730670095040 0.035743758801 4177
12.537362400336 46.808810690052 4178
0.634909982222 0.218359389832 4179
0.259895209245 -0.105241085112 4180
0.302406178100 -0.076684344082 4181
1.037365625418 0.155294734738 4182
1.239340380516 0.100063328904 4183
0.766697658056 0.031917171576 4184
-2.038743990417 10.941659654157 4185
-4.841740636301 12.724962887182 4186
-83.889431117922 -8.832668862474 4187
0.578928632686 -0.176842415652 4188
0.609911619153 -0.258460573033 4189
0.366999742310 0.070225828182 4190
0.796856542480 0.041292652469 4191
0.675692171935 0.041243545727 4192
0.550736947681 0.051824529043 4193
0.553724102992 0.051425708634 4194
0.139520997638 -0.213901644797 4195
0.683815523435 -0.040297608811 4196
0.662494461502 -0.060357073885 4197
0.397793027967 0.082260313193 4198
0.956507799439 -0.008627967856 4199
0.529997778852 -0.053436689213 4200
0.709957195539 -0.043518895581 4201
0.919800410042 -0.020984427072 4202
0.896966811775 -0.016506414376 4203
0.732204359761 0.266702700233 4204
0.596598935174 0.048569231292 4205
-15.816697317057 -14.156878249581 4206
0.812061943028 -0.026783426227 4207
0.809219409778 -0.026950855070 4208
0.154770178018 -0.064514529287 4209
0.600617145778 0.047920278850 4210
0.770450379285 -0.031264438918 4211
0.438917289855 -0.064932996154 4212
0.454584842335 0.072137552870 4213
0.475153405341 -0.056911739207 4214
0.665114985566 0.042424986068 4215
0.661658953286 0.171225245684 4216
0.767740114378 0.038623821246 4217
0.999419928065 -0.002841557232 4218
0.164964341411 0.117947317581 4219
0.514118746512 0.062968810295 4220
0.270446030220 -0.062265603420 4221
0.969838721477 -0.006765333995 4222
0.329026432325 -0.062192268720 4223
0.641922195028 -0.044415631822 4224
0.276887937238 0.071291543666 4225
0.335743514778 0.069423340172 4226
0.984729216667 -0.004671775360 4227
0.624755693020 0.045991851595 4228
10.042358511205 30.816212764308 4229
0.992155915598 0.003609286233 4230
0.518026791003 -0.451160893989 4231
0.620607865690 0.046236436996 4232
0.620320901319 -0.046285391322 4233
0.648867201982 0.043999875320 4234
0.283965479045 -0.105735572530 4235
0.042441427018 -0.049112968501 4236
0.902965369173 -0.015406148401 4237
0.170038311834 0.165257225488 4238
0.274036349254 0.182289465563 4239
0.522627173879 -0.053808946385 4240
0.574676541167 -0.111164484283 4241
0.555883884424 -0.051432396534 4242
0.083283259126 -0.046417270333 4243
0.354271545402 -0.343836396735 4244
0.387517842511 0.060890974470 4245
0.478959273953 0.056605978984 4246
0.986300718849 -0.123068996539 4247
0.449917469448 -0.058231985239 4248
0.412803829237 -0.067066803922 4249
0.369527491568 0.061451000523 4250
0.578279970163 -0.049736389212 4251
0.438256493641 0.064291804427 4252
0.656843632585 0.067578836559 4253
0.431649716029 -0.059445742197 4254
0.593289505259 -0.048460364050 4255
0.914113243855 0.014301968673 4256
0.559492388626 -0.071639682166 4257
0.689241462657 -0.046151140193 4258
0.604038157036 0.058481448382 4259
0.589460184006 -0.049118749556 4260
0.428821165724 -0.083754559817 4261
1.003618948600 0.535416886523 4262
0.644937268873 -0.056366767591 4263
0.438534152067 0.058807194772 4264
0.381255738898 0.144909563973 4265
0.364129351499 0.181828409975 4266
0.648903204529 -0.043599644710 4267
0.716872499997 0.042487989100 4268
0.489517833813 0.055770826421 4269
0.492303051566 0.055663786051 4270
0.870553240048 -0.034278071041 4271
0.630825286203 -0.045326134330 4272
0.695230518977 -0.039651692085 4273
0.957437100813 0.008476706020 4274
0.592102083873 0.048556632054 4275
0.379973527896 -0.061208608875 4276
0.860664077584 0.025353229819 4277
0.698138052457 -0.047791210960 4278
0.930662736708 0.012157441181 4279
0.392556497824 -0.082005165582 4280
0.876411815510 0.027312058081 4281
0.383542566888 -0.061095724515 4282
0.579901368657 0.049796648677 4283
0.995896286716 0.010934597632 4284
0.261438852844 -0.062104952136 4285
0.919425097477 0.018782587820 4286
0.723435411427 0.042118906742 4287
0.357037263161 -0.061823674136 4288
0.828219420872 -0.030956350111 4289
0.824543833477 -0.033651487779 4290
0.327494337147 0.061942334588 4291
4.720653420792 -9.870991070980 4292
0.356044793860 0.061787533514 4293
0.705385069390 -0.038380696746 4294
0.821490508342 0.030446783454 4295
0.635246410900 0.044850479705 4296
0.919547635444 -0.050630886295 4297
0.844375286010 -0.023006997967 4298
0.967148014758 -0.043731022923 4299
0.780215400206 0.071687097384 4300
0.259632952109 0.069339253378 4301
0.342506744267 -0.062009493473 4302
0.822529256210 0.025585482385 4303
0.479033212134 -0.097521365212 4304
0.734848229252 0.039969863022 4305
0.864569279079 0.025938265758 4306
0.881613993478 0.023277688072 4307
0.252430785870 -0.061913622200 4308
0.738510834471 -0.035092073979 4309
0.670406579847 -0.041602814352 4310
0.076406118277 -0.045069864548 4311
5.169781852429 -25.225606415228 4312
0.243423250625 -0.061676876035 4313
-1.257243750593 -1.223341622549 4314
0.235618741846 -0.119115414660 4315
0.446565953081 0.083370158013 4316
0.317017061842 0.062397176614 4317
0.793785978476 -0.042030147873 4318
0.781476364859 0.059174412912 4319
0.671506201324 0.338729435187 4320
0.918836988102 -0.013691359174 4321
0.377681608582 -0.068012429710 4322
0.313451385414 0.082467592622 4323
0.234418276120 -0.061391947038 4324
0.421214456967 -0.067238402394 4325
0.439206421368 -0.113559826170 4326
0.228024567413 0.634133062535 4327
0.418460003670 0.064535722189 4328
0.801555594767 0.118802662795 4329
0.412128780905 -0.060009776322 4330
0.733374973041 0.068944211544 4331
0.886896766828 -0.017911257481 4332
0.009173401304 -0.019862038159 4333
-39.622445684391 17.061400263960 4334
0.835330220379 0.029424839724 4335
0.682801564852 0.046485780662 4336
0.160489876636 -0.084628382119 4337
0.394125927312 -0.060696862287 4338
0.559206872190 0.083492938006 4339
-23.319988702106 79.020910038595 4340
0.587945131044 0.054384928299 4341
0.823212991678 -0.025630535569 4342
0.545900341969 0.057923528603 4343
0.885240324308 -0.021735165113 4344
0.638220279644 -0.057182223942 4345
0.526967775494 -0.064356386673 4346
0.526612035882 0.053678178760 4347
1.034674869295 0.273423558217 4348
0.786062678329 -0.029776684033 4349
0.671955904581 0.047421498553 4350
1.763517730330 2.302501959464 4351
0.466595518858 0.064247951527 4352
0.344618655648 0.122134429210 4353
-0.417864630903 2.326535012123 4354
0.285022544016 -0.094729054896 4355
-45.578313416406 35.468195829830 4356
0.530375306758 0.053345705831 4357
0.771997263581 -0.037845350467 4358
0.320251465247 -0.066108090837 4359
0.289964998079 0.062436473545 4360
0.055839707161 0.040044032369 4361
46.518450827099 24.961997498902 4362
0.458913678122 -0.151411059286 4363
0.891448346174 -0.017456479302 4364
0.816272631147 -0.035343399918 4365
0.505539704939 0.098145852033 4366
0.216406446486 0.060694116306 4367
0.353762744416 0.070095640360 4368
0.799620666635 0.065705699413 4369
0.983046621273 0.005237975842 4370
0.533734463462 0.070874960170 4371
0.861947725078 -0.021241154555 4372
0.418436460007 0.085414793338 4373
0.833764559328 -0.024309894208 4374
0.806439068727 0.055234623384 4375
-6.095930294850 -27.327815827542 4376
0.610938662704 0.067841916995 4377
0.759202739206 -0.032824925701 4378
0.986827693195 0.004350456222 4379
0.788298137338 0.029263929098 4380
0.649077590529 0.057203508455 4381
50.024289349049 53.391839292883 4382
0.515778649890 0.054423848427 4383
0.879122700272 0.018309297577 4384
-1.009522787323 1.483648494557 4385
-0.110987723079 3.418859984677 4386
0.401013785847 -0.074425295602 4387
0.099484911484 0.222716047302 4388
0.491301102516 0.071362234109 4389
-0.265309004502 6.414745180778 4390
0.298110992405 -0.088043133272 4391
0.473520494457 0.056918784455 4392
0.440546292309 -0.084519194747 4393
0.317824346550 -0.062562589413 4394
0.134021895410 -0.054222956934 4395
0.174513924453 -0.104819775634 4396
0.964485295225 -0.007552419358 4397
0.967099871802 0.086788916394 4398
0.775227452475 -0.046823644462 4399
0.851604819128 -0.022198462310 4400
0.554369484640 -0.055717228773 4401
0.052098507458 -0.206410046269 4402
0.514705880495 0.095985462056 4403
0.393506135836 0.060277199073 4404
0.979400725123 -0.005402335208 4405
-0.009127809762 0.053131965582 4406
0.207403972582 0.060245830889 4407
0.211522731631 0.067640673395 4408
7.519567098887 0.761983342619 4409
24.191615223482 -41.867334398116 4410
36.131631362790 -46.172815459069 4411
0.279442317717 0.083253277464 4412
0.463938403071 -0.057383819511 4413
16.584461190783 -9.930628883043 4414
0.975606560599 -0.006271109040 4415
0.620540630942 -0.067801119906 4416
-56.328586399706 64.126152898739 4417
0.926023776802 -0.012788674445 4418
0.413899826655 -0.102831627990 4419
0.570713764805 -0.086369194082 4420
30.198853531335 38.633994703213 4421
0.619373993876 -0.090203269244 4422
26.333660180326 6.683021897240 4423
0.426363788189 -0.129594608761 4424
0.885124442712 0.085737228977 4425
0.351523427196 -0.061784863058 4426
0.876191193635 -0.019051948045 4427
0.827383720077 0.035637805315 4428
0.998258446235 -0.014713854120 4429
0.843074320472 0.029613781996 4430
1.143461656743 -0.098935416529 4431
1.430797577731 0.038216729551 4432
0.638388267988 0.060798271396 4433
0.965323178947 0.014202071361 4434
0.695441051585 0.784391038834 4435
0.281132045521 -0.076565827825 4436
0.625066226787 -0.051922136491 4437
0.307361270498 -0.062564256633 4438
0.677480595339 -0.047673706140 4439
0.614619322157 -0.053115559939 4440
0.484246995540 0.056434671706 4441
0.555088467480 -0.200274046908 4442
0.682267841125 -0.047132877979 4443
0.147471688570 0.055668450986 4444
0.796023079667 0.033366344895 4445
0.137922024201 -0.101824776764 4446
0.934336544752 0.291519460298 4447
0.754489209576 0.037552447223 4448
0.690640371085 0.055883703803 4449
0.935703248818 0.011000280163 4450
0.450901265712 -0.064375427749 4451
-13.983581873770 -35.961533551442 4452
0.347009664060 0.061927105612 4453
-69.153131059489 52.013005300413 4454
0.573012107853 -0.072059958206 4455
0.171449510169 -0.057535759144 4456
0.528794871678 0.250636276048 4457
0.415580470431 0.060155452157 4458
1.516377927824 -0.472538003782 4459
0.497073758467 -0.242406118817 4460
0.934116094373 0.038406806874 4461
0.944082981649 0.023942042411 4462
40.811313171430 -32.301791038926 4463
0.924389135212 9.330051721622 4464
0.865846599501 0.044431447166 4465
0.905896494844 0.050208207305 4466
0.290325662166 -0.062680949009 4467
0.470414197610 -0.121171977085 4468
0.120675078914 0.052061814642 4469
0.926441589238 0.026765135636 4470
0.037981582734 -0.034363101428 4471
0.475727512515 0.064860315968 4472
0.098328768174 0.048723281090 4473
0.198988164080 0.085490971630 4474
0.466237001101 0.057375558229 4475
-0.365595753491 -0.422277156106 4476
0.324158673577 -0.068660259876 4477
0.321949863551 -0.106740675432 4478
0.279808383094 -0.062655898434 4479
0.478757047316 0.188260692174 4480
0.080503320489 0.045713750852 4481
0.361492152756 0.061696221805 4482
0.443799348486 0.058599041802 4483
0.269802246932 0.068502159970 4484
0.186433611374 0.058619938978 4485
0.189431257005 0.058820420455 4486
0.646717213822 0.069997436875 4487
0.728156895467 0.053483537318 4488
0.222426421839 0.060567140032 4489
0.390120631236 -0.136639564042 4490
0.729447919007 -0.052272005954 4491
0.228391227631 -0.060695866743 4492
0.491007775311 -0.154264978607 4493
0.687735287311 0.100948907775 4494
0.613024683003 0.470854390315 4495
0.303346678009 -0.068665302777 4496
0.723410078039 0.036597431804 4497
0.138504602145 0.054677518503 4498
0.934092311886 0.056445553777 4499
0.939284195197 0.069388497143 4500
0.891337746702 -0.025208600040 4501
32.249499533107 79.426890170269 4502
0.225377117703 -0.087298627045 4503
-48.072170927121 -31.173503729347 4504
0.900114705657 0.023528423934 4505
-18.646202601177 -7.752281109456 4506
0.387721845941 -0.065369929826 4507
0.314834150901 0.071458527127 4508
0.768581164619 -0.057451304742 4509
0.161851121315 -0.068990163742 4510
0.086481085989 0.046557684431 4511
0.599072998420 0.052151366820 4512
0.531069623197 -0.060603543678 4513
0.121075074143 0.102765367794 4514
0.096260992422 0.112342026814 4515
0.953910337551 0.030194194654 4516
0.980613767552 0.260209552139 4517
0.856777666706 -0.020953056165 4518
0.276223206117 -0.062280221881 4519
0.838948281105 0.050524522206 4520
0.669749153932 0.055104827862 4521
0.322405741462 0.062342217817 4522
6.516344938158 -1.333604049219 4523
0.068242861744 -0.055450045837 4524
0.780600381457 -0.053880085661 4525
-3.575126023628 3.155674531669 4526
0.221150845573 -0.067454193022 4527
0.154992979093 0.059972791943 4528
0.919760500541 -0.036700210875 4529
4.191968418654 11.350635667001 4530
0.151124356092 0.063917442520 4531
0.931182285999 -0.011484430109 4532
32.474242616087 -63.215938934419 4533
0.159166463261 0.087785127854 4534
0.040915071908 0.064626927288 4535
0.406999838913 -0.059712389735 4536
1.225253073573 -0.231688369476 4537
50.982913272817 -15.860246363075 4538
0.696365015924 0.044328184022 4539
1.000224152272 -0.197388585143 4540
-7.401058086403 9.529218884260 4541
0.559459783340 -0.323072019765 4542
0.221474799599 -0.060915413659 4543
0.389014373153 -0.060300618965 4544
0.507224336195 -0.089726395892 4545
1.568986648961 -1.209985784928 4546
0.809844406984 -0.056085849404 4547
0.292802214022 -0.068151265412 4548
0.708595129437 -0.075774217807 4549
0.563221562553 0.055268811255 4550
0.733691958311 0.054561649920 4551
0.738124026253 0.059876122044 4552
0.129470911741 0.078444405862 4553
0.771835083068 0.030737521490 4554
-2.320563616362 5.816452728703 4555
0.583962290816 0.195406836437 4556
0.810491236323 -0.148076781615 4557
0.534959307526 -0.058312249921 4558
0.537803156764 -0.057863532113 4559
0.776851627605 -0.103708853391 4560
0.582179956851 -0.053863668649 4561
10.980286166778 -31.990281058636 4562
0.215439458121 -0.079641649798 4563
0.194956688232 -0.102137503722 4564
0.738550632985 -0.040783618383 4565
0.299296423801 1.419864449193 4566
0.668382418021 -0.093164187671 4567
0.296324801890 0.330544897645 4568
0.811579814942 -0.097524376458 4569
0.336185904300 -0.068955842431 4570
-26.216797280376 3.266293473899 4571
0.455360234567 -0.104056343747 4572
0.355515098822 0.095894019631 4573
0.462354463937 -0.062411817333 4574
0.180951287923 -0.069378347549 4575
0.187240881871 -0.064304451950 4576
0.571097588578 -0.055192048382 4577
0.282141672864 -0.068870961447 4578
0.629110615453 0.049852662005 4579
0.201187278264 -0.059788777784 4580
0.483605174672 -0.060250103728 4581
-0.008420040447 -0.172207659309 4582
0.817125034197 -0.032134427280 4583
-34.853153973187 77.230175821607 4584
0.704106033069 -0.052087991836 4585
0.667088309399 0.059373583538 4586
0.944176899477 -0.017054512609 4587
0.331149771523 -0.068868579872 4588
0.268208345464 0.097859526763 4589
0.346198821012 0.092746215082 4590
-46.407447264361 -7.579173521994 4591
-20.249896281665 -0.412787161602 4592
0.550353349898 -0.058141914205 4593
0.295295874839 0.062631447903 4594
19.060363634887 -21.618248642225 4595
42.194023476169 9.750988531683 4596
0.849594432425 -0.092567310764 4597
0.399897961629 0.071005112565 4598
0.832516719306 0.137232589803 4599
0.503927934696 0.079403167983 4600
0.396406289514 0.491766297909 4601
-4.733496194811 88.030812652415 4602
0.318490170769 0.126914331607 4603
0.201426640740 0.059315262491 4604
0.558794901409 0.056131841326 4605
0.615078480779 0.046078435049 4606
0.310994769128 -0.086982771301 4607
0.284163621136 0.062304713986 4608
0.998082657065 0.002448697062 4609
-16.388128148825 30.173589396659 4610
0.976193710868 0.048412952388 4611
0.509182541538 -0.059893680594 4612
0.105786682466 0.049768635577 4613
0.342956446776 -0.077901412535 4614
0.091691728451 0.079476672600 4615
0.901213762755 0.018118095776 4616
0.647459333532 -0.073893982968 4617
-0.175657150785 -3.904493635814 4618
0.906988837339 -0.029126172760 4619
0.543705345744 -0.056656414347 4620
0.132594196906 0.053387457090 4621
0.460944038036 0.057133326694 4622
-19.093108045013 6.823806214585 4623
0.544797171362 -0.051727687607 4624
0.951992535082 0.008660390543 4625
-5.315249248532 5.631098732567 4626
-6.823706523451 4.632594073465 4627
0.593369809379 0.054335341518 4628
0.498415810846 0.280734198596 4629
0.953788993344 -0.049362947615 4630
18.226762728983 6.464166325260 4631
0.189822746789 -0.059514540990 4632
0.614006686752 -0.075760062430 4633
0.481890105955 -0.067304466168 4634
0.959032673491 0.104040400367 4635
0.546366917479 0.162724950202 4636
0.824863794436 0.055217351880 4637
-6.655270297097 2.529662883374 4638
-8.789464495600 15.324025664360 4639
0.469013717599 -0.065669526320 4640
0.808527277662 -0.041970140131 4641
0.423865606168 -0.063346209342 4642
0.446151412828 0.066217381682 4643
0.937785650795 0.015973423496 4644
-83.529927680280 23.151482931357 4645
0.479265173739 -0.061877758818 4646
0.699556711869 -0.044723684252 4647
0.595858583251 -0.058228704107 4648
3.644559013974 1.693337354566 4649
0.165495459363 0.320427084042 4650
-2.571303721070 1.609067894751 4651
0.335563912095 -0.124328691066 4652
0.651474670355 0.048672161883 4653
5.319212530905 -3.467831491319 4654
0.952546044075 -0.016215918800 4655
0.262408318916 0.062197329644 4656
8.212065932931 -21.551068772153 4657
57.763062514824 63.479533356720 4658
0.713716077984 0.041980367463 4659
0.794760434908 0.049917551437 4660
0.765046533906 0.109468023653 4661
-54.581176102893 -3.059680069070 4662
0.895329783340 -0.040747349818 4663
0.888188050663 0.157463016841 4664
0.180623898577 0.087119490281 4665
0.130875040929 -0.057845561126 4666
-1.967483102832 3.725614785756 4667
0.241472688151 0.061661508011 4668
0.145240800786 0.079376732672 4669
0.222687044212 0.076108539494 4670
0.522401295924 0.059802533256 4671
0.074722626663 0.043863110827 4672
-0.520212892429 -32.895289552476 4673
-51.499143361620 -21.207837301006 4674
-7.950927893387 -13.780197242713 4675
0.278840406139 -0.633854867561 4676
-5.159759021013 -6.500432760361 4677
0.976084099688 0.025595632591 4678
1.635321821610 -2.011031496099 4679
0.131923560666 -1.163811726229 4680
0.564121561407 0.061098787087 4681
0.514679755161 0.079629808904 4682
0.546041758991 0.081030787772 4683
0.600539385461 -0.052991945575 4684
0.715627566407 0.074142569655 4685
-25.603687026451 -14.363300020551 4686
-0.562726272670 -0.846001957864 4687
0.245292134555 0.061815325814 4688
0.368323398333 -0.118832970846 4689
16.574235184495 1.927666668480 4690
-19.935033107297 10.693820885596 4691
0.996725633212 -0.007974537647 4692
69.645084856701 24.350227018095 4693
57.173136815472 37.139391209006 4694
0.535814987593 0.052318861926 4695
0.119194976739 -0.051736711748 4696
0.405778682093 -0.064968228193 4697
0.864818568446 -0.034623061303 4698
0.811024330597 -0.032890820843 4699
0.582418598353 -0.060230903535 4700
0.222998310357 0.089560592406 4701
0.501482925881 -0.061835788582 4702
0.428158925840 -0.064463303486 4703
0.559361723797 -0.058133081804 4704
0.914111402396 0.019581638081 4705
0.905207321434 -0.019932284506 4706
0.799355974347 -0.032842301071 4707
1.116347951259 -0.636948548774 4708
0.363777389566 -0.066877305777 4709
0.741947122835 -0.121840289297 4710
0.198545325079 -0.067108818400 4711
0.862308114735 -0.055906178996 4712
0.515654571836 -0.054362441762 4713
0.909735504443 0.206870454437 4714
0.573726880752 0.055229720404 4715
0.716570454201 0.048335997512 4716
0.368853553561 -0.095688244352 4717
0.375174399863 -0.102225711401 4718
-21.775085191046 -17.930556839751 4719
0.671030167617 0.082467848334 4720
0.919282546079 0.013046411769 4721
0.661959717408 0.047656178865 4722
-19.424790444503 47.346875045325 4723
0.701000822495 0.187353440271 4724
0.689074014854 0.039919212493 4725
0.297389932443 0.066258392404 4726
0.630024318206 0.044789806188 4727
0.925244534146 0.012232995662 4728
0.918674200066 0.024555326849 4729
0.550104679627 0.053799963019 4730
0.538947696322 -0.084432686869 4731
0.843365745066 -0.056887364942 4732
0.512139662593 0.060186051872 4733
0.350231867120 -0.066825656807 4734
0.565145819088 -0.057501719794 4735
14.312961631460 -2.029948038047 4736
0.286627511313 0.094059155616 4737
0.101332736868 -0.049067179568 4738
0.589375729006 0.060912970130 4739
0.246394981236 0.077319623436 4740
0.979401319506 -0.269178363245 4741
0.704319743840 0.044935008945 4742
0.194772153551 0.059473165436 4743
-3.334117610527 -10.376832832622 4744
0.944588447968 -0.173032454627 4745
0.182629753049 -0.058598235490 4746
0.514252243701 -0.113604343978 4747
1.004144607645 -0.001456097767 4748
1.002047595519 -0.005317986315 4749
0.720013528615 -0.040667735474 4750
0.673193918332 -0.068924515150 4751
0.804590616250 -0.026570627166 4752
0.925865074438 0.145938737790 4753
0.782031516835 0.043741057705 4754
0.068717341791 -0.042532826398 4755
0.181408801334 0.058636855324 4756
0.258086732435 -0.194173526671 4757
0.314027903953 -0.068279998638 4758
0.060158383619 -0.040458872219 4759
0.806361263860 -0.065563564610 4760
0.454265314615 -0.059891135437 4761
0.968324907389 0.006360538520 4762
0.592404217615 -0.126457686419 4763
10.185822177494 57.717761787891 4764
0.074251796437 0.051815908199 4765
0.125560484057 0.053124631997 4766
0.743013088451 -0.103852226368 4767
0.190306576992 -0.394086071030 4768
0.959544043637 -0.080045817858 4769
0.444063137810 -0.066248559248 4770
0.687935825699 0.067912429038 4771
0.639190512408 0.048486650573 4772
0.990201747106 0.894923289860 4773
0.085353957020 -0.141280988562 4774
0.992883506913 -0.003992829390 4775
0.083161482559 0.073595233667 4776
0.459377726068 -0.134067142827 4777
0.821958160314 -0.039377768452 4778
0.438574501361 -0.257200334274 4779
0.724663283142 -0.041546099094 4780
0.876361567537 0.022566772787 4781
0.939666418855 -0.024734770241 4782
-1.101462594085 -4.228111064405 4783
0.759034804489 -0.038173944884 4784
0.188550733758 -0.071816617871 4785
1.035540225746 -0.082500737386 4786
0.501212048417 -0.096139459273 4787
0.155001225326 -0.055772859902 4788
0.606919710132 -0.047394893182 4789
0.124254647317 0.062799501749 4790
0.761746310830 0.042267234841 4791
0.435263014351 -0.099109106449 4792
62.154175034731 -28.968341653318 4793
0.163251113139 0.057340388102 4794
0.352054895166 0.078451897837 4795
0.526959024712 -0.057251202427 4796
0.509122223400 -0.082145549297 4797
0.532876106689 0.061905101228 4798
0.833501462624 0.078536347389 4799
0.152798213589 0.056224280276 4800
-10.045623475756 1.242952069613 4801
0.928889389806 -0.099512791568 4802
0.284771109146 0.068822938264 4803
0.688407476972 -1.125027540860 4804
-34.924847729214 -23.980332820287 4805
0.686050402532 0.042409454555 4806
7.538194196817 8.973557131146 4807
0.704255803482 -0.125566281558 4808
0.912054307218 -1.038894933930 4809
-4.605912579186 7.515783686060 4810
0.726901779493 0.038475451162 4811
2.893733736982 -3.546831970385 4812
0.432375221942 0.073327505192 4813
0.356007935060 -0.092647637709 4814
-4.173039150023 45.132800182614 4815
-63.264830355119 -57.633606305092 4816
0.238203457422 0.076538161483 4817
0.095399178130 -0.047932874950 4818
0.750948007335 -0.076484987978 4819
0.693498958148 -0.090962144161 4820
0.398949841057 -0.085486646517 4821
0.235955422426 0.060870152819 4822
0.785423572165 0.033126236831 4823
0.831439567955 0.023842281904 4824
0.485393980108 0.100938406896 4825
0.795189500365 -0.056208436537 4826
0.888246430854 0.045852689604 4827
0.813345712748 -0.028510271792 4828
0.442135685627 -0.060763684455 4829
1.172252341710 -0.019164939246 4830
1.074063109846 -0.013234464062 4831
-29.242163961152 -81.777329920505 4832
0.519027414530 -0.056348648001 4833
0.844811618186 0.022324099101 4834
0.722743279611 0.554749253736 4835
0.102065766203 0.078392468843 4836
0.337720188010 0.077034188593 4837
0.791918454836 -0.079754383232 4838
0.684983030330 -0.042173385636 4839
0.942540749990 0.017622319303 4840
0.054912706234 -0.051136258659 4841
0.608899892322 0.051760453945 4842
0.858814100534 -0.025818623930 4843
-0.100727127599 -2.150325508904 4844
0.666081305857 0.145344345730 4845
0.897688639531 0.016331412500 4846
0.476108421480 -0.081288066945 4847
0.409178971910 -0.289396209672 4848
0.772746815542 -0.076247368495 4849
0.746288968941 -0.036217727097 4850
0.497299397120 0.152724478208 4851
0.674828685403 -0.040567229435 4852
0.120448361109 0.077303750372 4853
-36.383783449560 -44.996665303563 4854
0.766748166860 0.062133457175 4855
0.875256855862 -0.023894130132 4856
0.792693508663 0.028293867472 4857
0.205781169067 -0.066560483643 4858
-0.001072523422 -0.009552403159 4859
0.765003962283 -0.084829914246 4860
0.863613055928 -0.027834108831 4861
0.813960890207 0.046671068761 4862
0.048321888679 0.037041360791 4863
0.653254744708 -0.045455706121 4864
0.125591104713 -0.065618124188 4865
0.093387893511 0.048128112572 4866
0.094461822976 -0.097000768036 4867
0.581316215888 0.055196499126 4868
0.910340813144 0.014082131907 4869
0.871108103003 0.023498012491 4870
0.205438404856 0.072330515153 4871
0.337994521841 -0.061469119150 4872
0.276464404132 0.061547095563 4873
0.702613726047 0.067750718052 4874
55.577900952575 -37.349912452976 4875
0.395155405426 0.064762568615 4876
0.719634081297 0.036261992122 4877
0.645592708270 -0.047778209502 4878
0.392747942040 0.062611136652 4879
0.067405883007 0.042105001963 4880
0.177451651290 -0.057862758013 4881
0.114950496367 -0.726455301639 4882
0.355618182970 -0.071594801555 4883
0.961609324888 0.010537834226 4884
1.009218995643 -0.139893325254 4885
0.692743151687 0.038807468016 4886
0.610342154485 -0.049299575606 4887
0.386738401910 -0.094022834374 4888
16.095434922341 18.705659697357 4889
0.330991883075 -0.090210352383 4890
0.481331380608 0.061175537070 4891
0.561236992686 -0.050374952253 4892
0.248124841424 0.065354057398 4893
-7.666198625896 1.116607746663 4894
-10.369959281278 40.465072462221 4895
0.655410394920 0.042360939568 4896
0.984770710108 0.022825706978 4897
0.639613091503 0.056023369129 4898
0.148192785231 -0.055616812880 4899
0.679000157001 0.063362384007 4900
0.734214174024 -0.037408259352 4901
0.403587401104 -0.098512250019 4902
0.480870573231 0.139091740171 4903
-54.131322209614 6.549494552310 4904
0.933199826197 -0.016306557138 4905
-0.601266570533 -2.021301227082 4906
8.089723760715 5.179527157708 4907
0.386764336134 0.315750384041 4908
0.438581874804 0.345651775391 4909
0.706174491964 0.037522959452 4910
0.574701207167 -0.049277481487 4911
0.430235316325 0.064794416854 4912
1.457560706078 0.286000613711 4913
0.815054267921 0.025788873796 4914
0.511859433015 -0.053842218632 4915
0.718409877451 -0.576813284280 4916
0.886537864051 0.017160711640 4917
0.677874623042 -0.040473252134 4918
0.680799865787 -0.040099863826 4919
0.238081841075 0.066550063495 4920
0.301292132719 0.068972971867 4921
0.433674048741 0.061290063425 4922
0.146146065446 -0.066388370530 4923
-0.228013348385 0.119255711575 4924
0.781334940831 -0.041259405611 4925
0.603109621751 -0.046964667813 4926
0.340523472085 0.068696185570 4927
0.124383363231 -0.053432171390 4928
0.540294922127 -0.051868624478 4929
0.753929286687 0.032584874433 4930
0.332005465555 -0.061672485815 4931
0.334955427256 -0.061724112134 4932
1.366910875111 2.650133898974 4933
0.958600788734 -0.013605939495 4934
0.081309367404 -0.068560832168 4935
0.616279877357 -0.059609665208 4936
0.570222904030 0.049664683614 4937
0.360498969923 -0.060981097671 4938
0.341190159266 0.937060980197 4939
0.195443049876 -0.058990998572 4940
0.371630590120 -0.067940352249 4941
0.498396095321 -0.054759845328 4942
0.501873975721 0.600690370756 4943
0.788371777060 0.150277842567 4944
0.413549701155 0.198897443197 4945
0.329382246142 0.068701902351 4946
0.064952757911 0.052405977923 4947
0.346996567870 -0.061275984207 4948
0.018702939007 -0.025603425681 4949
0.755435441072 -0.032428633647 4950
0.752915548556 0.048164094770 4951
0.727071697461 -0.035361511984 4952
0.729866991160 -0.034894723082 4953
0.855339154454 0.033882993785 4954
0.856372832553 -0.043497980063 4955
0.501323438102 0.058344833415 4956
0.104326351853 0.064685086527 4957
0.773460207599 -0.030240850105 4958
0.776294690645 -0.030121422690 4959
0.388952133687 0.066445681582 4960
-2.907443037085 -4.116146125108 4961
0.024263258131 -0.028193110954 4962
0.290520359080 0.076221917915 4963
0.153366525123 -0.061036087460 4964
0.874861899968 0.046251774256 4965
2.307040416358 2.405929164646 4966
0.212430041004 -0.099442823960 4967
0.659754881387 -0.065965441761 4968
0.982862125250 -0.022809811245 4969
0.752387523855 0.059562951439 4970
0.609585333357 0.058299406457 4971
0.871659546913 -0.019016726434 4972
0.373992728018 -0.060661897126 4973
-50.954307542248 23.850918788568 4974
0.387979402884 0.085937872814 4975
0.847398244811 0.024876467532 4976
0.599247910190 -0.072206431055 4977
0.128844244890 -0.053552767966 4978
0.543196728883 0.056730768158 4979
0.165444998550 0.060854774397 4980
0.328068504176 -0.064190080588 4981
0.603100513889 0.081909376651 4982
0.603235013530 0.054515928139 4983
0.552084681391 -0.602846447609 4984
0.143038515362 -0.054715795226 4985
29.797599784692 -4.191668711232 4986
0.908852988026 -0.014273144597 4987
0.905911569218 -0.014837110266 4988
0.858241625649 0.020572471475 4989
0.855316212730 0.021101542468 4990
0.194063259366 0.109043657043 4991
0.742976089821 0.041599604576 4992
0.445365982992 -0.058534943117 4993
0.049827483930 -0.037762866185 4994
0.976206308857 0.010431420415 4995
0.727886352265 0.046027700078 4996
0.960892585670 -0.007311708452 4997
0.342495878729 0.061390567560 4998
0.981101250837 0.039935830467 4999
0.304080611886 -0.235367153622 5000
0.381511787324 0.081199964923 5001
0.843314190994 0.026660721651 5002
0.330506262912 0.061706926347 5003
0.333484948786 0.061581041696 5004
0.986859080164 -0.009313343399 5005
0.742445900648 0.101138856442 5006
0.733055980426 0.112992169821 5007
0.736489879692 0.131454236001 5008
2.877913757354 -0.612190297501 5009
0.396493019097 0.116693223079 5010
0.990101254520 0.014038577871 5011
0.593180016484 0.070869230442 5012
-45.234434840919 -15.099589057844 5013
0.968488503684 -0.011127402395 5014
0.497289264557 0.060749685212 5015
1.049952810929 0.223641988496 5016
0.456458668515 0.057198549216 5017
0.982655778276 -0.015077402057 5018
0.447459444868 0.057639590126 5019
0.933013798258 0.015272894141 5020
0.297474832133 -0.061758346022 5021
0.467421998545 -0.060705857160 5022
0.499915753222 0.066565218695 5023
0.555061661555 -0.083548165540 5024
0.094311835134 -0.060126582201 5025
0.924809952844 0.035299089315 5026
1.150008574589 -18.340535472675 5027
43.938868646125 -52.073982273875 5028
0.945549829821 0.043755454129 5029
0.672667996567 -0.207104803560 5030
1.176539228378 0.061163806344 5031
0.177855404991 0.063533633682 5032
0.558796979359 -0.131142740272 5033
0.947529462530 -0.009185913133 5034
0.804161250541 0.034751494896 5035
0.595351945207 -0.097109010719 5036
0.414874248130 -0.082390821889 5037
0.969337312539 -0.017389862386 5038
0.294033162504 0.270171428135 5039
0.286968599479 -0.061722873567 5040
0.539550975161 -0.063936310685 5041
0.472920330258 -0.060881216888 5042
0.409998674306 0.059415335979 5043
0.364999330487 0.060869530202 5044
1.295648770252 0.828761632944 5045
18.609120212745 -46.300268004523 5046
0.887910409670 -0.032451574944 5047
0.336512411050 0.061530665949 5048
0.339457312516 0.061636218929 5049
24.631347190004 45.705477150764 5050
0.742704772418 -0.034523994676 5051
0.852301880028 0.021310197231 5052
0.610579488489 0.046286037715 5053
0.849303888033 0.021631303510 5054
0.994130309126 0.008180781710 5055
0.459918124794 0.061970419592 5056
1.532031157478 -0.278493327498 5057
0.555641690753 -0.063216075799 5058
0.088020309996 -0.046506736768 5059
0.378507976410 0.060540448974 5060
0.784547535840 0.205146386409 5061
0.826076429399 -0.062503183657 5062
0.071780528128 0.081612504951 5063
0.351497538076 0.061185268681 5064
0.947509651144 0.009093771010 5065
0.944723429291 0.009209853971 5066
0.914101806538 -0.025480951655 5067
0.255436111789 0.061368594009 5068
0.611460820389 -0.176957689839 5069
0.484905573769 -0.055493564513 5070
0.487878291707 -0.055490207805 5071
0.333698034245 -1.306920025238 5072
-4.555067623699 0.957921304670 5073
0.420382647728 0.070575424223 5074
0.616304476669 -0.816505151083 5075
0.528859405559 0.057420981401 5076
0.214141523914 -0.060650527792 5077
0.055740986063 -0.039106494800 5078
0.017805587751 -0.505904449808 5079
-0.127117919441 -0.545470733863 5080
0.641959878232 0.043524715538 5081
0.644893851286 0.043351932770 5082
2.610289191981 4.556102753417 5083
0.632080614528 -0.064687341925 5084
0.265956234823 -0.061483884708 5085
-12.362258194354 -68.091800416299 5086
0.415977281205 -0.059095907929 5087
0.079317750760 -0.054891444500 5088
0.210449561396 -0.059743750481 5089
0.419021510908 -0.059097824292 5090
0.421979261610 -0.058793901678 5091
0.256951366868 -0.061314616401 5092
0.397802109404 -0.059593901480 5093
0.758103617816 0.082197379591 5094
0.370839664816 -0.700936654221 5095
0.291101987803 0.067688197667 5096
0.127312252776 -0.060491534116 5097
0.247947076880 -0.061100805869 5098
0.065939365406 -0.117862114247 5099
0.040294637998 -0.113856888084 5100
-0.895046994400 -84.185318928256 5101
0.238943615031 -0.060840479794 5102
0.309647853719 0.061562259130 5103
0.312483055294 0.061719213541 5104
0.160991188792 -0.056396675135 5105
0.847995049546 -0.021639365841 5106
1.587033169084 1.899258674492 5107
0.368289535310 0.066600587377 5108
0.622562552831 0.058652824430 5109
0.089272728118 0.052431078923 5110
0.873366608226 -0.108302569267 5111
0.751368773046 -0.049228311786 5112
0.672762470271 0.069786230142 5113
0.863547296945 0.091146870708 5114
0.924755892299 0.019820614753 5115
0.134615093947 -0.060021938409 5116
0.710647679653 0.036949663635 5117
0.635266730660 -0.163769747401 5118
0.540291558809 0.051822618696 5119
0.542891768295 0.066025597250 5120
3.808047288910 2.987544918634 5121
0.231440211209 0.060622748643 5122
0.963876507174 0.006787535804 5123
0.960883880976 0.007249034609 5124
0.715127118858 -0.036518142566 5125
0.718111869783 -0.036215438945 5126
0.244594384558 -0.072671845324 5127
0.922406494299 -0.012272734384 5128
0.815794261499 0.030524259205 5129
0.587601744717 0.048874089403 5130
83.200580898743 24.328085530107 5131
0.972770011663 0.005593836270 5132
0.886945479278 0.021935432002 5133
0.931203999784 -0.033777328215 5134
0.740146094293 -0.088716567480 5135
19.064905365828 -4.859762761750 5136
0.378391951616 0.102030338893 5137
0.142293775250 -0.157419095859 5138
0.265270246087 -0.069298110373 5139
0.948156949385 0.035405281857 5140
-0.320169447556 1.199680586580 5141
0.565721407690 -0.049897506143 5142
0.340637847397 -0.157831452941 5143
0.271138672582 -0.073407861254 5144
0.493888680793 -0.054918366199 5145
0.490881914048 -0.055146274884 5146
-39.895456004138 -4.285142293514 5147
0.530603036868 -0.076486882664 5148
0.576139538349 0.331267303391 5149
0.663290836012 -0.046816213719 5150
0.773962164349 0.034788024447 5151
0.997288673198 -0.003255836746 5152
0.840364349504 0.022674482171 5153
0.167703719721 -0.062853286252 5154
0.694987836999 -0.046483555233 5155
0.770625369495 0.035173952290 5156
0.225453403356 0.060518702798 5157
0.228432082711 0.060688578958 5158
0.449082429344 -0.076699180858 5159
1.015875532330 0.013003477936 5160
0.708581936110 0.040452398521 5161
0.396528012027 0.060012395395 5162
0.399492411542 0.059731579992 5163
0.213166324562 -0.066761871768 5164
0.402895476546 0.064208476526 5165
0.665847649228 -0.071514490824 5166
-0.123087371115 -0.124849563457 5167
0.976735839442 0.016070695362 5168
0.763015015097 -0.036498397042 5169
0.265955985288 0.061496529837 5170
0.268792767467 0.061366348572 5171
0.834182345450 0.039900522549 5172
0.843330858846 0.041792131131 5173
24.070491966586 -34.783521207316 5174
0.111089928699 -0.059224287410 5175
0.022801127431 0.027703678231 5176
1.055848135802 16.110534325955 5177
-0.114264803264 0.084907128672 5178
0.168570479400 0.063697340522 5179
2.384378076980 -1.362678914959 5180
0.162583279731 0.072600285465 5181
0.989129021058 -0.003359781562 5182
0.626460075605 -0.101078023163 5183
0.410331227251 -0.063460070642 5184
0.586110927165 0.083538456694 5185
0.502891327230 0.054439247565 5186
0.505867470763 0.054175777121 5187
0.657857445178 -0.046555725973 5188
0.469719778333 0.056204610851 5189
0.598623464819 0.047322564113 5190
0.913732694125 0.054872730071 5191
0.251564267375 0.068307837875 5192
0.658134179351 -0.081063752178 5193
0.704213594867 0.040254904713 5194
0.735813164658 -0.054621215065 5195
0.426479609273 0.058674990776 5196
0.638968643934 0.043758223278 5197
0.747958061866 0.046298159345 5198
0.361443855047 -0.288057676969 5199
0.326693477264 0.064212239170 5200
0.226258390580 -0.072224667649 5201
0.392356072633 -0.064174219773 5202
0.526841482304 -0.052947572883 5203
0.761646696765 -0.043321726902 5204
0.908076990495 0.019940704739 5205
87.258146066796 4.273196004662 5206
0.831819771112 -0.037039548991 5207
0.114729852796 0.050939331531 5208
0.117664673055 0.051498372594 5209
0.183256222595 0.068435317880 5210
0.028017531368 0.030048991903 5211
0.666074740260 -0.056059360614 5212
0.829558268958 0.558425454482 5213
0.701689253060 0.037815837091 5214
-0.527892124662 -0.287088606478 5215
0.101354467578 0.048876849961 5216
0.060084803591 0.040328529304 5217
0.145116681542 0.067354677639 5218
10.434250623106 -0.475352492175 5219
0.269735425634 -0.084089073089 5220
0.857809931231 0.041280182461 5221
0.548409313018 -0.055309374397 5222
0.879820657349 -0.022230553211 5223
0.225674741840 -0.095988332132 5224
2.847820439879 -1.114199006851 5225
0.354619271579 0.066727869329 5226
0.683059442042 -0.044389911419 5227
0.502870311959 -0.054322631371 5228
0.943046006854 -0.009667171868 5229
0.940263643710 -0.009794274107 5230
0.770563865293 -0.206225330775 5231
0.938152864880 -0.018131248684 5232
0.483450857604 -0.081551887825 5233
-1.743782798722 -7.896107216742 5234
9.216168795357 -69.426608124400 5235
0.732697480874 0.375233043524 5236
0.874603455523 0.018522345725 5237
0.871635130583 0.018925234168 5238
0.624409520571 0.070995020823 5239
0.211941163399 0.059758562671 5240
0.361317290431 -0.077159013851 5241
0.644956895001 -0.043422864682 5242
0.633612072555 0.047985547688 5243
0.293659538603 0.119708698709 5244
0.838511920286 0.027536283408 5245
0.229186795867 0.067880541601 5246
0.760123871674 0.037178986892 5247
0.783728710456 0.029207616808 5248
0.780761786311 0.029571563689 5249
0.496494172910 -0.058042296628 5250
0.688232891793 -0.081778214072 5251
0.222600914919 -0.080396559124 5252
0.223551898060 0.065335825317 5253
0.717496856094 0.039753530299 5254
0.528666311538 -0.098098018771 5255
0.369496419778 -0.060637565143 5256
0.749001851455 -0.041676833800 5257
0.474089884715 -0.339139131711 5258
4.672038763117 -4.599360117830 5259
0.395475505661 -0.122293994141 5260
0.077289524242 0.105484197784 5261
-2.411203646672 0.112205950070 5262
0.405488256254 0.059461951718 5263
0.108750197478 0.050241193005 5264
0.111728762574 0.050565680764 5265
0.402489649602 0.059578214198 5266
0.870652203208 -0.305706274155 5267
0.729993303106 0.039303130138 5268
0.649751134371 -0.049150190323 5269
0.143097692496 0.054254338386 5270
0.850648109649 -0.065100565018 5271
0.401074261714 -0.067030980809 5272
0.413380355755 0.066191583001 5273
0.111695584618 -0.050717485638 5274
0.500779631995 -0.057153116242 5275
0.382995815689 0.060266097891 5276
0.114729013732 -0.050945414224 5277
0.373997030047 0.060542104863 5278
0.164106854155 -0.064192844125 5279
-61.828465023463 12.406922634922 5280
0.080629871000 -0.045101451931 5281
0.991597810395 4.213149937692 5282
0.468439626081 -0.056425584684 5283
0.471433558863 -0.056290785811 5284
0.261300833312 -0.074912076482 5285
0.854030042082 -0.025328424367 5286
0.301940152016 -2.394231998538 5287
-39.398569211444 -30.286644707543 5288
0.322428676850 0.068495791824 5289
0.421977854590 0.058762925803 5290
-0.530912853752 0.275694048321 5291
0.004439269031 0.015922515274 5292
0.936017557914 -0.046438628218 5293
0.418979943206 0.058893745179 5294
0.358352150948 0.116450679784 5295
0.951961644790 -0.008434066279 5296
7.200834407017 -6.200477035686 5297
0.722695262099 -0.168133012598 5298
3.229127604136 20.351767334206 5299
0.112113581224 0.057804567849 5300
0.652435962598 0.045450313318 5301
0.273014607901 0.064487096499 5302
0.382013236474 0.067393485766 5303
0.359924126963 0.072053636816 5304
0.638192096097 -0.048920700599 5305
0.945666530621 0.012613962952 5306
0.853223807471 0.054660423872 5307
0.865899025828 0.323598697466 5308
0.666633781966 0.048748883711 5309
0.559238423494 -0.053193728406 5310
0.563493511657 -0.052826282019 5311
0.407186051710 0.066195355300 5312
0.732672792858 0.046011220292 5313
0.315454754806 0.067478469561 5314
0.073269624911 -0.043512845480 5315
0.790883396509 0.033467177095 5316
0.685816803615 -0.064092616784 5317
0.883559768229 -0.017458644977 5318
0.880565165472 -0.017754778375 5319
0.097041235380 0.063603651136 5320
0.138588273798 -0.054015365128 5321
0.799679180730 -0.028127825695 5322
2.836942267825 0.368146257160 5323
0.715009236920 0.097753113785 5324
0.634623350365 -0.049327184919 5325
22.104816841309 0.071743891819 5326
0.438019753996 -0.194618955135 5327
0.376190996657 -0.063756804705 5328
0.895429643414 -0.020783993425 5329
0.112749020272 0.067158275424 5330
0.928484684798 -0.015891226058 5331
0.665254986726 -0.135158498283 5332
0.825531176846 0.045903651364 5333
0.999004681069 0.045118554139 5334
0.276875897075 -0.074341526243 5335
0.127211559399 0.144266160969 5336
1.006822621681 0.027520605118 5337
0.217365443331 -0.063077906940 5338
0.375215270490 0.067427904140 5339
0.059194902551 0.046692440401 5340
0.655800469837 0.049708106208 5341
-62.908424362532 -7.956679892895 5342
-72.677802552268 -2.711562109894 5343
0.913643630480 -0.182521632029 5344
0.880435158175 -0.040123116363 5345
0.217269237312 -0.162877771246 5346
-36.314579553423 -17.826097238385 5347
0.927844220642 0.015091564318 5348
0.722509955172 0.039446942684 5349
0.186444162402 -0.058243479822 5350
0.380610567010 -0.072769156256 5351
6.273847932863 5.195411328530 5352
-4.714231987313 -13.649123149426 5353
0.019986583134 0.049801582974 5354
0.584686589967 -0.081170358922 5355
0.690887654329 0.042562490024 5356
0.652352203412 0.042473580811 5357
0.851368266889 0.174711597024 5358
0.371842116391 -0.063256314270 5359
2.827823027756 -5.912085047539 5360
-59.055618892691 23.035839986387 5361
0.817448763330 0.071299928030 5362
0.807043232461 0.079081160680 5363
0.707255724101 -0.060367548842 5364
-17.827003836422 -23.933890926195 5365
0.549279726049 -0.051112201447 5366
0.552257123311 -0.050911871602 5367
0.805242106903 -0.032328360266 5368
0.297597798738 0.086639304463 5369
0.917749187125 0.016257891703 5370
2.904633451341 -11.252398573987 5371
0.035752504308 -0.040101552330 5372
0.729933093973 -0.038419323521 5373
0.568869608204 -0.054576280990 5374
0.725278126123 -10.343292872464 5375
0.752379986931 0.035968693676 5376
9.676616135193 3.687368706610 5377
0.218189501629 -0.070105689908 5378
0.639881556675 -0.085694675449 5379
0.119136064485 -0.058066674228 5380
0.840344745924 -0.073369703309 5381
-45.147972274030 44.739740319852 5382
0.225361026168 -0.060376500884 5383
0.459079051089 -0.085436328663 5384
-0.614014742286 4.333000721844 5385
0.903893987943 0.018542487976 5386
0.032855840310 0.041298712135 5387
0.052812877880 0.038321180801 5388
0.368698573660 0.082590599832 5389
0.548991550379 -0.069746652238 5390
38.599706265701 25.161299710797 5391
0.679290262867 0.040009999686 5392
0.682260058330 0.039788376772 5393
0.895418348748 0.037039209266 5394
0.187635779748 0.065835510213 5395
0.565383257818 2.590757531676 5396
0.436281325156 0.061636874361 5397
0.825015324007 0.027436637623 5398
1.193415252521 -0.431240510709 5399
0.965354214135 0.207751247013 5400
0.617388218208 0.050153127566 5401
0.567735872284 0.066718261703 5402
0.217954791946 0.073781642894 5403
0.604481077361 0.052108625708 5404
0.613585676293 0.050410462189 5405
0.602914434298 0.065182210349 5406
0.240763450704 -0.080733420882 5407
0.762491023309 -0.130632892113 5408
0.436439571778 0.220574158539 5409
0.656308568940 0.061305515696 5410
0.631726568356 0.054354281036 5411
0.165496713039 -0.056611965880 5412
0.168504848583 -0.056682993891 5413
-0.067860901108 23.719748224650 5414
0.613598098340 -0.046039023832 5415
0.616559259930 -0.045721242662 5416
0.305574818521 0.064618355783 5417
0.106494254700 0.054776561970 5418
0.288026910762 0.066951904201 5419
0.258507010978 0.061363252412 5420
0.896638792823 0.018912815801 5421
0.572000824135 0.077926061564 5422
0.522905510094 -0.059228575393 5423
0.744960442364 0.033351758021 5424
0.747938946331 0.033057001952 5425
71.850196428780 49.577976140456 5426
-35.045625209866 5.095948310923 5427
9.273106978461 -2.356273678162 5428
0.306781166018 -0.119513274289 5429
0.725143322549 -0.058298149636 5430
0.726860560532 0.035100115876 5431
0.868700306711 -0.045601297171 5432
0.809067203828 0.026289174182 5433
0.806092849674 0.026629685154 5434
0.318820124509 -0.069558992491 5435
0.740062091538 0.048383382680 5436
0.541312442561 0.101959323441 5437
0.533041537787 0.109912227074 5438
0.456868918018 1.764946022224 5439
0.955707924710 0.019880892367 5440
-3.231190858636 -0.130104091629 5441
0.450630254646 0.063060645494 5442
0.010490098342 -0.059802027452 5443
0.782995213595 -0.034496733526 5444
0.878863718856 -0.082122261124 5445
0.688284829371 -0.039130092471 5446
0.691252403579 -0.038882317104 5447
0.153688060130 -0.068660952097 5448
0.330434804359 -0.065680963454 5449
0.152046692430 -0.055250102115 5450
0.810322664255 0.030385741308 5451
0.829646317974 0.027865058247 5452
0.456896004205 -0.061983492177 5453
0.334928169367 3.048348887185 5454
3.321858972951 -1.449411378782 5455
3.142120629803 -2.135408442984 5456
0.801048170752 -0.030058139579 5457
0.803011081147 0.050510356419 5458
0.776875374623 0.046576495532 5459
0.888934197073 0.033321331078 5460
0.813585229231 0.029136448018 5461
0.879921528804 -0.052793947332 5462
0.892261397918 0.020609705462 5463
0.514291641336 -0.057244279176 5464
0.738640321356 0.037960987981 5465
0.614885265651 0.056063930183 5466
0.950719273762 0.013061956455 5467
0.063021793395 -0.041015858933 5468
0.907034743535 -0.022603339324 5469
0.065947080181 -0.041743286498 5470
0.888649569472 0.020163397994 5471
0.191014716548 0.093767612353 5472
1.374548097054 0.490134992208 5473
0.622530559102 0.045194488327 5474
-60.998744580566 -18.489281997517 5475
-10.898646761892 -3.901370167385 5476
0.519639704721 0.067075439993 5477
0.585831294059 0.700925987236 5478
-1.440767108800 4.325317120116 5479
0.385716577447 0.065425049656 5480
0.699743429631 0.042631006693 5481
0.495558293396 -0.137526374345 5482
0.683225470453 0.043679969906 5483
0.954400181639 0.012558886285 5484
0.255485823061 -0.141575860254 5485
0.273604956074 -0.157544770040 5486
0.563273666401 0.071594745267 5487
0.294409337745 -0.061737875917 5488
0.241535960510 0.068040656721 5489
11.603966861400 -15.565573474635 5490
0.428669427816 0.062394939366 5491
0.749131050218 0.037208416875 5492
0.319011404280 -0.086160449025 5493
0.319232058032 -0.076445649616 5494
0.134958070458 -0.068313721274 5495
0.133168807536 0.096346859214 5496
0.234976095052 0.068873177091 5497
0.181707698860 -0.065190082842 5498
0.944845969225 -0.144877115032 5499
0.321477687480 -0.061581581210 5500
0.324456095735 -0.061510055966 5501
0.297721511520 -0.107377153745 5502
0.283903060443 -0.061687483553 5503
-0.001391089013 -0.003821169698 5504
0.029497783546 -0.043830438453 5505
0.770454322443 -0.046023876460 5506
0.605618484867 -0.050307585479 5507
0.450070297431 0.072256455650 5508
1.908680847387 41.525577610156 5509
0.547438309959 0.055007627040 5510
0.584494598096 0.051199026890 5511
0.435466236196 -0.058105333357 5512
0.438430141854 -0.058018401618 5513
1.646720696101 1.090220120163 5514
0.801516489889 0.041505325844 5515
0.619069665260 0.108552260147 5516
0.190129898905 -0.081011120221 5517
-22.094709014529 33.593662732386 5518
0.049565048785 -0.044000082446 5519
0.427009782399 0.068699622287 5520
0.945772833160 -0.012224690849 5521
0.668814982786 0.040892003247 5522
0.671824407801 0.040631832689 5523
0.935053656517 0.032244376737 5524
0.509404340708 0.068093115120 5525
0.799803423024 0.031271678302 5526
0.891873344842 -0.022263701176 5527
0.717815357867 0.065166560104 5528
0.129634219190 0.052836173680 5529
0.425818521840 -0.070114983236 5530
0.837443702794 -0.028814169163 5531
0.493744787187 -0.067379745025 5532
0.841104688183 -0.027673405964 5533
0.413946332899 0.079597728717 5534
0.441961289339 -0.092772213428 5535
4.550350617832 -49.712832055580 5536
0.685288914248 0.039364463561 5537
0.519329806747 -0.053135108482 5538
0.750633797210 0.947432754729 5539
0.852103268656 0.024435658385 5540
0.225265543370 -0.064528469550 5541
0.624015564133 -0.044981656134 5542
0.627018652102 -0.044693300476 5543
0.970748350499 0.015633533959 5544
0.653729537771 -0.052214723398 5545
0.464674504313 0.060877160224 5546
0.966385599532 0.009398020900 5547
0.950185959324 -0.011509409835 5548
0.896526683756 0.094076002445 5549
1.706389871242 -38.212610945931 5550
-0.320933574178 -0.086334386276 5551
0.071839678207 0.043007731612 5552
0.044065029141 0.087961274914 5553
0.177630035114 0.057432230162 5554
0.045612301242 -0.035935519909 5555
-2.706672183811 -17.771560870490 5556
0.816371466332 0.041527097925 5557
0.941221157837 -0.013196119407 5558
-34.298788749891 -6.409305022390 5559
-11.546055432377 -8.826525498965 5560
0.652409025601 -0.042501974721 5561
0.655391242748 -0.042152898500 5562
0.658195822577 -0.041699211530 5563
0.007129934050 -0.017744707297 5564
-32.936135995894 60.167977362103 5565
0.666559146175 0.065292765126 5566
0.970817981821 0.009162840269 5567
0.440707108199 0.062712273312 5568
0.610542347224 -0.046168443461 5569
0.519310854940 0.053134948867 5570
0.522323996636 0.052943841872 5571
0.676522147824 0.043750378158 5572
0.528340547723 0.052560970649 5573
0.185454876885 0.060826691723 5574
-0.165427126523 -0.221306494548 5575
0.915559758980 -0.018175024086 5576
0.698693506642 -0.038022986832 5577
0.701695654011 -0.037709923233 5578
0.864175001410 0.019661409388 5579
0.861235321703 0.020036898992 5580
0.907323918906 0.014313092537 5581
0.904369210380 0.014687461400 5582
0.816713671904 -0.076101565932 5583
0.346454284219 -0.102539492244 5584
0.185978761468 -0.061576123804 5585
0.424273405451 0.061547960201 5586
0.214669551977 0.065456457733 5587
0.217779934020 0.065646577850 5588
0.687910583845 0.048272548737 5589
0.819512692388 -0.025019277946 5590
0.816536171226 -0.025420919296 5591
71.940564107530 -50.022422862340 5592
0.536172583602 -0.064238585349 5593
1.090989105583 -0.074242811696 5594
0.850736636377 -0.035754766414 5595
1.019007777498 0.057154735885 5596
0.963663474903 0.019556048018 5597
0.399218288433 0.067055867839 5598
0.505580495255 -0.058776854910 5599
0.423679071285 0.117296641708 5600
-6.384903301925 -58.229469590121 5601
0.516721067233 0.140348050215 5602
0.212448715317 -0.063645451629 5603
0.699116126524 0.235857647003 5604
0.136169129185 0.066141348944 5605
0.630376017585 -0.056837369113 5606
0.806461358273 -0.046405649800 5607
0.039508675787 0.054889255006 5608
0.891184847779 0.016092101158 5609
-61.353929527416 41.870157542153 5610
0.588521078337 0.051389778246 5611
0.008662970332 -0.031380189186 5612
0.298966527608 0.061692157291 5613
0.301948815597 0.061721000728 5614
0.100252814588 0.054433432484 5615
0.042730674875 -0.035133662855 5616
0.204476552527 -0.059346087671 5617
0.207404631465 -0.059496611372 5618
0.381559834814 -0.060199109567 5619
0.759866264394 0.031677297216 5620
0.762854573166 0.031345073129 5621
0.901350746612 0.015027344119 5622
0.715293831916 0.058719195773 5623
0.613399331269 -0.050095793193 5624
0.749423537052 -0.032852902510 5625
0.752402897584 -0.032568462683 5626
1.046024215754 -0.126250455512 5627
1.743697354894 -0.198467595323 5628
0.705541910003 -0.045077919228 5629
0.824325190846 0.122384825646 5630
0.273029209017 0.082522526472 5631
1.718277038544 -4.572751084326 5632
0.086661503291 0.061142076543 5633
0.753667510766 0.053655766179 5634
0.658375864986 0.041848213571 5635
0.661363017411 0.041570536988 5636
1.410836031733 1.277730506311 5637
-0.587098624665 -1.515327763195 5638
0.280385321885 0.064812308790 5639
0.962512117141 0.041611888331 5640
0.310963967422 -0.061511293711 5641
0.313982552673 -0.061504057285 5642
0.564228736694 0.049864406883 5643
0.567194707775 0.049692289706 5644
0.389920812729 -0.069816217176 5645
0.525905215294 -0.071796759704 5646
0.535655325037 -0.154945539822 5647
0.430965449265 0.058239922737 5648
0.433942900990 0.058138463750 5649
0.118186904940 -0.263042832173 5650
0.130429166215 -0.336596845700 5651
0.912804000817 0.017100410662 5652
0.418040473482 -0.071742728086 5653
-0.131874656542 1.765906942519 5654
41.887964334571 -5.133844917367 5655
0.848659913871 0.036060447067 5656
0.577163135582 0.053576398387 5657
0.552037139592 0.055690093574 5658
6.050464324170 -15.147556228616 5659
8.151988650258 -37.877793384107 5660
0.092618204751 0.053923659764 5661
0.478904295437 -0.055666183030 5662
0.481864058006 -0.055506052093 5663
0.798627530522 0.027371093114 5664
0.795646508045 0.027707681585 5665
0.042732603495 0.035127774001 5666
0.072637929893 -0.049820473878 5667
0.032770468571 -0.031515413454 5668
0.045605314230 0.036069000487 5669
0.035546698980 -0.032475763302 5670
34.179082124564 13.351741940960 5671
0.977791058326 -0.033772614030 5672
-45.425733236940 14.387972441042 5673
0.121156567441 0.054465269179 5674
0.537966070591 0.056354418877 5675
0.792660686000 -0.028151459952 5676
0.789675026594 -0.028401944563 5677
0.709112788116 -0.037030283375 5678
0.712124712696 -0.036645660076 5679
0.441468045609 -0.057719685101 5680
0.425005799820 -0.058489446637 5681
0.427966307665 -0.058340029766 5682
0.249451796001 0.060978635464 5683
0.252438224244 0.061101409491 5684
0.027172080833 -0.029161834138 5685
0.619995869330 -0.048460937540 5686
0.925307864596 -0.026358714249 5687
0.446480708951 -0.060987558528 5688
0.029960672329 -0.030368882255 5689
0.534334228501 0.056598890416 5690
0.176691254083 0.071694677582 5691
0.344746458289 -0.065033624532 5692
0.674789669536 -0.043703497411 5693
0.677342946860 -0.044920469057 5694
0.879607757963 0.027776227732 5695
0.789872501143 -0.042424988897 5696
0.198350101328 0.059077426777 5697
0.477434822436 0.060839112475 5698
0.868635974535 -0.019205570997 5699
0.865651592514 -0.019492284171 5700
0.668535598143 -0.044824307472 5701
0.834055259217 0.027006072483 5702
0.874599264661 0.025131315234 5703
0.829933385967 -0.023781036391 5704
0.826917129081 -0.024217551689 5705
0.845129868024 0.414084794096 5706
0.489567705137 -0.209098567615 5707
0.580580533773 0.118225988879 5708
0.280940507039 0.061574472364 5709
0.943782019080 -0.036314409699 5710
0.434027430780 -0.072591347045 5711
0.451885751527 -0.057251865650 5712
0.508850453585 0.053811589252 5713
0.511885524946 0.053693432489 5714
0.837352631517 0.022877199288 5715
0.834386571032 0.023216658330 5716
0.794840182121 -0.038494361453 5717
0.734489219820 -0.034374229888 5718
11.821072944029 -5.135390190971 5719
0.746373902950 -0.033155697132 5720
0.805987592417 0.159163132954 5721
0.721116031254 -0.035739899668 5722
0.724052482437 -0.035509179229 5723
0.526359712788 0.055906819883 5724
-28.132847177699 -24.203464845035 5725
0.585152040479 -0.069373878350 5726
0.445080297750 0.063500271716 5727
0.950528269319 -0.093690748375 5728
0.217912225357 -0.059900796434 5729
0.788742171850 -0.116670637833 5730
0.534329327949 -0.052068185563 5731
0.537284106568 -0.051830065411 5732
0.688134118888 -0.043194605398 5733
0.734504002611 0.034320112644 5734
0.737487808446 0.034009169693 5735
0.367146772720 -0.065345005980 5736
0.769056689702 -0.038544782514 5737
0.037025719661 0.033114205585 5738
0.173149269477 0.059951666864 5739
0.816849181166 -0.045651576579 5740
0.039874334150 0.034137858468 5741
0.655665388345 -0.047852445456 5742
0.126098482866 -0.117397844774 5743
0.531010378492 0.084742147229 5744
0.512687925992 1.010098490240 5745
0.259321577613 -0.087977959888 5746
-0.144291958214 -3.144278261845 5747
0.799602437295 -0.072854129538 5748
0.685331166980 -0.039523730780 5749
0.625097610906 0.052246826748 5750
-4.235153321686 4.976558250341 5751
0.596850198673 -0.051830340967 5752
0.258678410950 0.066925781911 5753
0.943652844658 -0.023216240723 5754
0.744448609675 0.053653360071 5755
0.673040836820 0.044660203636 5756
0.198819504378 -0.123909088285 5757
0.411924972125 0.062190285283 5758
0.713654242664 0.036464729532 5759
0.716598164590 0.036156887675 5760
0.089702334502 0.046531107944 5761
0.577833498900 -0.054463040171 5762
0.697331418674 0.140292681832 5763
0.300476460279 -0.061521880897 5764
0.303513548203 -0.061599526045 5765
0.305002094981 0.061596111405 5766
0.870612444235 -0.029763024461 5767
0.869097946281 0.027344634224 5768
0.516852310583 0.061087488386 5769
0.583677212319 0.048317447658 5770
0.294322266470 -0.064335912045 5771
0.903359225447 0.023308139234 5772
0.158596932178 0.062626616286 5773
0.408125397386 0.062658042223 5774
0.572387477834 0.065540930234 5775
-79.233550250779 -21.002313358413 5776
3.946900324265 -8.268537613400 5777
0.092485606551 -0.047201756835 5778
0.353766108282 -0.063956367222 5779
0.831193879802 0.060431947650 5780
0.433591318426 0.087036129300 5781
0.423563249827 0.162296910269 5782
0.450470788229 0.057316866554 5783
0.453429726354 0.057176446056 5784
0.782234637802 -0.029208811518 5785
0.779257533055 -0.029556118140 5786
0.695728060518 0.038308760306 5787
0.698674627122 0.037959795512 5788
0.244604958420 -0.098394944612 5789
0.855682234497 0.027598706436 5790
0.929848451853 0.049281175571 5791
0.634472663279 -0.044013198384 5792
0.637459521393 -0.043723376371 5793
0.725535278174 -0.136122523107 5794
0.570688153507 -0.061085668487 5795
0.558254542651 0.050372060163 5796
0.561220188589 0.050058697188 5797
0.276883776945 0.067770965461 5798
0.338386625274 -0.064600586270 5799
0.335981420734 -0.066125572422 5800
0.604571421981 0.046646490255 5801
0.607531066637 0.046335302458 5802
0.496895995016 0.054654555515 5803
0.499855453071 0.054467988004 5804
0.522020822832 -0.084175162346 5805
-32.921102356392 -37.998572498613 5806
-26.032709023211 8.054724824476 5807
0.747064560750 -0.052920862084 5808
0.503058852645 -0.073554830465 5809
0.741973313230 -0.037058910792 5810
0.612255743266 0.077603298016 5811
0.546072081651 -0.061064120600 5812
0.568724214298 -0.049484999140 5813
0.571688696557 -0.049238322473 5814
0.181156533253 0.064415680937 5815
0.593992240734 0.047448961121 5816
0.486838049659 0.071021270862 5817
0.609647280566 -0.055344689154 5818
0.505868657267 -0.053973143590 5819
0.508832907902 -0.053836862679 5820
0.441218655110 0.069821566170 5821
0.020137895963 -0.101456137486 5822
0.820721669069 0.025101690635 5823
-4.196828943290 21.803063745293 5824
0.796937554256 -0.049932167141 5825
0.915559256316 0.031421646181 5826
0.866746965893 0.040150663131 5827
0.914795265540 -0.013307086119 5828
0.911804411149 -0.013650604401 5829
0.641956701278 0.049687857882 5830
0.451291965054 -0.061276851897 5831
0.380781576858 0.063119743291 5832
0.848863800990 -0.025049406055 5833
-0.005622220614 -0.038357857738 5834
0.376539566728 0.063812953213 5835
0.877315704736 0.018279438595 5836
0.018826807004 -0.036613749218 5837
0.995346511936 -0.019121855090 5838
0.602867744739 -0.369369705229 5839
0.590302735299 0.053503587087 5840
23.733558948042 15.405753467118 5841
0.881096043256 0.017628311171 5842
0.582156004362 -0.048404489009 5843
0.585157366317 -0.048194546142 5844
-20.477002666951 -37.868627272152 5845
0.591177584360 -0.047748156878 5846
0.572821337733 -0.053000410134 5847
0.827744761796 0.070656770708 5848
0.767765778437 -0.041719157229 5849
0.588412881654 -0.051140129742 5850
0.363492180756 -0.060630248330 5851
0.597106958749 -0.047185838369 5852
0.366477053947 -0.060567221468 5853
0.600090276325 -0.046961130923 5854
0.439241555230 -0.061962012545 5855
-11.026845506978 -50.737715961914 5856
0.012079834989 0.021605610641 5857
0.839512129981 0.033612878595 5858
0.840369617124 -0.022583155366 5859
0.837368842330 -0.022895244201 5860
0.512058421824 -0.070207013411 5861
0.978696141044 0.004575615044 5862
0.975754659787 0.004976926848 5863
0.573183772859 0.049116433681 5864
0.576174652688 0.048880939864 5865
0.283802856458 -0.064285936233 5866
0.694875146813 -0.041608456242 5867
0.543310759808 0.051401375629 5868
0.546265086059 0.051218642480 5869
42.272967019111 -19.276917571450 5870
0.622445188993 -0.206829349657 5871
0.273496339803 0.061426623130 5872
0.922271446303 0.026627829405 5873
0.884462171394 0.235328096704 5874
2.323329048832 -0.023942594961 5875
0.268409495770 0.065252837683 5876
0.811810291822 -0.030088635228 5877
0.326558740131 0.083424272332 5878
0.748922901763 -0.036726436633 5879
0.181288743999 -0.200126060658 5880
0.786770955726 0.028698179865 5881
0.386339806799 0.073503734967 5882
0.256689830235 0.097037559002 5883
0.868954417901 0.022773855538 5884
0.902869778602 0.031292904952 5885
0.166966484289 0.056630578702 5886
0.169979724824 0.056928350145 5887
5.480385618295 -5.857010445308 5888
57.597132728631 -63.976377551710 5889
0.041499833812 -0.072299384597 5890
0.762835761587 -0.031312259078 5891
0.765816363122 -0.031034479795 5892
-2.172652184751 -5.936942924406 5893
0.788286356079 0.111767389010 5894
0.344654302450 -0.085430117968 5895
21.009710226022 82.158660439377 5896
0.247584991693 0.084073743331 5897
0.491655750661 -0.058242580324 5898
0.327435852508 -0.061583867241 5899
0.333101051789 0.089404681221 5900
0.105778193284 -0.049555854398 5901
14.304537254949 -22.980323099113 5902
0.108809155555 -0.049872004739 5903
0.029543463833 0.045929385914 5904
1.178557232867 -0.915464596504 5905
-2.713446469914 -8.599002606006 5906
0.672700425281 -0.049622781438 5907
0.152059085617 0.082300619904 5908
0.259942868804 0.079645831030 5909
0.813472470173 -0.025907748446 5910
0.923319198550 -0.015674338355 5911
0.280882142747 0.151716060021 5912
0.786569893025 0.049685723254 5913
0.940044740483 0.009860338835 5914
0.623547041234 -0.049164979030 5915
0.863379926672 -0.157774081448 5916
0.335458872744 -0.075163935803 5917
0.415648471959 -0.116621904236 5918
0.972394014180 -0.027061689209 5919
2.488677281029 3.022324507430 5920
0.537080349228 0.062331795225 5921
0.757879653559 -0.035709536093 5922
0.328943893294 0.065702382995 5923
0.156505038427 0.055674073558 5924
0.159525805283 0.055929723519 5925
0.265219712910 0.071589708355 5926
-9.351802310492 8.018008157306 5927
0.898392932714 -0.015387367760 5928
0.895427249856 -0.015717729816 5929
0.917872377412 0.429487318293 5930
0.402481431628 -0.059362626285 5931
0.190343252473 0.075531624298 5932
0.957882728047 -0.007447351394 5933
0.954931736957 -0.007866003928 5934
0.102708203403 -0.054429903134 5935
0.234232738246 -0.105982197972 5936
20.430462965277 -57.730213885689 5937
0.795732435277 -0.027789641528 5938
-0.731031405673 75.945546047267 5939
0.823953599885 0.024400615100 5940
0.051533224836 0.044706076813 5941
0.053197938467 0.048911113887 5942
0.788139699846 0.075043836297 5943
78.652055067924 -33.757082893159 5944
0.012470658381 -0.021124423003 5945
0.719479076994 0.055258758890 5946
3.579921134214 8.249156598342 5947
0.971258107278 -0.005617681018 5948
0.968283198074 -0.006002751674 5949
0.619198090073 0.066157641412 5950
23.280473033059 -78.984918178304 5951
0.676884121713 0.091117889693 5952
0.992602234840 -0.035075042125 5953
0.986102301309 -0.003511560799 5954
0.983137117854 -0.003910584548 5955
0.014997009863 -0.022798934422 5956
0.456433195721 -0.056868168264 5957
0.459429308629 -0.056707180578 5958
0.993527314596 0.002446413508 5959
0.990562067856 0.002850304680 5960
0.984677161902 0.003766363112 5961
0.662829915402 -0.041325817402 5962
0.665821580990 -0.041147144075 5963
0.358186620836 -0.064922135919 5964
0.517824175049 -0.068453300184 5965
0.682792644592 -0.053921024530 5966
0.661645348454 -0.045398250463 5967
0.031371154240 0.030929550561 5968
0.268997303155 -0.061287723029 5969
0.271981835183 -0.061380923327 5970
0.742408652420 0.036845529616 5971
0.469474782779 -0.062801243002 5972
0.493448407251 0.057464470084 5973
0.034188977880 0.032050578576 5974
0.936376821168 0.020605898119 5975
0.475848475613 0.081803287108 5976
0.477393571822 0.055796104192 5977
0.480399637401 0.055540449629 5978
1.023991154854 0.036325842006 5979
0.862844332098 -0.041718644405 5980
-1.102594794553 0.330745319683 5981
0.668836883733 -0.040841887368 5982
0.671810920265 -0.040523108261 5983
0.324422994895 0.061464649865 5984
0.340989825666 -0.061090716912 5985
0.343982081830 -0.061074400742 5986
0.595840880971 0.061783194733 5987
36.378604882596 -13.416724931287 5988
0.156735110710 0.990297335934 5989
0.386029805214 0.059982117247 5990
0.388975000278 0.059940685360 5991
0.881030986271 0.038815580292 5992
0.885261807558 0.040711652800 5993
12.109401666830 3.540958863480 5994
0.436968231026 0.057946385478 5995
0.439976461948 0.057738425275 5996
0.175639532116 -0.062657836082 5997
0.789676721698 0.028311656294 5998
0.367991988277 0.060515082118 5999
0.370966673365 0.060448631160 6000
0.643139821845 -0.049385870590 6001
0.935584734607 -0.010459211996 6002
0.850736297740 0.132210347027 6003
-0.057114829715 0.244545768879 6004
-0.174608948396 0.245544858365 6005
0.247683199427 0.219058885024 6006
0.228460615579 0.075843224987 6007
0.528601864741 -0.052538018063 6008
-18.705182583593 20.905564497532 6009
0.147056931941 -0.062199014283 6010
0.552242137109 0.050695428059 6011
0.555217346092 0.050529093222 6012
0.907222662664 -0.040931084616 6013
-7.828416898530 23.726103673855 6014
0.549250199108 0.050917563562 6015
0.593805901412 0.051467673767 6016
0.318678506433 0.159705566101 6017
0.259995455020 -0.061127213226 6018
0.262919520815 -0.061181614891 6019
-1.517966274201 -2.941292279309 6020
0.592240802867 -0.051889092410 6021
0.595742532906 -0.062864801780 6022
0.103701491501 -0.122091484747 6023
0.768831228388 -0.030684191057 6024
0.810545162282 -0.025967932845 6025
0.807601597720 -0.026408016047 6026
0.354500660071 0.060866634243 6027
0.357492068607 0.060775103656 6028
0.889572209395 -0.016463083854 6029
0.737358010113 -0.038148744496 6030
0.404565461336 -0.077825841975 6031
0.753829349001 -0.061040011368 6032
0.393952342243 -0.076101291684 6033
0.977249118682 -0.004814557856 6034
0.933827147011 0.010864313703 6035
26.715918636125 -7.929761483643 6036
0.197906873788 0.063269918285 6037
0.032916328674 0.713880710089 6038
0.756750413513 0.133953189428 6039
0.837806573139 -0.122550408017 6040
0.532360329422 0.058712858786 6041
0.118625106007 0.056516338177 6042
0.467039410233 0.091632788306 6043
0.684598414864 -0.100612361821 6044
0.933626610391 0.027100823504 6045
0.465356128889 -0.056450198204 6046
0.808989436998 0.230916783189 6047
0.250992180721 -0.060928642419 6048
0.253916061132 -0.060997510222 6049
6.953573762289 -8.868464905724 6050
0.462445244182 -0.056615543527 6051
0.113104306778 0.083993683830 6052
0.581697135637 0.052514368640 6053
0.937376055217 0.010462262726 6054
0.241989683413 -0.060684293013 6055
0.244913319714 -0.060768265515 6056
0.315500907877 0.061497170084 6057
0.318483776005 0.061403269856 6058
0.151171559595 -0.058809361372 6059
0.232951395239 -0.060370836576 6060
0.235911803169 -0.060491725440 6061
0.887668800233 -0.024556081022 6062
0.724034207642 0.078000552117 6063
0.724321387856 0.088068540243 6064
0.901375480169 -0.014930704449 6065
0.921028470065 0.012660211249 6066
0.384003541938 -0.067303615458 6067
0.940736457490 0.012304448664 6068
0.634521385934 0.078448957728 6069
0.325031097392 -0.065556947645 6070
0.349990743094 -0.060900874837 6071
0.352990986845 -0.060837185744 6072
0.923469519282 0.012270659217 6073
0.761843840190 0.068224789322 6074
0.124782442566 -0.078800756479 6075
0.439333852539 0.082466217318 6076
0.767076407375 -0.034518266327 6077
1.812362810272 -23.189265060334 6078
0.533412142217 -0.055645675500 6079
0.268626553246 -0.067123783405 6080
0.698278452690 -0.042200656688 6081
0.455256407090 0.067759448421 6082
5.006838107469 7.650269816444 6083
0.064540674534 0.041153673052 6084
0.862186263292 0.053632888196 6085
0.203515634923 -0.073186215501 6086
0.877564569587 -0.017936861061 6087
0.874587560486 -0.018307394734 6088
0.954527348305 -0.013180871137 6089
0.742044707028 -0.047459260287 6090
87.864287153382 -17.439098319164 6091
0.643157129081 -0.043306458319 6092
0.345969663413 0.082793586522 6093
37.887415921790 33.636902437897 6094
-13.241317742172 -2.553369801616 6095
0.543002662119 -0.051661830529 6096
0.546563035032 -0.051401642623 6097
0.288431180090 0.061517458354 6098
0.291502468078 0.061520785979 6099
0.578188070816 0.059850709292 6100
0.490867657056 0.054851713974 6101
0.493852022608 0.054764815686 6102
0.540350340082 -0.059262802574 6103
0.301427001582 0.076765790312 6104
0.487898927208 0.055106224871 6105
0.279742994366 0.399177038031 6106
0.631781031562 0.044319073333 6107
0.272403008622 -0.066864049223 6108
0.172995790140 0.057043724628 6109
0.627939907923 0.044603694092 6110
0.700842755562 0.048460523773 6111
0.408782818668 -0.059307440234 6112
0.770049866673 0.030522091941 6113
0.773532224058 0.030141966839 6114
0.405217059050 -0.059492220842 6115
1.116731379584 0.220743310073 6116
0.191628564264 0.258717645146 6117
0.629628492199 0.065568754627 6118
5.518024876498 -0.801648988200 6119
0.407910747413 -0.069356365402 6120
0.307313558725 0.097561816803 6121
0.397138451192 -0.376860603215 6122
0.646146978904 0.064146357113 6123
0.911030719366 0.028245598613 6124
0.341450060940 -0.069819269057 6125
0.951247271328 0.025330015405 6126
-8.663910278283 -38.952442538773 6127
0.390791439146 -0.059972711826 6128
0.552353392272 0.069449622277 6129
0.585700908439 3.559285178120 6130
0.869896044772 0.019142227990 6131
0.376393170503 -0.180018007460 6132
0.405931742458 -0.145085233437 6133
0.214990747932 0.059669991053 6134
0.217935556504 0.059844454519 6135
0.403241205547 -0.090950287646 6136
0.345490535213 0.061009241866 6137
0.348490930323 0.060950560187 6138
1.139527051347 0.528470287600 6139
-8.776184240748 -18.212769027968 6140
0.903036142067 -0.029323866098 6141
0.263099013718 -0.066441322795 6142
0.073861093658 -0.088551565850 6143
0.490872032301 0.059869375154 6144
0.387257882039 -0.059919826642 6145
0.865348834914 0.023467448152 6146
0.278512485021 -0.081063050359 6147
0.858328636381 -0.020331327785 6148
0.854996535750 -0.020749613272 6149
0.947572437449 0.022477908538 6150
0.555208872791 0.422039682066 6151
2.093271134955 1.414846605593 6152
0.527570895441 0.326233415625 6153
8.664564698485 1.819657344281 6154
0.702591674858 0.055055520385 6155
1.081085379755 -0.263127411666 6156
0.768034819844 0.049529081548 6157
0.803608611736 0.030134661418 6158
0.371680923981 0.065551174265 6159
0.415575139991 -0.062242242761 6160
0.259687957987 -0.066212850834 6161
0.982260768352 0.007264438017 6162
0.205956682150 0.059194023422 6163
0.208916195167 0.059363240112 6164
0.402258633370 -0.061881226445 6165
0.932606790635 -0.010824117553 6166
0.929398857531 -0.011301272012 6167
0.456917290075 -0.073196018065 6168
0.639369224539 0.125852188016 6169
3.365278420420 -13.715922754287 6170
0.307865501434 -0.069140039197 6171
0.087205038062 -0.053601474182 6172
0.088132436575 -0.058034830954 6173
0.439041666953 -0.154945785431 6174
0.929676407572 0.024610721211 6175
0.772230770900 0.040281120363 6176
1.010610834761 0.142317796458 6177
0.816324519179 -0.029226238176 6178
0.920559145174 -0.012748866711 6179
0.156220138433 0.069906046618 6180
0.317839948746 -0.064603359159 6181
0.613394447179 0.045805561007 6182
0.616789076828 0.045522501371 6183
0.428464224395 -0.067630591497 6184
0.779011400281 0.029765971619 6185
0.678903539442 0.044165000731 6186
0.568121390138 0.053308269287 6187
0.782015066387 0.054247535232 6188
0.132612818597 -0.053085881122 6189
0.846142233116 -0.022089157146 6190
0.277965365358 -0.061436624292 6191
0.135600467328 -0.053491739398 6192
0.146072393462 0.054586404432 6193
0.149080631635 0.054922875578 6194
0.578215098602 -0.152927397667 6195
0.650716744322 -0.046653462311 6196
2.209306861723 -1.771950818904 6197
0.953673351861 0.008020179329 6198
0.950296913871 0.008472472498 6199
0.391985189950 0.059724017765 6200
0.753557936437 -0.036144421754 6201
0.170622377835 -0.070489553949 6202
0.101789283981 -0.062489137724 6203
0.899732618834 -0.018743707954 6204
0.450699206535 0.097232374065 6205
0.441899216575 0.101654760265 6206
0.349059887853 0.064626149421 6207
0.435850126394 0.067197567151 6208
0.523483554219 0.057076403068 6209
48.919174087765 -1.979948113176 6210
0.254297391997 -0.066503465342 6211
0.291933765799 -0.074313030268 6212
0.787294162311 -0.046237669150 6213
0.917731270186 0.012753644277 6214
0.397401086612 -0.063067166189 6215
0.926719315022 0.011594851870 6216
0.137122414817 0.053540779401 6217
0.140111647047 0.053951749544 6218
0.432281964672 -0.061249010615 6219
0.719865072049 0.038666350450 6220
0.459427660322 0.056677497034 6221
0.462423618378 0.056514254414 6222
0.535386818548 -0.072323221233 6223
0.041156799757 -0.043519011529 6224
0.056769655174 -0.059259955460 6225
0.250679890587 -0.066037468948 6226
0.708884839050 -0.041051637809 6227
0.796481476876 -0.030280504779 6228
0.128713697271 0.055883553928 6229
0.130441870321 0.057961201619 6230
0.846437791883 0.021725541992 6231
0.843226112538 0.022087759542 6232
0.079228609751 0.044447222873 6233
0.297311444383 -0.069572200038 6234
0.082162429998 0.045078022880 6235
0.597010486466 0.050567011639 6236
0.560706294575 0.061096985562 6237
0.534038223249 0.052037574641 6238
0.537436163242 0.051787258668 6239
0.243450249874 0.060801386226 6240
0.725751783204 0.048808494222 6241
0.494763568540 0.063208936173 6242
0.296158581133 0.070139536967 6243
0.529623970707 -0.058224528344 6244
0.667168087484 -0.048832655881 6245
0.298550880051 -0.074458909747 6246
0.245194406873 -0.066225632797 6247
0.085079170630 -0.045772997928 6248
0.990626122510 0.007534485535 6249
0.123739782774 0.052003006003 6250
0.241644646652 -0.065788276663 6251
0.728697017625 0.035117029921 6252
-57.658356914104 -39.271820542346 6253
0.983144586504 -0.008568838477 6254
-12.427544176124 -30.953325015161 6255
0.941852185618 0.031311862592 6256
0.521387929732 -0.057083823716 6257
0.969906465204 0.005743900642 6258
0.966649080293 0.006198355839 6259
0.230176890711 -0.060285606230 6260
0.615249032753 -0.107867051325 6261
0.262617439671 0.067780693221 6262
0.951229139037 0.050293154619 6263
0.942893337546 0.052226216853 6264
-0.405740382429 7.596944733494 6265
0.381085305546 -0.083418209781 6266
0.397016903770 -0.072651153628 6267
0.793673960299 -0.031809548938 6268
0.079490837721 0.059427841625 6269
0.710027516978 0.051991052164 6270
0.646566172648 -0.094471079551 6271
0.236271951998 -0.066022820625 6272
0.686349513008 -0.146186289302 6273
0.471621492482 0.056324252173 6274
0.963923992830 -0.035480549113 6275
0.183421158080 0.057909005994 6276
0.307786502715 0.078094771119 6277
0.232736664991 -0.065470333821 6278
0.965075367720 0.029745567892 6279
0.100674121001 0.134173857306 6280
-1.513609036915 -0.297480045601 6281
0.704501440167 0.037304527647 6282
0.707844557366 0.036996186022 6283
0.069131944484 -0.045154700052 6284
0.954879763534 0.068824376277 6285
0.470817397550 -0.085926226073 6286
0.473189835458 -0.056190966993 6287
0.317611383830 0.093001196374 6288
0.828767012822 0.039341332317 6289
0.829903976781 0.023627967411 6290
0.420037110824 -0.080210715741 6291
0.809330561266 0.038769348373 6292
0.077794147722 -0.044058918021 6293
0.559656537367 -0.050086340534 6294
0.562916761697 -0.049880258865 6295
-0.002566837334 -0.297759457852 6296
0.249629799469 -0.431158709415 6297
0.173159370541 -0.057280122471 6298
0.326481310959 0.071722771005 6299
0.385861836214 -0.080526124603 6300
0.821614379196 0.092023330187 6301
0.877004525376 0.041140593619 6302
0.218161464797 -0.229160637474 6303
0.362673025317 -0.064047314501 6304
0.496662792904 -0.054510362010 6305
0.500011734627 -0.054273089162 6306
0.339288454083 -0.251531480669 6307
0.220766843049 0.060155964661 6308
0.394315216779 -0.101567397444 6309
-34.662048419538 10.383196584047 6310
0.330060896993 0.570922251621 6311
0.664104621772 0.109013035107 6312
0.425973819284 -0.090766367317 6313
0.524786750092 0.074349133929 6314
1.001840728230 0.001453694958 6315
0.537525291840 0.079370627921 6316
1.761093411897 -2.512160189725 6317
0.428795987080 -0.076909876815 6318
0.692612650023 0.046408888726 6319
0.342876660779 0.064506592132 6320
0.340633713743 0.065883165758 6321
0.057304019456 0.039117035090 6322
0.895373475977 0.027974716446 6323
0.187975306656 0.058079327815 6324
0.191173439173 0.058570232928 6325
0.954527052442 -0.029523998858 6326
0.861593789825 0.069951689135 6327
0.077932118995 0.050177680198 6328
0.081047630441 0.050716532784 6329
0.324018847190 0.065342674335 6330
0.538514244377 -0.055035955176 6331
0.802889896831 -0.026658301665 6332
0.765764836615 0.041804574849 6333
0.831619590270 0.031351900390 6334
0.474829388707 -0.059653235810 6335
-24.683698296538 -28.752602895303 6336
0.372338852189 -0.060325794771 6337
0.375644512164 -0.060242415232 6338
0.911777645735 0.013498614185 6339
0.959938832455 0.027811781486 6340
0.721062860573 0.035582387496 6341
0.826807457418 -0.028281984567 6342
0.621960023660 0.087670648236 6343
0.617969169333 -0.049612436080 6344
1.036607024885 -1.419823137619 6345
0.591662042991 -0.083546703428 6346
0.572918559929 0.052724021728 6347
0.574900774775 -0.066778528510 6348
0.691212186520 0.038564161471 6349
0.096744780809 0.048115197626 6350
0.935942335281 -0.069246540687 6351
0.309971290450 0.065179878385 6352
0.286782786564 -0.069147128497 6353
0.260373358376 -0.228924234186 6354
0.656719833602 0.053080049425 6355
0.494929290865 0.076496706381 6356
0.906305194446 0.035538116355 6357
0.569967655919 -0.078797027980 6358
0.459144837667 -0.059172741047 6359
0.796272687695 -0.035675906817 6360
0.665600160801 -0.043675276351 6361
0.901807835386 -0.022747598714 6362
0.853742560245 0.020836478841 6363
0.410466554814 -0.078410111680 6364
0.020802117980 0.035285086017 6365
0.985966263298 0.007800204655 6366
0.869646268816 -0.022860670324 6367
69.877875897225 -12.630768296853 6368
0.576198633369 -0.056870687133 6369
0.084907537482 0.045879745761 6370
0.513330338639 -0.053352222240 6371
0.903968489510 -0.616523576340 6372
0.434811779295 -0.062096043852 6373
-70.524048244634 8.965076775476 6374
0.576255287618 -0.048782160037 6375
0.510134397787 -0.167764881736 6376
43.878340561071 45.517370763658 6377
1.401469964553 -2.840204354773 6378
-43.876687767786 -46.692694090211 6379
0.936279075026 -0.012910162622 6380
-0.072728306539 0.544359522691 6381
0.734039331138 -0.042603804080 6382
0.604571745641 -0.046449561575 6383
0.063372935059 0.043894073556 6384
0.976327138813 -0.056499641139 6385
1.022418424527 -0.547565046796 6386
0.827940782161 -0.033910249162 6387
5.254954114258 32.436100585444 6388
0.771259963860 0.289168927536 6389
0.676302736235 -0.040137090672 6390
0.679274329015 -0.039722119334 6391
0.682531359059 -0.039474071418 6392
0.494107214900 -0.089306231948 6393
0.205487861557 0.080532285307 6394
0.358904023856 -0.060647608556 6395
0.585831043824 -0.059329836221 6396
0.949106038904 -0.008585486670 6397
0.945783410474 -0.009060977702 6398
0.785993662135 0.044948601924 6399
0.440991460346 -0.066711618536 6400
0.117750605249 -0.051050756240 6401
0.120727430965 -0.051463352101 6402
0.219926776280 -0.064302496085 6403
0.203189666712 0.059030752592 6404
0.076968216130 -0.047239214351 6405
7.773057261356 14.509733694394 6406
0.810772469049 0.026118614254 6407
0.985997375718 0.082382022714 6408
0.234453457755 0.060365393871 6409
0.237453715529 0.060465622945 6410
0.728478281366 -0.034712850351 6411
0.731533871455 -0.034782236991 6412
0.804396660612 0.026848012406 6413
0.756866433127 -0.031836938936 6414
0.758652026509 -0.055749601902 6415
0.370902595636 0.125232419699 6416
0.771792253052 -0.030298771593 6417
0.774761110959 -0.029784016533 6418
0.465099005106 -0.066533094220 6419
1.880804879934 0.406942856850 6420
5.008743736546 2.771924138498 6421
0.333481111331 -0.061128027170 6422
0.336481349215 -0.061210028000 6423
0.974581916018 -0.008411267038 6424
0.677574014588 0.040179350003 6425
0.197393527800 -0.062235200925 6426
0.960299303123 -0.067640654710 6427
0.959138700516 0.007495640985 6428
0.646459404874 0.042772326221 6429
0.330214507938 -0.061233169788 6430
0.885314038793 -0.017177131637 6431
0.314714833097 -0.065320043032 6432
0.134370288062 0.053211600037 6433
0.771683429906 0.069749882163 6434
0.749651678162 0.032881610588 6435
0.910596669355 0.021682153346 6436
0.776536978741 -0.032837998465 6437
0.019100667138 0.024901160910 6438
0.845192310362 0.099427952127 6439
0.140870718413 -0.060063268651 6440
-0.371964003339 0.426389763156 6441
0.408272566339 0.059119124007 6442
0.411472894708 0.058923720717 6443
0.743257057037 0.033557536388 6444
1.539157409344 -1.577130234013 6445
0.193971582348 -0.058414293552 6446
0.196968541355 -0.058597161222 6447
0.943026594447 0.009461778948 6448
0.008153817609 0.327793292751 6449
0.999664859525 0.001600872942 6450
0.562197111018 -0.098419231978 6451
0.996381414697 0.002330904573 6452
0.403624771066 0.088402868421 6453
0.921961576872 0.020022429569 6454
0.777400777226 -0.037374972879 6455
1.714886530577 0.630944092374 6456
0.417467454125 -0.058641899519 6457
0.529461523748 0.069601641306 6458
0.376784826703 0.060227056955 6459
0.380196430552 0.060122408277 6460
0.788461199359 0.038147506322 6461
0.489379001201 -0.054941766702 6462
0.907315037857 -0.014076859236 6463
0.904129820949 -0.014485986302 6464
0.553991355113 -0.050778571100 6465
0.399480011715 -0.059445895622 6466
0.104153238840 0.049236395597 6467
0.936276430283 0.333590293974 6468
0.099924096719 -0.048313575030 6469
0.175997023552 -0.057186003338 6470
0.102990992108 -0.048842951780 6471
0.835828309592 -0.041007098763 6472
0.178991444878 -0.057412281442 6473
2.575296887370 1.893792767241 6474
0.768655558491 -0.067279657683 6475
0.749291447466 0.066058299401 6476
0.640438795923 0.043259180162 6477
0.826363821362 0.029571700565 6478
0.840062024968 -0.034075220234 6479
0.056183814330 0.042187130477 6480
0.065473889216 -0.050235554557 6481
0.962414562002 -0.006725555649 6482
0.372996032176 0.094781471686 6483
0.801449704985 -0.037316269173 6484
0.859699616918 0.019927578664 6485
0.053224988730 -0.045832736560 6486
0.865640270082 0.019286961335 6487
1.020985379481 -0.021298568694 6488
0.985967262520 -0.039313671349 6489
0.487950963839 -0.061734806925 6490
0.424809516360 0.058387155043 6491
0.428022861950 0.058203196127 6492
0.091581037336 -0.073799415377 6493
0.728795283151 -0.043434715651 6494
0.936523857395 0.585976392263 6495
0.533297376315 0.185069149690 6496
0.963416515331 -0.010852405996 6497
1.119043571271 1.066723198628 6498
0.199025311036 0.070565593938 6499
0.899566474875 0.020257710638 6500
0.760307490190 0.048806736221 6501
0.547544579500 0.073030975265 6502
-0.826726329171 -1.240813251736 6503
0.172036820978 0.191006562365 6504
0.769008210719 0.084866989719 6505
-19.451170820869 -50.480325899584 6506
4.463161781322 3.776670253652 6507
0.039946044419 -0.033933638103 6508
0.512791751736 0.057656385189 6509
0.608880724973 -0.061469601410 6510
0.124702320692 -0.098526008909 6511
0.890452991110 -0.121316574607 6512
0.482207091973 0.065770126657 6513
0.646810956591 0.054080638638 6514
0.832868224611 0.023149452536 6515
0.076298985832 0.043756793613 6516
0.059106884775 0.065286046948 6517
0.618277653821 -0.045578298701 6518
0.653877815985 0.042076608942 6519
0.445941126569 0.057322833149 6520
0.035905858238 0.175425604618 6521
0.857392955576 -0.030675878250 6522
0.489441532489 -0.077068669406 6523
0.872333697237 -0.026667773859 6524
0.978650725890 -0.008708652185 6525
0.800097756966 0.027023816199 6526
0.794135861998 0.027696976298 6527
0.764325103043 0.030806601679 6528
0.758336975176 0.031558821771 6529
0.937800674485 -0.032350726211 6530
0.902809276557 0.014546592553 6531
0.475798776054 -0.063939571971 6532
0.848609456600 -0.837600238547 6533
0.963228049693 0.012658117057 6534
0.357609479320 -0.131762176639 6535
0.852707515645 0.043648731638 6536
0.908797188643 0.013842767765 6537
0.900866757267 -0.037912609889 6538
0.972031996224 0.011872992451 6539
0.521069449863 -0.053028978803 6540
0.880123760398 0.112286036997 6541
4.443254817148 -2.802053123176 6542
0.288471525281 -0.061337209002 6543
-1.077213234424 -5.203782800205 6544
0.331986552031 0.061142722430 6545
0.328844328255 0.061199566191 6546
0.683743705881 0.039250186478 6547
-12.520740816442 -12.745861169452 6548
0.193107279447 -0.061974174111 6549
0.403776613168 0.071088301348 6550
0.791153947949 0.028024934580 6551
0.673291919007 0.040252525759 6552
0.277966896997 0.061283153381 6553
0.667284850672 0.040702870737 6554
0.363401860198 0.060538558295 6555
0.603638341218 -0.062097054826 6556
0.453494241547 -0.056893558866 6557
0.738962100815 0.033685399333 6558
0.902062354202 0.069063237415 6559
0.667222520716 0.052090167943 6560
1.289792390876 -6.383917770674 6561
0.827234627814 -0.046917611091 6562
0.878797184422 0.139721894512 6563
0.938566918987 -0.010056119351 6564
0.926098122283 -0.126767660878 6565
-22.646997746782 16.573578056451 6566
0.961914326116 -0.023270441471 6567
0.337987685998 0.061047889337 6568
0.340982217689 0.061127259054 6569
0.886186017239 0.059460274581 6570
0.718071860473 0.035812340008 6571
0.540828099617 0.062280868303 6572
0.469451827176 0.059577912973 6573
0.335001035579 0.061139442213 6574
1.003971735050 -0.014825540406 6575
1.006204976305 -0.009692646279 6576
1.011954844436 -0.007037509454 6577
-10.506345345729 12.560029176104 6578
0.662839479976 0.041178123230 6579
1.002940194485 0.005261683710 6580
0.694193217422 0.038224705632 6581
0.666307564091 0.044278928330 6582
0.656863925311 0.041788531110 6583
0.433952092509 -0.057873341781 6584
0.487970124489 0.062725932354 6585
0.622503033585 -0.044877655693 6586
0.628493703851 -0.044178573928 6587
0.141607016705 -0.053987608362 6588
0.144593301029 -0.054313284091 6589
0.692701853064 -0.038385277040 6590
-1.479447260812 0.577197683333 6591
0.858166586183 0.036792040630 6592
0.612041729938 -0.045777800899 6593
0.156547831782 -0.055515199673 6594
0.647185470453 -0.273801261467 6595
0.483354955521 -0.055121433368 6596
0.477395318771 -0.055560127384 6597
0.394974463452 0.059649692488 6598
0.604594686840 -0.054374732048 6599
0.547073944428 -0.090617678573 6600
0.894257358827 -0.048061274642 6601
0.394117024571 0.077766756067 6602
1.481773529062 3.209721555948 6603
0.650889684116 -0.042342301900 6604
0.112061276551 -0.055641470886 6605
0.213143141184 0.072294333946 6606
0.659897973218 -0.041581308931 6607
0.464913644912 0.076601674567 6608
0.532798787375 -0.051758972053 6609
0.538761623450 -0.051461696839 6610
0.510333587672 -0.053503499454 6611
0.439940942920 -0.057570508934 6612
-0.053445692788 -0.136464667650 6613
0.429456069296 -0.058077223173 6614
0.423482829328 -0.058262276938 6615
0.697179612435 -0.037939669537 6616
0.234676564135 -0.078720745542 6617
0.703161447808 -0.037229720294 6618
0.211960110461 -0.059372850808 6619
0.311013185605 0.061226924773 6620
0.573164951345 -0.048875834854 6621
0.368057215151 -0.071142207381 6622
0.586647265223 -0.047716952983 6623
0.909216162526 -0.016923173748 6624
0.632936770346 -0.043834829787 6625
0.603038981444 0.046461736549 6626
0.601578218466 -0.046652441650 6627
0.307973002134 0.061651118253 6628
0.638909676608 -0.043218860490 6629
0.554940158148 0.053028461451 6630
0.568685067210 0.049310313196 6631
0.292506743613 0.065183526698 6632
0.471935796299 0.069629363286 6633
0.513327126421 -0.061413088874 6634
0.650896199577 0.054339897484 6635
0.268343736272 -0.303839962515 6636
0.582143142418 0.048244418935 6637
0.753879189491 -0.032115247501 6638
0.707581100690 -0.036847085323 6639
0.990547455668 -0.002654188467 6640
0.845424071466 0.031074374863 6641
0.713597178311 -0.036297510203 6642
-0.000214156090 0.092397437837 6643
0.417467147045 0.058635704089 6644
0.400956346323 0.059279598002 6645
0.358239576759 0.065401240359 6646
0.159539437418 -0.055781966183 6647
0.162668620146 -0.056117815224 6648
0.361986048128 -0.060422989552 6649
0.820970017357 -0.024516074117 6650
0.719582543353 -0.035600980357 6651
0.676624672602 0.048324513850 6652
0.154114563091 -0.078845518841 6653
0.965372401334 0.150128609483 6654
0.725534888170 -0.035080366912 6655
0.571675571544 0.049071001194 6656
0.788125708559 -0.028197785426 6657
0.735978796437 -0.034000055609 6658
0.746199690755 -0.058767112460 6659
0.877627711684 -0.028156604996 6660
-64.933210155837 30.362375876037 6661
0.180330102819 -0.061550798714 6662
0.747857956921 -0.032677079169 6663
0.667307529295 -0.040724476163 6664
0.385924640975 -0.059617255516 6665
0.673290850595 -0.040240836306 6666
0.268592045532 -0.077407392488 6667
1.018547129954 0.183789433801 6668
0.348488026943 -0.060804146660 6669
0.562693501104 0.049634424179 6670
-0.318214791122 0.646398038381 6671
0.346393708379 -0.068671762693 6672
0.319983015257 -0.061239474214 6673
0.777737825656 -0.029522502750 6674
0.783705370115 -0.028602057940 6675
0.312740326304 -0.074337309220 6676
-21.296512216164 -4.063191540026 6677
0.734067067696 0.037831038549 6678
0.345487830358 -0.060864622907 6679
0.825382616480 -0.024059849972 6680
0.523848071352 0.052471839271 6681
0.831396523058 -0.023232195428 6682
0.415983125895 0.064780776114 6683
0.517786798911 0.052900665531 6684
0.174505184895 0.065902361240 6685
0.864100035813 -0.019307532142 6686
0.870106552759 -0.018737778940 6687
0.959183313322 -0.010786970615 6688
0.369845037636 -0.088309872740 6689
0.794144929325 -0.027670944126 6690
0.485915847274 0.059017517504 6691
0.767299953562 -0.030659376573 6692
0.339487123008 -0.060971782509 6693
0.070562821084 0.046147021642 6694
0.980153251903 0.004007488920 6695
-26.558640551390 -34.810682145906 6696
0.783251133132 -0.277299770658 6697
0.556719102457 0.050217225990 6698
0.805989099380 -0.026164505483 6699
0.835828358425 -0.022762005829 6700
0.841832698766 -0.022089386888 6701
0.367232882406 0.064053491813 6702
0.072309993775 0.048144209652 6703
0.595511555641 0.099034873264 6704
0.547767646574 0.050771495907 6705
0.931908687293 -0.021200923485 6706
0.587710999119 0.065875310355 6707
0.246706984534 0.068992558689 6708
0.808167900410 -0.028649725073 6709
0.910284297784 -0.013646371346 6710
0.124734053442 0.058966373450 6711
0.916251221871 -0.012793397817 6712
0.461980360169 0.116118659795 6713
0.620582126230 -0.053856064625 6714
0.068966028669 0.042071023767 6715
0.853646366132 -0.020550821855 6716
0.859687210134 -0.019921895036 6717
0.295974646468 -0.061331929502 6718
0.873082678947 -0.018360597614 6719
0.879027138926 -0.017586255327 6720
0.352846243926 -0.080465484606 6721
0.513365097632 0.053256349007 6722
0.315554511399 -0.061076204880 6723
0.060254308829 -0.048936243531 6724
0.507340173172 0.053705682801 6725
0.505688063892 -0.064935049538 6726
0.309456125029 -0.061186897120 6727
0.899855728545 -0.014898098084 6728
0.839739882685 -0.083674441301 6729
0.793638718754 0.034984399126 6730
0.267431146703 0.061018254531 6731
0.270454218236 0.061613563811 6732
-0.049973656329 0.021410813370 6733
-0.057660541115 -0.011260211582 6734
0.645834066757 -0.060624112208 6735
0.928046502068 -0.011117813425 6736
0.934044946674 -0.010360918758 6737
0.264373289994 0.061099517119 6738
0.285470486261 -0.061289128663 6739
1.099173246180 0.132292093523 6740
0.501352151728 0.054090904595 6741
0.959335361780 -0.007000606971 6742
0.437032620336 0.076187615902 6743
0.562952844383 -0.089422360845 6744
0.891683518883 -0.151568841122 6745
0.226925867513 -0.060054798507 6746
0.972724650321 -0.005052248875 6747
0.319100699507 0.066220968287 6748
0.721232567499 0.044174849865 6749
0.304123094566 -0.065642069387 6750
0.987569292544 -0.003114861124 6751
0.704562867637 0.086771969001 6752
0.295268158104 0.106047511099 6753
29.979094172206 -22.357135407608 6754
0.305019038148 -0.061260682770 6755
0.769533494336 -0.033044371011 6756
0.249585287207 0.103905746736 6757
0.298975810618 -0.061322065324 6758
-11.037250453656 3.789002594495 6759
0.226959156329 0.060040476896 6760
0.229982624149 0.060193302317 6761
-6.662805579840 -7.318686323566 6762
0.223936103227 0.060045869172 6763
0.070463326656 -0.042812609846 6764
0.454927959318 0.056813990739 6765
0.495363320997 0.054463791782 6766
0.448935411975 0.057126795788 6767
0.478681898002 -0.059355344955 6768
0.486357436139 0.054943475324 6769
0.475865193940 0.055570149023 6770
0.058516033368 -0.039897732589 6771
0.910161035563 -0.021566626883 6772
1.146864900535 -0.248230745021 6773
21.631450489569 -15.354260565687 6774
0.096967590915 -0.047764712532 6775
0.295167818708 0.064593604349 6776
0.463915237053 0.056317545829 6777
0.435425024880 0.057726442940 6778
0.873395979077 -0.038865409535 6779
0.457923492537 0.056644019630 6780
0.326246545171 0.061102112755 6781
-3.020209331030 -24.441436854775 6782
0.048583543372 -0.036662726617 6783
-7.417357543944 -1.859724919776 6784
0.051471730343 -0.037531766696 6785
0.403890715943 -0.066632284029 6786
0.253382446526 0.065118144420 6787
0.652527111896 -1.725321113993 6788
0.823974493112 0.034244553140 6789
0.017720010145 -0.024089868323 6790
-0.008517381453 -0.090132423750 6791
0.388057461918 0.094453075089 6792
0.713049097653 0.039923410658 6793
-0.743388135100 -0.365117396201 6794
-30.683473651779 45.268694306807 6795
0.454386276468 0.061035396104 6796
0.048519380918 0.039783282561 6797
0.020618823467 -0.025602372170 6798
0.695201917522 0.054148426395 6799
0.366485513169 0.060309080982 6800
0.093419710990 -0.212889346650 6801
0.390475770783 0.059575522878 6802
0.352988258287 0.060713826319 6803
0.273488355140 -0.061100450393 6804
0.662423752598 0.045399106131 6805
0.267487290181 -0.060978338766 6806
-0.155764534822 4.870833771231 6807
0.578178888102 -0.084901737321 6808
18.713543958173 -17.646968117298 6809
0.187982329098 -0.057974959694 6810
0.264440416339 -0.060925831309 6811
0.376586276266 -0.074943617300 6812
0.258485735409 -0.060813937944 6813
0.977833114399 0.033308037233 6814
0.349986407045 0.060691630634 6815
0.674918128821 -0.057098821500 6816
0.208963457058 -0.059187973545 6817
0.343987641396 0.060892710800 6818
0.581611669325 -0.051697021111 6819
1.347677661693 -3.882178537279 6820
0.202674783637 -0.058957008479 6821
0.219544535684 -0.059711827830 6822
0.500909070893 0.090800151411 6823
0.556516815835 0.143991908486 6824
0.695477405837 0.041938833135 6825
0.302924310273 0.065810450544 6826
0.650387473068 0.191193755975 6827
0.116276982669 0.050740026365 6828
0.119252851896 0.051294956469 6829
0.255438232732 -0.060749146878 6830
0.297475189592 0.061331418714 6831
0.282939011410 0.065771401097 6832
0.717974684455 -0.103264788804 6833
0.804457219133 0.045415161672 6834
0.249484001930 -0.060607797521 6835
0.419131540107 -0.065134719235 6836
0.246436779460 -0.060527627555 6837
0.642203039057 -0.064230675961 6838
0.240483164708 -0.060355518352 6839
0.772452981132 -0.034996806176 6840
0.256959943132 0.060909040356 6841
0.812427055236 0.052214356899 6842
0.237436352898 -0.060259245205 6843
0.313981026995 0.061270818649 6844
0.208178698446 -0.063741808825 6845
0.303477446953 0.061322030067 6846
0.629685379181 0.057633659700 6847
0.016382196719 0.023438962117 6848
0.356485593135 -0.076635473787 6849
0.520916584686 -0.102338444215 6850
0.882687961482 0.050168758436 6851
0.687026423479 -0.048264745960 6852
0.231508937689 -0.060003779977 6853
-68.719907082669 -24.340533822208 6854
0.891666133416 0.183166427530 6855
0.882968561989 0.029742975919 6856
0.604257242810 -0.133520577681 6857
0.820988806760 0.036587215963 6858
0.483017183155 0.074724251743 6859
-16.718032827501 13.462736815258 6860
0.513828351047 -0.529925465652 6861
1.144849476641 1.434700267303 6862
0.099961637210 0.048271469561 6863
0.110331234387 0.049860817646 6864
0.113303565944 0.050304673535 6865
0.558333926802 -0.066984874595 6866
0.107280289195 0.049555942405 6867
0.722333370432 -0.046464299649 6868
0.282742270859 0.061368159137 6869
0.916717619513 0.018395919328 6870
0.291706082407 -0.148934732585 6871
0.428538448687 -0.061974566137 6872
1.931430736252 -0.350216385508 6873
49.322237054387 6.332933806648 6874
-19.564175089382 2.979960019938 6875
0.466396505869 -0.189419743410 6876
0.293051682701 0.061117341072 6877
0.932042245970 0.189948276862 6878
0.204655548219 0.524791630282 6879
0.997409312052 0.004612876562 6880
0.485666044541 -0.087735921001 6881
0.881914802667 -0.033921866215 6882
0.253959437012 0.060828573736 6883
0.214007149739 -0.140476944400 6884
0.247925186400 0.060596202215 6885
0.660311496208 -0.050943156668 6886
0.795381731320 0.031092256402 6887
0.543686393355 -0.229274891267 6888
0.705056750755 -0.040306167414 6889
0.275042568964 0.061155058416 6890
0.535701321296 -0.288031722750 6891
0.364150246326 -0.158642063086 6892
0.170015555587 -0.056639735428 6893
0.362884932331 0.064889065584 6894
0.690837988193 0.062230527376 6895
0.982765127979 0.017249871180 6896
0.066327678643 0.048941307462 6897
0.862961115352 -0.022919101523 6898
0.902121018661 -0.017285711324 6899
0.677884652435 0.052591204498 6900
-12.358772328780 7.633302838766 6901
0.050042742586 0.037454823779 6902
0.818997525986 -0.086771977103 6903
0.523533853016 -0.915682303433 6904
0.773621086268 -2.312882134661 6905
0.131177275275 0.052769102434 6906
0.024358890719 0.104652877795 6907
0.744992785540 -0.040982744445 6908
0.912024839626 0.039579468105 6909
0.244274440701 -2.836619995822 6910
0.390115145670 0.063353008131 6911
0.787237621838 0.087251039059 6912
-0.100250983718 -1.440578607140 6913
0.175993648719 0.057310077819 6914
0.788593938205 0.130103683906 6915
0.799172061436 0.038870111142 6916
0.113302756923 -0.050310461903 6917
0.701370850685 -1.334025244697 6918
0.583162738816 -0.075053509533 6919
0.655498539070 0.045112589956 6920
0.898401503677 0.052967878146 6921
0.725148995330 0.040567094888 6922
0.089574436384 -0.046402786716 6923
0.199950083175 0.058783072427 6924
0.584461898201 0.148328947248 6925
0.168127726974 0.072691314891 6926
0.153564588066 -0.055161076760 6927
-0.950263455062 -11.277258920989 6928
0.061733186616 0.040336793665 6929
0.066131029218 0.063075702075 6930
0.479239419928 -0.070237060639 6931
12.538775134407 13.219114631865 6932
0.438962060906 -0.078688216289 6933
0.232959619070 0.060134375128 6934
0.516462847761 0.056262161668 6935
0.876081542513 0.030498704408 6936
0.409206527372 -0.165132171077 6937
0.768424463729 0.045234893884 6938
0.184988102982 0.057749848373 6939
0.340509408515 0.110019149829 6940
0.969225468292 0.025392477015 6941
0.327604453655 -0.077890115190 6942
0.213492529225 0.059309943995 6943
0.122235004455 0.051526524554 6944
0.210443961066 0.059153649635 6945
0.219459551828 0.059668428034 6946
0.765755947231 1.725027160228 6947
0.690563183414 -0.114626362216 6948
0.425577720830 0.257012367212 6949
0.753771790474 0.216725884034 6950
0.682405987903 0.052450185076 6951
1.838001531886 -0.667368893382 6952
0.180542398650 -0.057253687437 6953
0.509673347032 -0.057383720258 6954
0.204521586163 0.058790408607 6955
0.054384924579 -0.038309912719 6956
0.165498386880 0.056151508393 6957
0.155037319227 0.055182373979 6958
0.161107615418 0.055706354365 6959
0.864711161242 0.028749139617 6960
1.345218733915 -0.037303929624 6961
1.420331590285 -0.124158314539 6962
0.084276687883 -0.048351391823 6963
0.818627321559 0.025267603672 6964
0.174508787406 -0.056957631617 6965
0.192508267624 0.058196861957 6966
0.073380661952 0.043017272447 6967
0.171513769818 0.056709685981 6968
0.637687104847 -0.061881063656 6969
0.141678932102 0.053787707725 6970
0.144587158838 0.054096925426 6971
0.150606526304 0.054775159518 6972
2.427216873996 0.290060786970 6973
0.994993052263 0.002047831896 6974
0.135714786365 0.053053872528 6975
0.465631761155 -0.074781286401 6976
0.454536600366 0.084903514297 6977
0.251770847305 0.075604785898 6978
0.273309014971 0.112063726432 6979
0.023033321017 -0.026734031595 6980
0.373035472948 -0.133277359848 6981
0.222341780126 -0.071456229415 6982
0.655148969474 0.130789569208 6983
0.882952190324 0.017498460826 6984
0.452153098014 0.421305432910 6985
0.240320731504 0.155093921168 6986
0.912288004995 -0.036475905427 6987
0.058646011781 -0.042569111617 6988
0.822890731133 -0.027538837797 6989
0.706973235002 0.046460036242 6990
0.665739314192 0.090767225109 6991
0.088291599138 0.046529879912 6992
0.169533873226 -0.120044061260 6993
0.010206560397 0.033093598372 6994
0.001210698970 0.038349296769 6995
0.778195608766 -0.049278871407 6996
-11.505723733087 17.970864837115 6997
0.872524533217 0.070233358737 6998
-0.120919779655 0.430749447469 6999
0.854822919501 0.024972025191 7000
0.682831707275 0.049256969621 7001
0.769141986669 -0.150605392601 7002
0.021687228229 0.026071643937 7003
0.082297267864 -0.045158814726 7004
0.211215773619 0.107611437867 7005
0.092277220199 0.097132888254 7006
0.237881155362 0.063840830235 7007
0.320546691856 0.236209748008 7008
0.461941930070 0.066935330998 7009
0.837538157166 0.024468296053 7010
0.102871245664 0.048647547122 7011
0.641792353256 -0.117147919098 7012
0.024704118799 0.027628049584 7013
0.146149183865 -0.054204701005 7014
0.205771882370 0.141020509974 7015
-9.247411172739 -25.031250928390 7016
0.801555107012 0.072769387029 7017
0.490232716123 0.084486169939 7018
0.140126968732 -0.053707842334 7019
46.082160044468 -75.644939519462 7020
0.447583345813 0.076972555283 7021
0.095319231588 0.047418564026 7022
3.848360161964 0.591273767567 7023
1.338677751178 -0.660146983213 7024
0.566370236114 -0.067451004649 7025
0.077821690622 0.043830373192 7026
0.635274455204 -0.054494152462 7027
0.083687715447 0.045164747499 7028
75.547414951465 2.217564510687 7029
0.725000184740 -0.039013023011 7030
0.075088455299 -0.043721366056 7031
0.444120650448 -0.062601714462 7032
0.763044342468 0.037018688183 7033
0.137141322886 -0.053377950570 7034
0.688111218251 0.043938388285 7035
0.131155143517 -0.052567955159 7036
0.004053215535 -0.014080463689 7037
0.755832132209 -0.035053038523 7038
0.488497234415 0.057506344831 7039
0.110336164303 -0.049828576519 7040
0.066081959882 0.041317652329 7041
0.603086567203 -0.078770518676 7042
0.733788707765 -0.050307827294 7043
-28.928340245517 11.391447577383 7044
0.116274091892 -0.050636986865 7045
0.205337422447 0.064530718401 7046
0.335207685610 0.066202520903 7047
0.831844087980 0.026425215036 7048
0.667897226403 0.404645439848 7049
0.245781421668 0.064042696078 7050
-29.473051412020 -61.381747730144 7051
0.497174679091 -0.069283526645 7052
0.619169772355 0.061164957129 7053
0.851733315292 0.033686496761 7054
0.602043312168 -0.106999647838 7055
0.841631643826 0.036706372118 7056
0.485135917201 0.323544808630 7057
0.820904822817 0.028318915391 7058
0.634791461314 0.066013270059 7059
0.793175048130 0.059511403568 7060
0.860908923351 0.030211082604 7061
2.453420784850 7.080467664394 7062
0.253970132901 0.088331435192 7063
0.991802141939 -0.005934782849 7064
0.209002756828 0.064721954703 7065
0.785732675615 -0.051190500253 7066
0.054596899199 0.038626378639 7067
0.064593802792 -0.040941915988 7068
0.061759546512 -0.040382697387 7069
0.504580782869 0.073011650268 7070
0.067356098196 -0.041764736782 7071
0.597300610497 -0.048854985258 7072
0.889546368062 0.074359533591 7073
0.580702170406 -0.065680852507 7074
0.865651919817 0.035194774496 7075
0.094022803327 -0.047150948380 7076
1.262393109900 -15.075657187469 7077
0.193348672688 -0.068781665597 7078
0.557709561787 0.053949308045 7079
0.489145893618 -0.125639379278 7080
0.652966570914 -0.056739521529 7081
0.370231895312 0.072222803301 7082
0.275731756949 0.065559028927 7083
-77.712540795208 -40.322431813910 7084
0.661141921157 0.053354230491 7085
1.253108639496 0.187479808110 7086
0.988578513812 0.030599978971 7087
0.026833043904 -0.068936453739 7088
0.925248014442 0.016651884353 7089
0.269881782195 0.089738145669 7090
0.642493287174 -0.069468437727 7091
0.457204644086 0.064623926444 7092
0.612739692900 0.059134216682 7093
0.098492004926 -0.047769171049 7094
-3.251111165571 2.289040929377 7095
0.990468662204 -0.019170846037 7096
8.116825259502 -4.010579061816 7097
0.046147665251 -0.054789348761 7098
0.543780929848 -0.069013465883 7099
1.189156971983 0.598733423523 7100
0.682614600515 0.132406450120 7101
0.273298356522 0.070803961765 7102
0.763967161745 0.051249235922 7103
0.334439604444 0.072489578944 7104
-1.884788483635 1.235074863020 7105
0.752972858876 0.040786588513 7106
1.668410319635 -0.924900048208 7107
0.578543044317 0.085397791673 7108
0.767326208048 -0.050602082492 7109
0.679380779375 0.111849064322 7110
0.281803698506 0.071619052545 7111
0.285663914050 0.073719842304 7112
0.002778130040 0.013041431717 7113
0.845275191496 -0.038395213664 7114
0.793753969020 0.038547776975 7115
0.164722682882 0.064136310506 7116
0.349593318125 -0.064385690962 7117
0.089492721394 0.049774828045 7118
0.778530664346 0.042364854091 7119
0.383237022288 0.270171695439 7120
0.086655261263 -0.045802640962 7121
0.595390347803 -0.067089593505 7122
0.517527101951 -0.058249804843 7123
3.534493955175 -2.809991294793 7124
0.881456332900 0.020952746293 7125
0.145797325462 -0.058501476269 7126
0.698831899901 0.039553235052 7127
0.416970341044 0.071725154324 7128
0.609345113805 -0.070679638272 7129
-7.028803448439 -3.770829923880 7130
0.889665576113 0.024698570953 7131
0.058766694419 0.039419508416 7132
0.600969447488 -0.050496158242 7133
0.487744194918 -0.071828023099 7134
1.000633546971 0.099327980374 7135
1.743417885584 0.029643340442 7136
0.755661180440 -0.040247460557 7137
0.162850763386 -0.059706419580 7138
0.895634984423 -0.017368384843 7139
0.690478542665 0.048426770280 7140
0.044255722072 -0.035248503300 7141
0.079265801160 -0.044270141381 7142
33.177281678925 1.959999521022 7143
0.887171201513 -0.019804028507 7144
0.565778143056 0.084283240976 7145
0.342067634984 0.074230550153 7146
0.480450387931 0.057249688190 7147
0.215740509856 -0.073752219185 7148
0.695384043604 -0.049537075496 7149
0.580778106803 -0.099766986486 7150
0.227931283450 -0.066058878098 7151
0.006465398143 -0.015931241581 7152
0.424108047397 0.064025355605 7153
0.858297569963 0.022850660564 7154
0.027158632144 0.028711226525 7155
0.071933248205 -0.042706409858 7156
0.744563592650 -0.038333603612 7157
1.829924834080 0.885113206012 7158
0.924858358430 0.030890638581 7159
0.910710079148 -0.028013072607 7160
0.057267479305 -0.039112942564 7161
0.608576714561 0.049367418718 7162
0.019077747558 -0.135774223779 7163
0.763033083376 -0.032959762577 7164
0.355063759099 -0.065952106411 7165
0.634240400619 -0.080640909488 7166
0.608588729092 -0.051175671564 7167
15.352915468634 62.873157857487 7168
0.945668554819 -0.053323431380 7169
0.737084991483 0.045689263703 7170
0.806081274789 0.101981981049 7171
0.469214605254 -3.972641142725 7172
0.576230049641 0.050572339140 7173
0.009250958033 -0.018057856242 7174
0.850904357239 0.048682781819 7175
-4.706527449621 -2.914146179916 7176
0.307881696906 -0.064453041055 7177
0.158568077658 -0.059319516374 7178
0.016868386281 0.039942191526 7179
0.755540530481 -0.174620468541 7180
0.569774130441 0.057475390741 7181
0.697018352405 0.072831769613 7182
0.942931450332 0.014108688450 7183
0.044306564198 0.035179080943 7184
0.523588101235 0.102551581899 7185
0.047014186297 0.036167403095 7186
36.397011724684 -7.965544172504 7187
-27.012782759994 15.855056881625 7188
0.592404903740 -0.057588045825 7189
0.376234185426 0.796562670113 7190
0.145180121942 0.059859841120 7191
0.614531419396 -0.056211217709 7192
0.774792674840 0.029657201091 7193
0.985929306531 0.013950093259 7194
0.360034225215 -0.068296231648 7195
0.896666680760 -0.353869008551 7196
0.768714003164 0.030316917632 7197
0.949409974423 0.765352573145 7198
0.900575024203 -0.025496533764 7199
0.069248789523 0.055961036463 7200
0.031471628034 -0.030623919703 7201
0.034345496509 -0.031593375754 7202
0.047161852593 -0.035933220693 7203
0.505974353921 -0.055574648258 7204
0.025969946584 -0.028135810229 7205
0.817197597826 0.028200775668 7206
0.327487278604 -0.070341509306 7207
0.037174532500 -0.032934072930 7208
0.028755477106 -0.029357072743 7209
0.856703605968 0.020350849651 7210
0.885029456951 0.020012892349 7211
0.748894117316 0.078869592579 7212
0.604309085466 8.067578489844 7213
0.906041406765 -0.223133874504 7214
0.756934788652 0.031788177030 7215
0.128209057978 0.064380997802 7216
0.889555635611 0.016368530006 7217
0.813669384239 0.034014052661 7218
43.745556720489 78.773586042718 7219
0.856377146910 0.030951883285 7220
0.260141841746 0.124401205816 7221
2.435132855712 -0.396007228036 7222
0.172355791241 0.076019053862 7223
0.171810554193 0.082707857543 7224
0.051525421278 0.037432508943 7225
0.177785316885 0.060718267140 7226
0.966801356038 -0.110145621428 7227
0.038589237567 0.033214093331 7228
-12.141123072769 34.933207782008 7229
0.162840550232 0.059198081543 7230
0.692915947979 0.041360089467 7231
0.041430658805 0.034260229522 7232
0.874232468694 -0.021772574813 7233
-74.940071397186 26.682502942462 7234
0.873465574431 -0.062923716798 7235
1.545456233628 0.123042341078 7236
0.584538988095 -0.053630298959 7237
0.206706589029 -6.481823071780 7238
0.098853215307 -0.053910371091 7239
0.095653970734 -0.054965544830 7240
0.136188497662 0.058766414680 7241
0.149139279111 0.060505734096 7242
0.299972315937 -0.080855469331 7243
0.008814405601 0.018171214915 7244
4.077158489963 -0.576415374067 7245
0.139775588777 0.059188616603 7246
0.624545816739 0.047783214414 7247
0.400349230650 -0.063958152545 7248
1.004126064459 0.035355047177 7249
0.672679807810 -0.043899966466 7250
1.259707974119 1.842352347478 7251
23.517014951306 23.348336040029 7252
17.471906607881 10.067509397803 7253
0.123645307655 0.056391627373 7254
5.236893526849 1.173851584523 7255
0.328606432944 0.102202900517 7256
0.762375097406 0.056716146405 7257
0.774001790750 -0.033368636578 7258
0.898936934773 -0.088156620035 7259
0.690233639465 -0.052501712538 7260
0.968473095869 -0.007623937881 7261
0.920804163445 -0.029715316182 7262
0.035720261836 0.032284037611 7263
0.633282637956 -0.070229693594 7264
0.160645160327 -0.094025868648 7265
0.574820233058 -0.051893914204 7266
1.119374756214 -0.393993123687 7267
0.187477601523 0.062578047726 7268
0.588484871389 -0.062190867847 7269
0.954985186056 -0.018717413852 7270
0.845862442671 -0.026553797908 7271
0.091616227752 -0.050931633266 7272
0.093681720983 -0.052292167483 7273
0.105538151982 -0.069376958049 7274
0.983491513609 -0.005610735320 7275
0.439931801367 0.059482612828 7276
0.445416356865 0.061135758936 7277
0.928126673396 0.011230179578 7278
0.732813621239 -0.039334523859 7279
0.874116270433 0.085522474334 7280
0.419453156834 0.061771893880 7281
1.080335665774 -0.163258913387 7282
0.720701935659 -0.084574044890 7283
0.713938569690 0.038115313304 7284
0.125098693884 0.072518658232 7285
0.560041374715 0.237018460254 7286
0.487040538017 -0.104711702470 7287
5.989044938436 -18.581526511294 7288
-6.875140220125 -44.958934340885 7289
0.430492391733 0.095216924814 7290
0.041483386794 -0.034176643239 7291
0.366509223594 -0.062196037096 7292
2.234219033191 5.381649234806 7293
0.618060513792 0.045067138417 7294
2.543841600474 -2.123462147806 7295
1.343524288205 -2.024319585559 7296
0.558735040717 0.064353792898 7297
0.612024679808 0.045690615155 7298
0.531121286259 -0.120489934324 7299
0.105529614916 -0.090757471446 7300
0.718567492681 -0.042641031418 7301
0.021933862211 -0.025999952577 7302
0.609013723253 0.045917923519 7303
0.990919713850 0.004544526258 7304
0.756029297699 0.035160054057 7305
0.551857453749 -0.705801556133 7306
0.851001595105 -0.046520010271 7307
-46.497155436035 8.044192181987 7308
0.013980453646 -0.021636052464 7309
0.471628101352 -0.165910260941 7310
0.126735578872 -0.051863036597 7311
0.496458505783 0.058298241923 7312
0.987574812139 0.468295255384 7313
0.945966889960 0.008806145464 7314
0.948923100310 0.008426491866 7315
0.818507862303 0.055260840664 7316
0.946807362626 -0.026750539949 7317
0.671040183250 -0.053696876933 7318
0.306582417924 0.070073965614 7319
0.108315516875 -0.052512712220 7320
0.626148442228 0.044882512946 7321
0.624914100211 0.256493271384 7322
0.712857577407 0.048312289575 7323
0.363423093935 0.096647296777 7324
0.348666293384 -0.076676367219 7325
0.708056783193 0.073215811339 7326
0.732974245463 0.034176005715 7327
1.058493178154 0.043173608886 7328
1.267625472782 -0.362848207156 7329
0.010982484983 -0.019998279408 7330
0.152120082963 0.111650902754 7331
0.954920304510 0.007501504354 7332
0.972603126463 -0.016681550143 7333
25.842886357537 33.159138519495 7334
0.634548756608 0.104034882311 7335
0.513927291848 0.072849851288 7336
0.016556432598 -0.023182079213 7337
0.486378566126 -0.054998439553 7338
0.858851743119 0.026469197261 7339
0.939827807049 0.017307693443 7340
1.069805852395 4.862255590604 7341
0.512105313571 -0.056394476853 7342
0.449672575001 -0.069384281139 7343
0.032961976725 0.031060034486 7344
0.734809032794 0.036026494731 7345
0.758111446473 0.043018685194 7346
-0.074769763189 0.058950621594 7347
0.957870447331 0.057274265927 7348
0.184359047108 -0.071231528156 7349
0.975125617541 0.008320624349 7350
0.920340727333 -0.017226038887 7351
0.931970807718 0.011051721723 7352
0.499123457289 -0.063673062193 7353
0.170925984462 -0.065035128491 7354
0.319209433468 0.114086789392 7355
-0.026526344894 -0.017656518084 7356
11.156425342470 -44.381952220766 7357
0.414465216277 -0.058672888687 7358
1.210080965492 -0.152531831675 7359
-49.310337147049 56.688436816863 7360
0.334760667290 0.185678315666 7361
0.420462633955 -0.058454581185 7362
0.600070971677 0.074401558463 7363
0.396464298447 -0.059365079683 7364
0.643417232109 0.042984510774 7365
11.452070526893 -19.635212046677 7366
0.849259691860 -0.021264037717 7367
0.073850156598 0.071756176723 7368
0.921526848252 0.015601463181 7369
1.017069847299 -0.392996907298 7370
0.257538558733 -1.561412058957 7371
11.446660656702 73.381204267453 7372
0.030053423114 0.030155057257 7373
0.283656940383 -0.087660099122 7374
0.330872073869 0.122245617460 7375
-52.265409977653 73.877389090173 7376
0.925820080216 -0.038402523510 7377
0.841581285667 -0.264273226614 7378
1.027162315788 0.020737563371 7379
1.095576312428 0.087319761773 7380
0.047525441196 -0.378118187207 7381
0.834791380262 0.024999467496 7382
0.659291957935 0.237617655897 7383
0.541790448109 0.051174644635 7384
0.538771053522 0.051460053059 7385
0.906284489992 -0.017371248658 7386
0.711199680943 -0.048348059062 7387
0.923668151010 -0.011880866149 7388
0.830072547997 1.214279929139 7389
0.874588723034 0.020740004645 7390
0.397978299139 0.059389669646 7391
0.966888682818 -0.020773167877 7392
0.242931422778 0.064968476306 7393
0.357163271427 -8.806842317130 7394
0.532711552025 0.051786628027 7395
0.843103330442 0.724350049019 7396
2.083645449100 4.125491080575 7397
0.789253562542 -0.367610782097 7398
0.720036377833 -0.401434381650 7399
0.340498747239 -0.064554707057 7400
0.148078289000 0.218633806733 7401
0.825745310046 0.042043202257 7402
0.488997276542 -0.059305297075 7403
0.167179292351 0.105857602597 7404
30.360973246001 5.296347700113 7405
0.418599432239 -0.093531591772 7406
0.850773645858 0.020988294637 7407
0.794548078957 0.045890946851 7408
0.847751720524 0.021314390132 7409
0.562184933781 -0.059368666751 7410
-5.169551854743 2.261083533942 7411
0.520745280824 0.080338625448 7412
0.999232321458 0.009549129989 7413
-45.135628957487 20.588956623744 7414
0.601573849986 0.046600627073 7415
0.485339103958 -0.062247953666 7416
0.080005746982 0.144057870971 7417
0.805027977144 0.038347799379 7418
0.309802519028 2.315290072812 7419
0.565790104221 0.055192625019 7420
0.568907676019 -0.051126320838 7421
0.854814212934 -0.037616249782 7422
0.899977312183 0.040396168004 7423
0.962317697175 0.006637907687 7424
0.782059250458 -0.061017854536 7425
0.392905501717 -0.111803672353 7426
0.716578442590 -0.035962005884 7427
0.429490003461 -0.143375883104 7428
0.965278085781 0.006125664836 7429
0.910739379126 0.016569910198 7430
0.359695232962 0.089718373863 7431
0.595520327524 0.047233667980 7432
0.971211657427 0.005304565505 7433
0.637956469008 0.053436385072 7434
0.974221842708 0.004854257577 7435
0.134297937763 0.086025164219 7436
0.011208542266 0.019875157895 7437
0.006595530691 0.016218408441 7438
0.531337923015 -0.052254259686 7439
0.559061374544 0.076138812921 7440
0.891517011177 -0.035554167854 7441
0.860439454343 -0.067345945525 7442
0.410647199963 -0.059145890355 7443
0.517223405194 0.064251999379 7444
0.434301489604 0.137564862405 7445
0.026031517840 0.027981968974 7446
1.090193772273 0.043447086778 7447
2.233776724606 -2.618072580730 7448
0.552328312074 0.100756750812 7449
0.943179112044 0.020733370037 7450
0.972860166089 -0.039701697555 7451
1.001275279687 -0.052617514204 7452
0.462001886956 -0.060009069643 7453
0.303966835632 0.088999014809 7454
0.737245882370 0.089965589190 7455
0.014075995478 0.021749953741 7456
0.951587044204 -0.040948045009 7457
0.938609056141 -0.014699890065 7458
7.482509089082 -10.857136146752 7459
0.392655317255 -0.059829858075 7460
0.473211521555 0.062664003230 7461
0.905514216757 0.025377575766 7462
0.834523709660 0.035474282040 7463
0.764273293399 -0.097021083525 7464
-4.797411792696 -5.187054459898 7465
0.643201160213 0.054932169506 7466
0.549887565467 -0.065614247285 7467
0.988534582777 -0.099994180060 7468
0.357419223085 0.062505010426 7469
0.838885164778 0.025605956028 7470
0.516106552942 -0.062610254168 7471
0.867031494952 0.019103610499 7472
0.520838438161 -1.232907647818 7473
0.640418917454 -0.043475425820 7474
0.297321869528 -0.064502206477 7475
0.719559901297 -0.060020986169 7476
0.195270542815 0.079764354227 7477
0.114652055086 -0.054472197627 7478
0.584028842123 0.103765220047 7479
0.740125300518 0.041119360872 7480
0.504392277405 0.175262067774 7481
1.025458864403 0.672977909473 7482
0.461638189894 -0.071771115291 7483
0.079999496440 -0.051253537981 7484
0.289649243396 -0.082665085640 7485
0.833849494099 0.046384893167 7486
0.776183412116 0.029602647707 7487
0.783804869177 0.031481739223 7488
0.776284958734 0.418389634721 7489
0.567692174079 -0.052738680265 7490
0.184491495135 0.078791943666 7491
0.633810186070 0.043861588706 7492
0.712127228088 0.036281410168 7493
0.386841747700 -0.063453807479 7494
0.709111226692 0.036603548129 7495
0.938060894398 0.013597833853 7496
0.764463989436 0.161975284209 7497
0.740909602262 0.080927196075 7498
0.468394681328 0.056002091296 7499
0.489786222860 -0.067405835028 7500
-2.151882921121 -2.485329526563 7501
0.334772072771 -0.829524847194 7502
0.924364176436 -0.077590564153 7503
0.558204427312 -0.050007751952 7504
0.145162589624 0.099473521859 7505
0.564193188672 -0.049515189955 7506
0.567189788958 -0.049317347960 7507
0.955179194517 -0.009477873688 7508
-0.302901470908 -1.030156876184 7509
0.894924375461 -0.027042701789 7510
0.603369935112 -0.049429362823 7511
-13.192494100864 -17.241028299568 7512
0.179364147645 0.115438125924 7513
0.504344133110 0.053866871575 7514
0.701120095517 -0.049964672049 7515
0.823989886569 0.026056686176 7516
2.022975262393 3.458733482798 7517
0.711325085226 -0.203798758220 7518
0.229247158452 0.096689166024 7519
0.727448952582 -0.037955794058 7520
0.020599563162 0.025276587465 7521
0.331273764062 -0.075104548423 7522
0.987830869885 -0.025736074075 7523
0.843256650736 -0.021985499136 7524
0.917679316486 -0.012675705473 7525
0.442569820032 -0.073727023188 7526
0.134322713605 0.126446096768 7527
0.874952915984 -0.019994159539 7528
0.374103044802 -0.069612266811 7529
0.360701365974 -0.063659120694 7530
0.495349045306 -0.054327944346 7531
0.492326882870 -0.054552734393 7532
0.731574081497 0.034395263588 7533
0.066694539940 -0.046705469467 7534
0.060218450126 -0.045272796346 7535
0.898567373542 0.026649323928 7536
0.211477132929 0.095957990432 7537
0.659435894584 0.073301325055 7538
0.475374283269 0.102534098969 7539
0.850807331485 0.027111330557 7540
13.813990964095 40.507079901154 7541
-0.748078711329 0.807582968506 7542
0.694876909229 0.289949370663 7543
0.592491854886 0.059484733681 7544
0.411649924573 0.127247667968 7545
0.534400900040 0.066516422621 7546
3.900873943158 4.881960232958 7547
0.929453345184 -0.028137971324 7548
0.516095615742 0.086785521295 7549
0.001070940831 0.010275665626 7550
0.593537849671 0.085715124703 7551
0.333240366494 0.076612891308 7552
0.894722821383 0.042967240586 7553
0.842431602623 -0.031988692837 7554
0.716586503435 0.037965284490 7555
0.597024464908 0.055167697531 7556
0.703029735368 0.109310172014 7557
0.286808815520 -0.064472328117 7558
0.479402602229 -0.064651056347 7559
0.671784274334 -0.042293305576 7560
0.619457311413 0.045051421498 7561
0.644880839896 0.049498751964 7562
0.058863967632 0.081725188502 7563
0.376989135530 -0.059834303340 7564
0.975331819818 -0.018619873870 7565
0.005539290128 -0.014849121211 7566
0.607547534608 0.047961492798 7567
0.778659620288 -0.044205389627 7568
0.400471557110 0.063826533741 7569
0.213858575701 0.062661981073 7570
0.962778508616 -0.014689333350 7571
0.671292642986 -0.045697494639 7572
-0.033441517346 -0.069138821784 7573
0.475993393290 -0.055630220709 7574
0.485040452937 -0.057865477075 7575
0.893999471826 0.015968405996 7576
0.987527345878 -0.006649236222 7577
34.800523591165 -29.113035356487 7578
0.474443981974 0.055720403908 7579
0.418386716457 -0.062987547100 7580
0.498426873529 0.063736264146 7581
0.904628668899 -0.076905069346 7582
0.813323604374 0.025331055885 7583
0.928371131607 -0.052422518004 7584
-0.161035747818 -0.713207046708 7585
0.888095705816 0.016399716625 7586
0.644984627902 0.045771202428 7587
0.676813399594 0.059423119993 7588
0.940668305825 -0.735465994120 7589
0.615870295411 0.094796981629 7590
0.801576793107 0.026754791686 7591
0.956299614292 0.007400166495 7592
0.017900522363 0.023886665190 7593
0.752201017929 0.032111311435 7594
-0.037070744839 0.134938005391 7595
0.542654444306 0.054474416622 7596
0.263833393423 0.065234930664 7597
0.789034631817 0.041863451539 7598
-9.236332509795 10.452128764494 7599
0.546220989015 0.063991590214 7600
30.428072335469 69.747603889370 7601
0.570532120992 0.052213217228 7602
7.426987259775 17.779909884428 7603
0.556810495271 -0.050158544879 7604
0.486665501390 0.121790383106 7605
0.182761459747 0.062017812268 7606
0.911661904692 0.083381922324 7607
0.740359589886 0.033534798703 7608
0.695991989103 0.080541798612 7609
21.668543894873 7.226760019548 7610
0.358752296192 -0.198080270718 7611
0.468894174965 -0.071408205639 7612
0.796017961357 0.029385404425 7613
0.986027405539 -0.014451934333 7614
-0.784366781403 0.517580573779 7615
0.109967377072 0.187440283998 7616
0.172430051155 -0.059449580200 7617
0.674687865854 0.040113492960 7618
0.976074557623 0.006607562928 7619
1.044249164279 0.073211186513 7620
0.058492482280 0.043764960484 7621
0.214547599994 0.077409347177 7622
65.067727358059 5.420660439318 7623
0.350933229251 0.068785463502 7624
0.509802338781 1.248156366377 7625
-2.295113077857 16.595241254620 7626
0.513776649277 0.123035917487 7627
0.759477708899 0.035062832210 7628
0.669166630897 -0.042614215339 7629
0.884471462918 0.024318214936 7630
0.523880289519 -0.052815553069 7631
0.935366600706 -0.017891326135 7632
-25.965606103961 -9.469887222172 7633
0.378457727457 -0.060196950324 7634
0.826830947132 0.023869671899 7635
0.841796298421 0.022054012152 7636
-7.798100673804 -11.137579762585 7637
0.198548852354 -0.058396519794 7638
0.838817254826 0.022395651225 7639
-51.407418228294 -73.763594286714 7640
1.009047474859 0.069533063279 7641
0.419246842712 0.092097882105 7642
0.913932227847 0.256541736710 7643
0.704518845244 -0.056008486305 7644
0.941504982899 -0.009405304069 7645
0.994817403195 0.005812835785 7646
0.944459972889 -0.008973268295 7647
0.531329003081 0.051990306445 7648
50.866791389866 29.853821430679 7649
0.887935921460 -0.016566953341 7650
0.170543718605 0.060798237832 7651
0.384536214443 -0.059770281889 7652
0.026964476761 0.070096823462 7653
-0.228961185869 -0.335387966449 7654
0.919481377446 0.044686815579 7655
0.548601580617 0.059319165224 7656
0.637425373308 0.043341775888 7657
0.668496043785 -0.317779749333 7658
0.877586458796 -0.019624136654 7659
0.621104891490 -0.044992808367 7660
0.458978357919 0.074989265159 7661
0.973706940847 0.017318890988 7662
0.990195751640 0.019776966267 7663
0.995041610275 0.021394588939 7664
0.624127652283 -0.071242129562 7665
0.719635604755 -0.754101250965 7666
0.377926137769 -0.451773656815 7667
0.429019782404 0.077026445887 7668
0.341213485082 -0.062853868121 7669
0.215308106298 0.089117450107 7670
0.726291571569 0.043141053206 7671
0.422106323024 -0.061151474786 7672
0.630323481551 -0.047138038404 7673
17.216211637555 -33.425136267242 7674
0.786965333439 -0.031482700603 7675
0.855333607668 -0.136001135972 7676
0.767383734841 0.030566709563 7677
0.448835857348 -0.057061783224 7678
-17.597183650817 -11.124340979940 7679
0.525296996670 -0.052390342154 7680
0.993394035961 0.013339822032 7681
0.284630052295 0.079326416231 7682
0.285148716856 0.086409064726 7683
0.647808061475 -0.042825902673 7684
0.405072216733 -0.062684871115 7685
0.696048011709 -0.070413449811 7686
0.434267954816 -0.083495341895 7687
0.812097395588 0.025451852289 7688
0.210427743285 -0.062475380218 7689
0.463904354515 -0.097060611311 7690
0.802892083621 0.026491937438 7691
0.552746007735 -0.099531168554 7692
0.522517558105 0.065101406828 7693
0.805799801289 -0.113324541492 7694
0.672109966721 -0.062512179622 7695
0.664321661838 0.040988465158 7696
-82.423520768995 33.997820342469 7697
0.192466483324 -0.058060813259 7698
0.823548006854 0.029396930938 7699
9.001546055882 -7.694108753923 7700
0.484742230354 -0.393099246116 7701
0.411945287551 -0.074251473176 7702
0.412981127646 0.058618433723 7703
0.525325236141 0.052495432600 7704
0.743767525913 0.045453402178 7705
0.737551257045 0.035890275386 7706
0.818743188517 0.032235939601 7707
0.843333390545 0.077412423115 7708
0.695820137152 -0.038127936762 7709
0.423295798587 0.074630370756 7710
0.849255639020 -0.212533656920 7711
0.571692122774 -0.051106793214 7712
0.406962087320 0.058904693924 7713
0.844130967932 0.047243497051 7714
0.403982607687 0.059004161213 7715
0.895400843487 0.015330186019 7716
0.479709573300 -0.076990327826 7717
9.040656561482 7.723864534499 7718
0.588643302807 -0.055126085498 7719
0.591088578903 -0.055236867723 7720
0.472967372970 -0.072226039843 7721
0.696121162597 0.040079670574 7722
0.430949917020 -0.057905642419 7723
0.343856704809 -0.062880850536 7724
0.503281887327 0.060907648199 7725
0.789904758098 0.029975658267 7726
0.438658152584 -0.497674226775 7727
0.631561250816 -0.044021184637 7728
-3.764216748955 52.628311429061 7729
1.058766409075 -0.094813594698 7730
0.384518710183 0.059694440623 7731
-3.753111908736 67.432085208016 7732
0.381486297018 0.059815211043 7733
0.682800257564 -0.060023030829 7734
0.755390012482 0.031828421856 7735
0.286883776562 0.061107294863 7736
0.065363836035 0.045895560845 7737
0.579201763360 -0.048419209203 7738
0.375476454334 0.059999549377 7739
0.726892000702 0.063646960732 7740
0.372475158998 0.060120310372 7741
0.719673834698 -0.044843085232 7742
0.594148623194 -0.047191684732 7743
0.591007365869 0.047442443176 7744
1.316057484360 0.087350189400 7745
0.160312958916 0.059571878175 7746
0.176324850745 -0.094060069904 7747
0.195620472935 -0.172613899503 7748
0.842643117980 -0.463133715517 7749
0.739063763244 -0.033621324909 7750
0.798704218166 0.029197119380 7751
0.649385211581 0.042361877004 7752
0.579144394169 0.048379784729 7753
0.816476661484 0.025031144726 7754
0.573539764299 0.050886317628 7755
0.750974922746 0.032221257048 7756
0.039456056262 0.040186440248 7757
0.908733006508 0.017393187646 7758
0.741728104829 0.033180380977 7759
0.504035764906 -0.068406386538 7760
0.384528469664 0.128280613973 7761
0.479089471303 0.067222622482 7762
0.124749348854 -0.057571632834 7763
0.120034500486 0.061336396276 7764
0.543519762177 0.053037871442 7765
0.363696019492 -0.062405875457 7766
0.420859406262 -0.075009437617 7767
0.618869690890 0.078657685880 7768
0.884975776137 0.016761863820 7769
0.840556601289 0.024288134226 7770
0.665894612043 0.040937983276 7771
0.861513392499 0.021619492260 7772
0.596942825111 0.046913285371 7773
0.152099386090 0.066969583516 7774
0.588117152057 -0.047725858380 7775
0.172899509595 -0.077272841235 7776
0.870553778936 0.964304248890 7777
2.091804809111 -1.140136389779 7778
0.917016949609 -0.022742862099 7779
0.864251216432 0.021489779832 7780
2.346726756354 -3.217951499899 7781
0.881180792543 -0.070289330230 7782
0.703134521694 0.037177469347 7783
12.145963684157 -61.444657285029 7784
0.700147986786 0.037506532058 7785
0.583823210281 0.056004465880 7786
0.542949185038 -0.054711520430 7787
0.097224011573 0.055771502345 7788
0.829649425592 0.033321834067 7789
0.252440499451 -0.078787502890 7790
0.700156048658 0.040717085563 7791
0.347036903103 0.075808419136 7792
0.192736248473 0.063078501445 7793
0.192124625819 0.390743885540 7794
-17.958161558485 54.184282087028 7795
-22.377797645724 2.067555425504 7796
0.706176456490 -0.037105182745 7797
0.383252395661 -0.062877166454 7798
0.694178298852 -0.038352721704 7799
0.501340255583 -0.053926699176 7800
0.504341029162 -0.053767046225 7801
0.784108854652 -0.039028724712 7802
0.184990591184 -0.057714554149 7803
0.468851450775 -0.058623934613 7804
0.198307889520 -0.074809328987 7805
0.646389746125 -0.042631451293 7806
64.229180351922 32.419353833448 7807
0.576895991945 -0.052497585980 7808
0.681067980991 -0.069115144323 7809
0.631757847461 -0.050653550674 7810
0.023212280410 -0.034452873558 7811
0.718269644042 -0.038594912476 7812
0.537308874060 -0.053583268558 7813
-0.036779219627 -0.804524968330 7814
0.342056832950 -0.066168687179 7815
0.191985165268 -0.064604798787 7816
0.318413754078 0.063093286964 7817
0.813994834517 -0.037575977077 7818
0.432521093222 -0.057993553467 7819
0.967466869561 0.021612782817 7820
0.316944740439 -0.061245599041 7821
0.423452053777 0.058224674529 7822
0.355939490664 -0.060575998729 7823
0.522296160530 -0.052537046689 7824
-28.065344340210 -0.909528383614 7825
0.414419209934 0.058738972955 7826
0.676944901974 0.075700200138 7827
0.823982573434 -0.024341474852 7828
0.931805712287 0.013717217388 7829
0.420460716436 0.058411601622 7830
0.490446449443 0.215001069468 7831
0.462929694316 -0.112528307812 7832
0.563692412912 -0.144593673331 7833
0.855914814439 0.023254995449 7834
0.637483314594 -0.045479554255 7835
0.638688147614 -0.046794821327 7836
0.899642466638 -0.067317750289 7837
0.229603587078 0.064963673392 7838
0.748992599933 -0.045895542455 7839
0.526737943275 0.052179637371 7840
0.756802466411 0.038773212469 7841
0.447717336937 -0.109259680169 7842
0.719740703502 0.049133586491 7843
0.508734169598 -0.055650411025 7844
0.600015912876 -0.048784878680 7845
0.715570237501 -0.038995364746 7846
0.704540276096 -0.037200464378 7847
0.785088148536 -0.028609240033 7848
0.225558508883 0.067991175005 7849
0.974702480270 0.073189667822 7850
0.347141870857 -0.063827342353 7851
-0.333042591873 -0.802091406714 7852
0.676052024222 0.039769507020 7853
0.367980599973 -0.060219242310 7854
0.370983876542 -0.060102736555 7855
0.943491667492 0.094474507209 7856
0.926194429753 0.099850147361 7857
0.484355596146 -0.065366328759 7858
0.514792150339 0.053283330931 7859
0.634725626901 -0.045703796297 7860
0.633746448634 -0.047138589801 7861
0.864213805714 -0.031496485456 7862
0.474723078852 0.073029436469 7863
0.775252641478 -0.057220131986 7864
0.003189289706 -0.012614817905 7865
0.001382530250 -0.010923719388 7866
0.458868630198 0.060015019595 7867
0.447420743765 -0.057017724171 7868
0.052623384324 0.218961483848 7869
0.833272065619 -0.026386643397 7870
0.956945291180 2.399507399622 7871
0.536945294700 -0.103759535756 7872
0.724122645323 0.035159825219 7873
0.230085251162 -0.062303682152 7874
0.585150872187 -0.049870934264 7875
0.129878021484 -0.068561213238 7876
0.847968375534 0.027170843295 7877
0.987609174130 0.003032492341 7878
0.872173082564 0.021102291591 7879
0.362818159159 -0.073090681852 7880
0.611481137204 0.052428468660 7881
0.466305685438 0.071790219529 7882
-72.692232070188 -51.914552950089 7883
0.892417325877 -0.015829358945 7884
18.283010183571 23.802906611723 7885
14.993019236647 28.152451940347 7886
0.981621006642 0.003927936348 7887
0.975658248662 0.020192558354 7888
0.913765392447 -0.057572218639 7889
0.868445662969 0.018739440203 7890
0.401109498154 -0.070564739837 7891
0.589571243463 -0.047472448755 7892
0.534521660510 -0.053802925537 7893
0.915888217532 0.023419543968 7894
0.834459494536 -0.022988161246 7895
2.436039870758 1.042116703288 7896
2.779915118571 0.885368889979 7897
0.977377993580 -0.012713660037 7898
0.540462338312 -0.054211295967 7899
0.859185198601 -0.023648776470 7900
0.573180661511 0.061851935992 7901
0.619700942337 -0.044900664172 7902
0.861128772487 -0.019757745418 7903
0.822348253079 -0.024464112403 7904
0.923769709270 0.015229240043 7905
0.965693399422 -0.012158064284 7906
0.475531556145 -0.069365758278 7907
0.683817763110 -0.049812258061 7908
0.730030973250 0.034427807432 7909
0.766149716349 0.033845565226 7910
0.508434947483 -0.131114724512 7911
0.604818979491 0.048319680197 7912
0.965319407890 -0.006181579694 7913
0.120974716861 -0.055085499007 7914
0.549612276366 -0.053291114965 7915
0.504860299360 -0.056945099827 7916
0.980183387121 -0.004085935121 7917
0.617971459033 0.915719540969 7918
0.318563113980 -0.061318600071 7919
0.950406878031 -0.008147135970 7920
0.953390873753 -0.007771996026 7921
1.075984147927 -0.754377091375 7922
0.628309891914 0.047846727792 7923
0.385228594355 0.063066728328 7924
0.463144824434 -0.660429798431 7925
0.351980049576 -0.070499312196 7926
0.431977457515 0.063234783959 7927
0.917242290464 0.063804485544 7928
11.082510465955 19.624313590133 7929
0.555275204368 -0.050135306850 7930
0.314494658092 0.064861134502 7931
0.604411159919 0.050072247412 7932
0.777593958153 0.029322239619 7933
0.328756412869 -0.113984453927 7934
0.202214184385 -0.083632640408 7935
0.860918026371 -0.027334611442 7936
0.891115837100 -0.020058142537 7937
0.386172182558 0.061646856236 7938
0.167088510365 -0.056234470892 7939
0.929469015696 0.011076738396 7940
0.357563662937 -0.109422225754 7941
0.843507893898 0.203509820521 7942
0.353577607447 0.064228856350 7943
0.306443094875 -0.061374415319 7944
0.636561751019 0.071060836673 7945
0.063004919189 0.121024809718 7946
0.516420791661 0.053105455731 7947
0.429802740118 -0.170449736881 7948
0.164041222301 -0.055978969881 7949
-11.172496041790 -6.366210662018 7950
16.737785821493 -3.215477326476 7951
0.507150683537 -0.190187544657 7952
0.974192447469 -0.004972788224 7953
0.484825215624 0.092978629919 7954
0.370956840704 0.062102148611 7955
-3.908293256740 -0.824714451326 7956
0.564211521638 0.180805495840 7957
0.698539178635 0.057012339158 7958
0.697721794681 0.061918950441 7959
0.671679261287 0.052281031703 7960
0.876005750042 0.017992178063 7961
0.961120302452 -0.009896784274 7962
0.760160806081 0.033381264274 7963
0.740442585022 -0.033345694589 7964
0.015248650818 0.022394836039 7965
0.221305123331 0.062357006155 7966
90.995366304108 -6.526837238408 7967
0.190326806373 0.060768197161 7968
0.762867964122 0.033070488957 7969
0.352880602848 -0.062476300939 7970
0.978720110249 0.009922831478 7971
0.350248896935 -0.062595094705 7972
0.873066887503 0.018233602656 7973
3.097897379062 3.241762820651 7974
0.641523247751 -0.055091190261 7975
0.877887462671 0.020953998543 7976
0.879176086286 0.022502847878 7977
0.158070225396 -0.055364136810 7978
0.785172196385 0.028519549028 7979
0.839525354947 0.039989723643 7980
0.321429945034 0.061154355508 7981
0.782196120372 0.028899466104 7982
0.628724720327 0.155304156749 7983
-8.555449218055 -5.351457732569 7984
0.231788239264 0.063820218259 7985
0.983057292060 0.003587706681 7986
-15.700697519766 -6.078712557903 7987
-1.292146034940 5.992779263528 7988
0.414883455579 0.074837481933 7989
0.068127009957 0.043533798518 7990
-9.249402686963 -9.279280140065 7991
0.413121026951 -0.058750165505 7992
0.222505440135 -0.059732300094 7993
0.667490046299 0.514422962922 7994
0.841267985272 -0.171300797966 7995
0.308081061438 -0.061300805292 7996
0.623985431492 0.044611200570 7997
0.285458486427 0.061197488678 7998
0.600152797833 0.046557672918 7999
0.900005720197 -0.032636143678 8000
0.360446319251 0.060476015802 8001
0.296567567993 0.164564638834 8002
0.529201865466 -0.062490534216 8003
0.395120910227 -0.059438439348 8004
0.635937990747 0.043549471757 8005
0.191022679574 -0.058134423391 8006
0.933692077123 -0.014092385893 8007
0.765830171696 -0.032799439659 8008
0.199976164845 -0.058594256810 8009
0.677367608036 -0.050445792319 8010
0.409129349724 -0.206824979647 8011
0.291473342271 -0.061194357217 8012
0.701849856887 0.039434173853 8013
0.344998623796 0.064437284559 8014
0.150599829175 -0.054628105091 8015
0.269693706845 0.077730489007 8016
-0.906263157160 0.036579297099 8017
-21.193845971056 -43.772401736901 8018
0.454583062058 -0.065303440673 8019
0.781335131011 0.031688887287 8020
-0.379695300238 0.146378402748 8021
0.474537792898 -0.055526550534 8022
0.814827327136 0.038513423113 8023
1.066772881044 -0.039412328473 8024
0.365418364699 0.077985721219 8025
0.469900036321 -0.055868288564 8026
0.521099957161 -0.072578185515 8027
0.137996669772 -0.074496089784 8028
0.280969801072 -0.061129090349 8029
0.259832375265 -0.095590025622 8030
0.073556780567 -0.053521939729 8031
0.096955769039 0.050486773258 8032
0.406704032909 0.073691025337 8033
-1.010540239495 1.027721959180 8034
57.725552351454 -21.668023303582 8035
0.770208149319 0.037900571679 8036
0.448338258890 0.064911946429 8037
0.010194491561 0.018872116560 8038
0.411257853752 -0.061736944961 8039
0.573568356348 -0.278106068272 8040
0.582412746013 -0.050101760991 8041
-24.383969673096 59.794484177276 8042
0.265987771582 0.064166329647 8043
0.448229919647 -0.081683886528 8044
0.922159135489 0.011910926197 8045
0.206535787027 -0.077629992275 8046
0.348325780409 0.062749477515 8047
-0.327797494984 0.041942521521 8048
0.200257604738 0.064456320928 8049
0.149695627824 0.076347847877 8050
0.975629066633 -0.004634258803 8051
0.870550894544 0.029119884004 8052
-1.410818700158 -3.632355502320 8053
0.957968105546 -0.009248878705 8054
0.833889311847 -0.034287713505 8055
0.311998815726 0.069790912276 8056
0.837669380566 -0.024575212547 8057
0.836914518177 -0.026333214674 8058
0.840483761822 -0.024312152777 8059
0.309655063284 -0.082084909648 8060
0.319634337533 0.072152315944 8061
0.759557246186 -0.046642500017 8062
0.841442717341 -0.025656587925 8063
0.760639517092 -0.495581395533 8064
0.874294816076 0.054200313338 8065
0.449438337432 -0.095291562411 8066
0.756671860181 0.049949755854 8067
0.033176388213 0.037551961915 8068
0.294433896417 0.061300599676 8069
0.850618528763 -0.021095101364 8070
0.167625570999 -0.059939983526 8071
0.347528305093 -0.093316927870 8072
0.466901396837 -0.055980240534 8073
0.274967846694 -0.061067297219 8074
0.938514677549 0.009737212888 8075
0.956761347637 0.013889984579 8076
0.460922461931 -0.056357457041 8077
0.233603175344 0.076765107786 8078
0.914817574214 0.012977779137 8079
0.957767452222 0.007094566353 8080
0.438445158152 -0.067862413465 8081
0.826012155565 -0.042516389663 8082
0.525260595818 -0.058714240351 8083
0.862716289171 -0.019644284080 8084
0.363048112477 0.155941398578 8085
0.653323813674 -0.149035493613 8086
0.383104545845 -0.059650191046 8087
0.541723952174 -0.051257589287 8088
-0.230441495214 -0.465991949674 8089
0.547795976341 -0.050864112740 8090
1.009578331512 -0.000715433563 8091
0.616529083643 -0.064637535015 8092
0.365205294042 0.063551870877 8093
0.393251417178 -0.062428436992 8094
0.168471538307 0.135025888331 8095
0.589589469158 0.047405116340 8096
24.080113863527 3.165898353978 8097
0.629961556232 -0.044077991111 8098
0.882000008077 -0.017141129506 8099
0.070455252185 -0.175656602783 8100
0.600641057973 0.049758166236 8101
0.383208341520 0.076536205565 8102
0.849525837774 0.023393748123 8103
0.801341997419 0.034212556555 8104
0.925025002375 -0.011696500369 8105
0.577694231846 0.048355569891 8106
0.537033383957 -0.093803929578 8107
0.403968030949 -0.058979307534 8108
0.765792736075 0.030673797846 8109
1.120593437447 0.063403791408 8110
0.103296837975 0.375791224343 8111
0.483307791126 0.055152799762 8112
0.367750588927 -0.063437921409 8113
-3.357246792724 -1.899730420533 8114
0.631877722249 0.047429568837 8115
-52.011082569355 40.271329691459 8116
0.748741458717 0.042693968930 8117
0.308274355899 -0.331684402222 8118
0.990879985168 -0.010437429942 8119
0.156036448184 -0.057138755493 8120
0.476657182670 -0.105741736933 8121
0.261463587592 0.060878863410 8122
0.619514176756 0.327901484437 8123
65.293728059316 42.210794895016 8124
1.013315575256 1.237360631161 8125
0.783441938412 -0.032140271257 8126
-9.567967985102 -2.006679401065 8127
0.320024856650 0.060998341459 8128
15.586599163668 -0.222181876383 8129
0.922693033003 0.074025760015 8130
0.782320116630 -0.030843922117 8131
0.808971850798 0.028367367123 8132
26.940940558843 53.024650841206 8133
-15.503714430529 24.062221817742 8134
34.130134635866 19.031261916455 8135
0.259990826757 0.060833956779 8136
0.030513609446 -0.051148776694 8137
0.898420070986 -0.017196634657 8138
0.223945380316 -0.059749031640 8139
0.806640236820 0.028593804893 8140
0.754695758594 -0.069143208567 8141
0.809559673995 0.265235812374 8142
0.781751315173 0.034855144366 8143
0.862741005437 0.024787758738 8144
0.906721716894 0.148215654168 8145
0.786747585077 -0.028461263164 8146
-8.242616215145 27.775915551653 8147
9.403087481556 12.476825442950 8148
0.904693361857 0.016533678083 8149
0.798459196137 -0.619634722351 8150
0.886555228511 -0.016487120901 8151
0.892438132743 0.015722796487 8152
0.607174183075 -0.055820940250 8153
0.623531996692 -0.059441168060 8154
0.620209058603 -0.057893356350 8155
0.777940086992 0.035707970212 8156
59.289605062650 -2.574078158494 8157
6.926872042942 -28.871277883964 8158
0.786952955091 0.031737321214 8159
0.788254237324 0.033314954577 8160
1.026298134143 -0.284526230567 8161
0.135183441240 -0.064341219280 8162
0.638684442989 0.046149151766 8163
0.574084715272 -0.062319818138 8164
0.740705421893 0.065556749754 8165
0.345715648026 0.062765023657 8166
0.580617885364 -0.048183529328 8167
0.534665611848 0.147113688518 8168
1.913893155709 11.728498849304 8169
0.907457205676 0.016082864155 8170
0.773404188511 0.031604794340 8171
0.477577882128 0.057507689830 8172
0.595532719602 -0.046914343598 8173
0.620877012344 0.044774056324 8174
0.770491101019 0.031922485651 8175
0.245038540081 0.060338436948 8176
0.978789415803 0.006258891330 8177
0.467034041487 0.056116846364 8178
0.780880990882 -0.034692470205 8179
0.513575522706 -0.076612081392 8180
0.356369557067 0.071909920724 8181
0.502974607646 -0.055943315873 8182
0.071510552696 -0.047136751249 8183
0.455399052289 -0.069997761971 8184
0.832861579688 -0.023092706843 8185
-12.299746854030 -0.156327358706 8186
0.848250145254 0.040417350038 8187
0.828389369374 0.023590945597 8188
0.815254460350 0.063135968526 8189
1.003007816076 0.017432062338 8190
0.084987098053 0.048271959120 8191
0.880909607702 -0.019941740425 8192
0.492472411270 0.066376013798 8193
6.166392692412 -2.689857839036 8194
0.759849425103 -0.031343785401 8195
0.988647259558 -0.072126399477 8196
0.463864366908 -0.089224905464 8197
0.253395446888 -0.071560741124 8198
0.529776420356 -0.051991302553 8199
0.641909142198 -0.042961450692 8200
0.158690547313 -0.066060208077 8201
0.494462346380 -0.077463945112 8202
0.642459326558 0.045999456620 8203
0.240460484380 0.060352773142 8204
0.918064874642 0.014323468276 8205
-3.674317052264 -36.551313795868 8206
0.996283562019 -0.005154309655 8207
0.527603181283 -0.081621991764 8208
0.526408243418 -0.055173190398 8209
0.751391956600 -0.037930008832 8210
0.546303633199 0.053086674714 8211
0.575766584901 -0.237505021146 8212
0.503325277126 0.056714350191 8213
0.561171967605 0.051828202710 8214
0.916172753459 0.012619276528 8215
0.599171546720 -0.057074172334 8216
0.761253048452 -0.031059226970 8217
0.940665087952 0.024048600749 8218
0.898433258800 0.015010862804 8219
0.481876480335 -0.057112723154 8220
0.496068881159 0.100334269753 8221
0.566413507444 -0.063036143990 8222
0.479207769720 -0.057426660324 8223
0.661384481268 0.043378799037 8224
0.678519519338 -0.042824382395 8225
0.558515629687 0.052153839381 8226
0.530114763749 -0.055031645458 8227
0.813805329382 -0.034129537663 8228
0.833497349293 -0.047674865094 8229
0.375000293057 -0.079486862166 8230
0.680768550375 -0.042604670116 8231
0.658723752891 0.043554167169 8232
0.821637096988 -0.050367578429 8233
0.747787630735 0.035139770178 8234
0.182450312226 -0.129723284712 8235
0.843496802755 0.023482530858 8236
88.325855979502 16.720710716419 8237
0.745519648322 0.035314530757 8238
0.807512681714 0.031826547186 8239
0.505892317199 0.060416766027 8240
0.117670346239 0.071369952500 8241
0.971274848187 -0.007298068446 8242
0.472373303560 0.060293046430 8243
0.914926870909 -0.015053787126 8244
0.915833541805 -0.016318534392 8245
0.246468825025 0.060623050773 8246
0.379977157285 -0.059810028064 8247
0.184544508140 -0.063959455374 8248
0.146939728892 0.154117747676 8249
0.920661052942 -0.043636179437 8250
0.884372671276 -0.030451385306 8251
0.615293002568 0.193372141376 8252
0.598095821444 0.058204727933 8253
0.635123925929 0.046820599007 8254
0.668006088712 -0.119487976069 8255
0.126717136057 0.052005909953 8256
0.057088282573 -0.070835624026 8257
0.986203003239 -0.005242593033 8258
0.779636900092 -0.031298200278 8259
0.696834920087 -0.056943389471 8260
0.233876996358 0.063705855401 8261
-40.462387029097 2.207427747388 8262
0.564539899481 0.057821513641 8263
0.852707280850 -0.023684862461 8264
0.845372105349 0.034410329518 8265
0.872100199155 -0.021529500519 8266
0.647314591465 0.077606979452 8267
0.296052619066 0.061395260965 8268
0.506002854617 0.056631144579 8269
0.450274065320 -0.056803806866 8270
-0.744311755789 -13.657422342694 8271
0.533709325995 -0.061804519739 8272
0.180454688025 0.057370835393 8273
1.000124060423 0.006827647664 8274
0.653970317544 0.080187674992 8275
0.655047633688 0.089423019055 8276
7.373380268212 44.218888764790 8277
0.637339023676 0.049467302451 8278
2.205591199884 36.316455116944 8279
0.949313297181 -0.018289311350 8280
0.764664152733 -0.041534155918 8281
1.255447676601 0.991570008671 8282
0.649378094795 -0.042412889011 8283
0.657082968886 -0.089126958623 8284
0.360612394359 0.077063025262 8285
-5.770416835645 -9.624056851796 8286
0.844770763029 -0.021623767273 8287
0.391226214044 0.073874602853 8288
0.722493613768 0.035388788960 8289
0.369541299486 -0.062262084842 8290
0.577142140480 0.095879593782 8291
0.483735264621 0.060722963170 8292
0.042891062173 -0.040466603204 8293
0.647886425377 0.042442817250 8294
0.329200576197 0.077148320305 8295
0.529888176777 0.051928614165 8296
0.708681325266 -0.112968812134 8297
2.549548241768 -4.328168729096 8298
0.427841274502 -0.060119428040 8299
53.094190865049 -47.567353764560 8300
0.913236787665 0.013087774596 8301
0.889019523536 -0.055796868564 8302
0.425161072548 -0.060089029990 8303
0.334409173043 -0.096104831946 8304
0.577768889574 -0.048305448640 8305
0.703100204591 0.051132204520 8306
0.592723904340 -0.047115898329 8307
3.065958578526 56.268814484753 8308
0.814987227283 -0.025331269862 8309
0.696004190239 0.050553706590 8310
0.626044604143 -0.056568439301 8311
0.772325699992 0.043761337381 8312
0.372189607196 0.063455179846 8313
0.980563373013 0.024542172606 8314
0.357525815718 -0.086054527455 8315
0.989527895816 -0.005605269393 8316
0.852220939792 -0.020763629408 8317
0.592421083114 0.047125465840 8318
0.988974170941 0.002672829594 8319
0.044777172578 0.041742452490 8320
0.306427127658 0.126253900036 8321
0.938681816175 -0.021230822047 8322
0.580634995367 0.048202359503 8323
0.846247365052 0.023242966869 8324
0.952202493491 0.018130381761 8325
0.954782824799 0.016862933560 8326
0.445571625446 -0.069387782149 8327
0.540566992566 -0.073397702446 8328
0.033346259204 0.130906352458 8329
0.422211237695 -0.065030467739 8330
0.855594088371 -0.022249898599 8331
0.858218593170 -0.021959295815 8332
0.493171866440 -0.060801654026 8333
0.495561814238 -0.060059941328 8334
0.024217361861 -0.047070487894 8335
0.763809587345 0.034581670111 8336
0.919143447135 -0.012291276600 8337
0.737526559803 -0.033776956762 8338
0.339053388154 -0.089525927124 8339
0.152083488054 0.054878894403 8340
0.444360979710 -0.057223884057 8341
0.442871188980 0.057347069069 8342
0.686727390994 -0.038829498210 8343
0.007622756867 -0.026508681141 8344
0.323683020771 -0.091633651924 8345
0.919930802494 0.021400023290 8346
0.926623577296 -0.011346823021 8347
0.260070629068 -0.062814859937 8348
0.276423905898 -0.060909748046 8349
0.162497512954 0.055963812251 8350
0.586546329900 0.047709251068 8351
0.721365343323 -0.037329100554 8352
0.546511166281 -0.054024655796 8353
47.658876721329 -33.417487978113 8354
0.993611201166 0.004262164145 8355
0.474956611220 0.716155424502 8356
0.724069179784 -0.037228564460 8357
0.927143480499 -0.014262493701 8358
0.650874324902 0.042175019029 8359
0.368179344003 0.062310111760 8360
0.778320220546 0.032644952483 8361
0.590084893317 -0.140763680893 8362
0.641546481897 0.081777572989 8363
0.487783236608 -0.057823543963 8364
0.164099067215 0.056152901338 8365
0.070490791202 0.042235484492 8366
0.710797051709 0.038681301014 8367
0.831112403073 0.107189424626 8368
0.357359212180 -0.060330532141 8369
0.077827171761 0.047786371220 8370
0.734717517146 -0.226078935698 8371
0.728009921411 -0.047902881553 8372
0.954128047788 -0.010910500056 8373
0.538842190265 0.069627122393 8374
0.511741871026 0.065287209219 8375
0.550724614758 -0.050510755429 8376
0.649274247570 0.048381292097 8377
0.682139853965 0.041845984292 8378
0.114112633226 -0.061258886289 8379
0.642060720502 -0.046026575175 8380
0.472891229085 0.055626091497 8381
0.103103061527 -0.051910252032 8382
0.825416106968 0.023891569684 8383
0.679750147854 0.042104823917 8384
0.647490652420 -0.048784035874 8385
0.235156723892 -0.071255499960 8386
0.437193862666 0.059781946886 8387
-8.864885398334 5.426167887272 8388
0.534574889737 -0.067915491408 8389
-0.068065475900 -45.301165194792 8390
0.743496057061 -0.033075561227 8391
0.450055091781 0.060859776445 8392
0.320264733633 0.079968668788 8393
0.966693452776 -0.005819236151 8394
0.262765457970 -0.062866422916 8395
10.125549142997 -3.896105174396 8396
0.007901242711 0.016890092638 8397
0.671941454120 0.058367813481 8398
0.387664049971 -0.061454269230 8399
0.128205445477 0.052208350716 8400
0.930013436414 -0.012794854988 8401
0.912217522610 -0.015385172115 8402
0.932632410597 -0.012469570615 8403
0.981548825685 -0.003729044270 8404
0.316162113477 -0.200898730886 8405
0.251058967615 -0.062616799151 8406
0.991627133120 0.056410715886 8407
0.577523718233 0.051669114827 8408
0.832547249898 -0.068553635480 8409
0.783131714414 0.039623510490 8410
0.241870744745 0.087550218335 8411
0.325972645215 -0.061041901828 8412
0.351440326149 0.063740425324 8413
0.229885353661 -0.082677872035 8414
0.586144139665 0.052684999538 8415
-15.387938364218 17.267403528050 8416
0.645746521638 -0.045526339193 8417
0.755187715143 -0.045864340980 8418
0.704791456650 -0.048459064917 8419
0.675653040488 -0.082294327021 8420
0.758298904985 -0.031566812486 8421
0.913527207412 -0.018755090688 8422
0.978959695003 -0.014541149480 8423
0.094022823279 0.051440404852 8424
0.585542453964 0.061150937764 8425
0.202717145751 0.060761394339 8426
0.149363128298 -0.068594473646 8427
0.471292884761 -0.058552088250 8428
0.889747516010 0.029685285963 8429
0.745482803778 0.040373369932 8430
0.689696535027 0.038476192184 8431
0.476858120966 0.059025835436 8432
0.269077091577 -0.062991708371 8433
0.242047673209 -0.062373097991 8434
-0.033056436133 -0.996650055247 8435
0.235779041841 0.082574032632 8436
0.465404773286 0.056084956651 8437
0.944721661497 0.153974851870 8438
0.419260188463 -0.069052846502 8439
0.808934560940 0.044140371594 8440
-0.004257470248 -0.026770160099 8441
0.806314490849 -0.050424987593 8442
0.890998855508 -0.015880155053 8443
0.987353603841 -0.048985616507 8444
66.951007377974 -59.163316394054 8445
0.359031324462 0.060339286972 8446
0.802565395808 -0.031716106669 8447
-11.332528916422 30.154791112134 8448
0.215253289929 -0.065018440393 8449
0.958850573952 0.011304463958 8450
0.507366099737 0.065206627568 8451
0.986182533559 0.003042218075 8452
-0.308965009133 1.486648112738 8453
0.709425264380 -0.038787122061 8454
0.739704100503 0.169752147124 8455
0.659817557192 0.047061542694 8456
0.805408688935 -0.029983873804 8457
0.450325756594 0.089577160461 8458
0.106442203418 -0.055069097549 8459
0.712108593481 -0.038415384161 8460
0.646926908315 -0.053239232276 8461
0.195576825777 0.058307330455 8462
0.514811650985 -0.053021426607 8463
0.637076880141 -0.577860190547 8464
47.716847003240 -8.657205046463 8465
0.075612389259 0.056692136929 8466
0.862743117928 -0.081112014076 8467
0.253753737163 -0.062681690327 8468
0.276356935419 -0.064135601550 8469
0.210716233485 -0.068990181400 8470
0.846979107509 -0.034243500166 8471
0.596201261988 -0.050113605184 8472
0.259067026527 -0.080179881518 8473
3.858841165894 5.892767522379 8474
0.415858011825 0.058450705486 8475
0.288455477710 0.063204075863 8476
0.893830105347 -0.015506540096 8477
0.500066471915 -0.067021161040 8478
0.267920099738 -0.064381877185 8479
0.927196104577 -0.420269027813 8480
0.976836051151 0.183865681995 8481
19.446688225544 -89.034017527736 8482
1.129432485843 0.687909890287 8483
0.599060064610 0.064466343362 8484
1.036769799796 0.103013443335 8485
1.038081050738 0.128702113191 8486
0.801950737204 0.059930960984 8487
0.843916232153 0.282363848034 8488
0.561101207849 0.055252466184 8489
0.963893367359 -0.006158054457 8490
0.760123993506 0.045509093304 8491
0.704928141016 -0.086339909132 8492
0.966185163996 0.035142570364 8493
-2.017647011510 8.122013042116 8494
0.631194561159 -0.127271361615 8495
0.527358077371 0.060387057393 8496
0.978756861672 -0.004094735831 8497
0.932529362713 0.125700550317 8498
0.685892816958 0.054552935754 8499
-0.490639840846 -2.802335247596 8500
0.312378609545 0.064316993974 8501
0.088831811600 -0.047953522192 8502
0.953762146333 -0.022263854102 8503
0.244742302624 -0.062451915022 8504
0.606046746344 -0.046089644628 8505
0.901420431695 -0.051531910770 8506
0.671880609299 0.042501542688 8507
0.552083817626 -0.053042749781 8508
0.387513070777 -0.072258490863 8509
0.611117030577 0.062633964768 8510
0.136178090267 -0.057024220459 8511
0.112405200879 -0.067160039478 8512
-0.575691066366 1.397877650767 8513
0.092523822532 0.046781225763 8514
0.552364653643 -0.056422944232 8515
0.669113317841 0.042536408888 8516
0.334573067927 -0.064157503713 8517
0.411446779859 0.096470812124 8518
0.518188619580 -0.060971670614 8519
0.616627022299 0.046982223233 8520
0.840698775808 0.031138805959 8521
0.183582544480 -0.057601443497 8522
0.494003127369 -0.056721442624 8523
0.613769566327 0.047242510164 8524
0.363581516914 0.071000856593 8525
80.393603610450 43.330973372504 8526
0.798575447479 -0.026964453599 8527
0.235733502644 -0.062174821394 8528
0.121241382409 -0.063944331500 8529
0.271865304175 -0.063115776747 8530
0.179059142650 0.057144805426 8531
-0.019360501982 0.076724850201 8532
0.239009048262 0.060164372936 8533
0.516405672178 -0.053005534847 8534
0.727139175496 0.036771492858 8535
0.233039033800 -0.062062278179 8536
0.307492517144 0.065966482243 8537
0.986993561669 -0.021174362036 8538
0.790013731627 -0.030065961558 8539
0.792689969052 -0.029997344808 8540
0.354679394727 0.062597566987 8541
1.309984496526 -1.110235831216 8542
0.332327323374 -0.064103271857 8543
0.963613222983 -0.128959263853 8544
0.557523206003 0.532120649967 8545
0.106610617499 0.070089331107 8546
1.048323222682 -2.531969433712 8547
0.627413515382 0.051312446266 8548
0.567172758508 0.051532396777 8549
0.484932600234 0.055071010504 8550
0.704932426799 0.038641830027 8551
0.980166901511 0.015149252004 8552
0.510879095261 -0.066161813510 8553
0.680736895243 0.039373487238 8554
0.836694737809 0.032831469081 8555
-6.462151067228 14.172043319308 8556
0.072847140531 -0.065854521248 8557
0.564517829056 0.051536913758 8558
0.272574885884 -0.107775683901 8559
0.827266141458 -0.025974759715 8560
-1.812473537589 -0.727397558172 8561
0.091239579908 0.061249643396 8562
0.829981491131 -0.025475821794 8563
0.184441886452 -0.482833941683 8564
0.115963202085 0.059038036440 8565
0.723519190217 0.055611555951 8566
0.905766665842 -0.058124561054 8567
0.133817589350 0.054951020689 8568
0.050603103436 0.041760287077 8569
0.462157409897 -0.068351323547 8570
0.861699481117 0.034863630860 8571
0.009714043883 -0.037919918043 8572
0.388916549777 0.061594309771 8573
0.290045368443 -0.061036899151 8574
0.934005792605 0.013661137142 8575
0.935693423180 0.015063522109 8576
0.375316002914 0.078708952502 8577
0.302376833512 -0.099820976321 8578
0.459573021376 -0.063755716410 8579
0.210402633965 -0.091847826419 8580
0.361850181897 0.060219672525 8581
0.727570520990 0.184411384995 8582
0.616484907380 -0.047863656961 8583
0.614089504502 -0.048042728822 8584
0.307820529390 -0.158903072899 8585
0.925574141585 0.023340261032 8586
0.354504507997 -0.060453053580 8587
0.414120657292 -0.064867621663 8588
0.004458501049 0.013721143136 8589
0.322839894734 0.060946752932 8590
0.837477657396 -0.032430608837 8591
0.330253701500 -0.071957581970 8592
0.730639163184 0.037394490910 8593
0.201385089753 -0.058452541271 8594
0.287457110694 0.064664823703 8595
0.857398697886 0.080006673756 8596
0.444431807152 0.057179077983 8597
0.721297238926 -0.050598573718 8598
0.279520670304 -0.061023821366 8599
0.441482378853 0.057238770778 8600
0.950743758172 0.009888761315 8601
0.128081405383 -0.052256295777 8602
0.419353287104 -0.061392218047 8603
0.576892516368 0.072942031590 8604
0.926735203501 0.013186877960 8605
0.221111045851 -0.059442731438 8606
0.038428191964 -0.036543785064 8607
0.630278096640 0.051919413891 8608
0.624298146269 -0.046834886256 8609
0.544417066777 -0.058913698239 8610
0.662007311717 -0.107288862008 8611
0.866005238098 -0.021143639142 8612
0.868676822206 -0.021050363101 8613
0.627021937843 -0.046373069782 8614
0.615021484044 -0.045356242889 8615
0.027892922523 0.035887793151 8616
7.124864141433 2.067930706672 8617
0.953584969153 0.009486589266 8618
0.565648833971 -0.051797100328 8619
0.530437836850 -0.138450710006 8620
0.352333167843 -0.065486773113 8621
0.692054847135 -0.046131899410 8622
0.844588815254 -0.024728687026 8623
0.642222153154 0.062110494566 8624
0.448562808421 -0.295834063819 8625
0.458751790444 -0.080948460844 8626
0.323884856889 -0.074953916940 8627
0.759366945410 -0.040818948332 8628
0.372627291022 0.088058749042 8629
0.052657175583 0.055040740197 8630
0.557757248000 -0.076544851574 8631
0.994341638779 -0.322510796189 8632
1.123676109474 0.351044266048 8633
0.332778129511 0.069091209988 8634
0.919040676338 -0.015419592978 8635
0.292973996144 -0.061150153004 8636
0.409071903418 -0.062032265648 8637
0.407637170930 -0.063675686516 8638
0.707604593489 0.038512072623 8639
35.900487895602 -55.133175748129 8640
0.284064692554 0.060954413444 8641
0.792961367345 0.030382177456 8642
0.791182750580 0.031148176506 8643
1.181124018659 -4.986630108220 8644
0.651927649057 0.067017849656 8645
0.485364500806 0.066320330821 8646
0.975608347995 0.059933082304 8647
0.045391514083 0.058295956824 8648
0.960291723932 -0.019589816244 8649
0.496235944367 0.070216515980 8650
-0.081638225084 0.836454314706 8651
0.617023862138 0.054701355280 8652
51.618072832514 72.169049955840 8653
0.499930806044 0.056374079220 8654
0.144050821363 -0.089345222072 8655
-0.506016392140 -0.103057745404 8656
0.223851348664 -0.075144783600 8657
0.749696390801 -0.034674553233 8658
0.752448038922 -0.034415237520 8659
0.189592988473 -0.057816898780 8660
0.137329612619 -0.135260465542 8661
0.762083092532 -0.034645503990 8662
0.282470697006 -0.061092509884 8663
0.497167732888 0.056477988711 8664
0.603883405049 -0.069458112771 8665
0.465804222214 0.058971735407 8666
0.275847224837 -0.180289228749 8667
0.688201493063 0.038599074502 8668
0.438219181462 -0.060002663763 8669
39.266951371936 55.905302463663 8670
0.414328170851 -0.071297365638 8671
0.435807267942 -0.060135628315 8672
0.079745007268 0.259462317993 8673
0.626849421759 -0.082594494806 8674
0.873437550386 0.034345133871 8675
0.308785150574 -0.072884059264 8676
0.305733912253 -0.075229100955 8677
0.976748574562 -0.022533785999 8678
0.997914775501 0.017551668902 8679
0.952180730673 -0.010037086911 8680
0.053026250265 -0.037666924407 8681
0.391068398237 -0.062725194537 8682
0.389579952960 -0.064545487754 8683
0.465653438924 -0.059435797699 8684
0.464690396734 -0.061234850905 8685
0.715257217471 -0.047315830215 8686
0.561644441313 0.091664408903 8687
0.689707505220 -0.038504690163 8688
0.153581135396 0.054991681946 8689
0.499804324863 -0.055666516292 8690
0.149211711864 -0.054608562971 8691
0.819332316448 -0.036847413754 8692
0.078812421961 -0.048562046465 8693
0.403045197027 0.080123986326 8694
-28.110955150668 23.894977781744 8695
0.336667445447 -0.071839656370 8696
0.799507429145 -0.035607182976 8697
0.483686207570 -0.070812906241 8698
0.481912672610 0.055058119402 8699
0.194568708459 -0.093683313593 8700
0.585896609807 0.258000138141 8701
0.657618834835 -0.044636819351 8702
0.518828710195 -0.077596419270 8703
0.698997366385 -0.039892100906 8704
0.701708131805 -0.039423828588 8705
0.315632754544 0.063217157181 8706
0.272731384738 -0.064654715599 8707
0.967514376832 0.122603899360 8708
0.676488365461 0.182226241996 8709
0.791027129376 -0.033407486322 8710
0.679835357612 -0.046817309054 8711
-0.648508674448 0.062592022472 8712
0.890311396917 -0.064592831914 8713
0.670161834672 0.045965243117 8714
-0.064329755316 -0.238621974912 8715
1.653596205567 -3.430710203337 8716
-4.878346096116 -1.075941051188 8717
0.688850679473 -0.041169799933 8718
3.802197876195 9.744144046382 8719
0.691196304098 -0.040985781910 8720
0.501890330564 0.063865941012 8721
0.657774291473 -0.059522177711 8722
-30.676383938927 2.711155574581 8723
14.369730995431 -28.015230752633 8724
0.993611482728 -0.002235054995 8725
0.607539378710 -0.045939766481 8726
0.143855244669 0.072741325475 8727
0.262843411241 0.060709973620 8728
0.728272755405 -0.064456859994 8729
0.988870774421 -0.015715026343 8730
0.712061494657 -0.042098201302 8731
0.856329778398 -0.049486032240 8732
0.727699889052 0.151138127666 8733
0.709855858171 0.042183481480 8734
-2.858980582901 -14.982698331673 8735
0.552642570244 -0.062026683597 8736
0.102851296998 0.056635523462 8737
0.779573589193 -0.039074132383 8738
0.725467569385 0.034853100166 8739
0.691138213849 -0.059633137923 8740
0.746398803985 0.032696930108 8741
0.140688281826 0.067213552477 8742
0.108755652314 0.057725539949 8743
0.665341547133 -0.052499491991 8744
0.071299884691 0.066084398314 8745
-0.201536741015 -5.653534604187 8746
0.177265914728 -0.066729027179 8747
0.640068798680 -0.050289690250 8748
0.675240390286 -0.049008116708 8749
-60.597023695362 -66.970830794034 8750
0.821309318758 0.026625218224 8751
0.392637116362 0.082540098618 8752
0.182005112372 -0.057369714200 8753
0.403151945013 0.061861197027 8754
0.921787606738 -0.025045105438 8755
0.258942766646 -0.064170027311 8756
0.545494038434 -0.055619356021 8757
0.511871330141 0.055487209572 8758
0.892628450208 0.018683871527 8759
0.322973984763 -0.061040025803 8760
0.462463326593 0.208656544544 8761
0.095559748539 0.086320819207 8762
0.474476881482 -0.066418923221 8763
0.497144911868 -0.055968482508 8764
0.604227610991 0.110848090027 8765
0.594630657074 0.121675826658 8766
-11.379204088135 21.889661074419 8767
0.621095510973 0.047793303836 8768
3.859052800902 -1.166787892650 8769
0.265175519164 0.076093009287 8770
23.851239398314 -23.726175217925 8771
0.559953779785 -0.051567838712 8772
0.895233767555 0.021341239068 8773
0.884910373338 -0.024749718988 8774
0.224690037390 0.081791546211 8775
0.822668229197 -0.036176898056 8776
0.562626208862 -0.051298651411 8777
0.997719134497 -0.023912347238 8778
0.509160485534 0.055559320444 8779
0.122590824269 1.195205917687 8780
0.562016704247 0.053332315457 8781
0.893911141252 0.025414367991 8782
0.929381685380 0.017414008060 8783
0.581732965967 -0.056422638024 8784
0.241875335184 0.060238139430 8785
0.213470581731 -0.059212993177 8786
-0.708435137418 -0.618995917364 8787
0.091108358415 -0.046505279875 8788
0.410264439298 0.068417111223 8789
29.988350852763 -86.089459295813 8790
0.724746710747 -0.071005221659 8791
-25.448315401843 -20.079202737959 8792
0.823802733025 -0.070115058246 8793
0.967118725493 0.007634560753 8794
0.641111849352 0.047381457399 8795
0.447505166662 0.060099169979 8796
0.241362794187 -0.071151105655 8797
0.200340212016 -0.266958828235 8798
0.716781455733 -0.069448716056 8799
0.626222917711 0.056101530705 8800
14.276283801682 -13.143238981522 8801
0.112747773669 0.054850087639 8802
0.503583940993 0.116963830827 8803
0.416883816949 0.062438418324 8804
0.439414222961 0.067356526073 8805
0.937651841131 0.018334141678 8806
0.620779819254 0.051179337471 8807
0.933639380483 0.019702336729 8808
0.969774158019 0.007298408412 8809
0.398920576384 0.076503183003 8810
0.217755226492 0.160607548282 8811
-25.001274212806 -4.608496687509 8812
0.816919570824 -0.027246523297 8813
0.344094519794 -0.070526994878 8814
0.123655801385 -0.051697248494 8815
0.462220884698 0.058181045597 8816
0.459622018765 0.058266962200 8817
0.819563121545 -0.026689380440 8818
0.372674300942 -0.061692953718 8819
0.807523654769 0.025950890424 8820
0.992382059700 -0.028902380272 8821
0.303374295977 -0.063316821720 8822
0.576150754407 0.067860848880 8823
0.883572247342 -0.019739423651 8824
1.039691159865 0.015439600488 8825
0.265407080284 -0.127464227284 8826
0.104587330351 0.050886322109 8827
0.129701924134 -0.052345880034 8828
0.627833090102 -0.048023903378 8829
0.456714646420 0.059701448431 8830
0.243461047598 0.114962267107 8831
12.346267186616 -1.090067731550 8832
20.686630395575 -11.880340018650 8833
0.537289650959 0.053262250858 8834
0.215054738069 -0.059380616023 8835
0.337988351406 0.068119646120 8836
42.290822903396 -26.906638765894 8837
0.647578802446 0.045672030359 8838
0.300671267598 -0.063277863379 8839
0.773694857615 -0.118563504984 8840
0.880666025697 0.019353796214 8841
0.930994400373 0.021712403172 8842
0.594973794899 -0.052746183746 8843
0.453400944063 0.059047601815 8844
0.296708738788 0.708049689071 8845
3.088860359121 -0.186606315333 8846
0.534426109049 0.053451289311 8847
0.984814190628 0.347758265390 8848
0.450750471942 0.059083157181 8849
0.797556658732 -0.196164602732 8850
0.029936309987 -0.035958534860 8851
-14.813651338936 -21.625818672393 8852
0.808911968186 0.060714453809 8853
0.268260176401 -0.070721843112 8854
0.208070529543 -0.857267866493 8855
0.249926001770 -0.063968554032 8856
0.658284730932 -0.048860700683 8857
0.852444781474 0.022826680200 8858
-29.235789974181 33.115903090349 8859
0.974947261257 -0.012163380809 8860
0.850279215725 -0.027582500192 8861
0.997359625592 -0.165561954984 8862
0.881805229877 -0.045958061279 8863
1.019684714780 -0.010585078328 8864
-0.447067891062 -2.432660954600 8865
0.125357681460 0.051668237474 8866
0.626940425298 -0.050275680427 8867
0.392964333611 0.067678429657 8868
0.947448773518 0.014918163326 8869
0.086128745962 -0.050418497598 8870
0.181892070863 0.057269863128 8871
1.881684493832 0.169278198679 8872
0.278788922963 0.066429103357 8873
-3.197917401285 4.998960315887 8874
0.045632308246 -0.045854853749 8875
0.230988829262 -0.089557189639 8876
0.256219570453 0.069954121123 8877
-18.203214499241 -16.278362992382 8878
0.579457361312 0.056856493830 8879
0.240907017795 -0.063718880806 8880
0.841714490709 -0.064685680337 8881
0.839418087313 -0.045371898266 8882
0.379075058817 -0.111228281412 8883
0.556429590842 0.057562095736 8884
-32.057900593533 -14.960235355017 8885
0.316232457098 -0.113458535505 8886
0.579997712822 0.065560609605 8887
0.190899892097 0.066239276890 8888
0.192451702540 0.069876279814 8889
-44.001715918796 -55.316505757483 8890
0.989585986146 0.114918363508 8891
0.853778343103 0.066749700671 8892
1.030327522303 -0.056495679529 8893
0.390366522678 -0.073168334444 8894
0.845742640665 0.026241537960 8895
1.043937511130 -0.044201832358 8896
0.867201617869 -0.024540775721 8897
0.522132789725 0.113637361619 8898
0.567559239411 -0.059934913747 8899
0.424348831263 0.069851638865 8900
0.577494675102 -0.059559559954 8901
0.428045974173 0.059910195613 8902
-23.307021249205 24.772447728571 8903
0.157007315170 -0.062051956076 8904
-4.130432280682 30.464964875201 8905
0.722102792851 -0.290145852753 8906
0.552846690267 0.061638983682 8907
0.375353829280 -0.061758173101 8908
0.610705502918 0.048072416736 8909
9.596722065612 25.014863348902 8910
3.936162928771 -6.930232590265 8911
0.808558228752 -0.033318294789 8912
0.943299560178 -0.011423380662 8913
0.404455465370 -0.072857320711 8914
0.378836254472 0.069803344474 8915
0.601094715825 0.053292034317 8916
0.277104912424 0.100453384532 8917
0.453282335270 -0.084409760998 8918
0.193987359231 0.058159847200 8919
-2.844165326189 7.146483919806 8920
0.263824145188 -0.064313629621 8921
0.964230219183 0.008428561588 8922
66.197504176211 57.045116831795 8923
19.921514802095 14.639200465537 8924
-0.323950639875 -1.301631033861 8925
0.333246359605 0.064330441204 8926
0.772982775716 0.051472950966 8927
0.147607741411 -0.054367929878 8928
0.829592819432 -0.029233300566 8929
0.552763204933 0.081634608925 8930
0.630601535215 0.048629165915 8931
0.995589431579 0.068947351002 8932
0.863416316362 0.048261501674 8933
0.989840271501 0.005834539863 8934
0.218551187726 0.063426628410 8935
0.991939129426 -0.002557017914 8936
0.425863174163 0.560531766529 8937
2.772360204017 -28.876130471057 8938
0.004730954518 -0.023394984607 8939
0.947737184407 0.010777943188 8940
-5.643572073424 10.677291745415 8941
-21.481165782262 41.233731958566 8942
0.017205416919 -0.031741304383 8943
0.774109125334 -0.039989189805 8944
0.300470886850 0.061167020257 8945
0.550204253171 -0.177995046947 8946
0.356766508144 0.080002869079 8947
0.370056563284 -0.073835442419 8948
0.102042858613 0.060580876614 8949
0.436936219353 -0.057514411602 8950
0.972979356151 0.007295112764 8951
0.319491306492 0.064327055832 8952
0.845350703999 -0.346955396035 8953
0.336557132657 -1.096449849224 8954
0.291451840265 0.063296459666 8955
0.346525872737 0.066132192949 8956
0.101254639975 0.052177840067 8957
0.307089615310 -0.474940123669 8958
0.555289487203 -0.053429560689 8959
0.319259050752 0.207384397347 8960
0.966436748675 0.012012479798 8961
0.271017419846 0.065925691640 8962
0.481208693551 -0.060423348298 8963
0.205971671126 -0.058883036334 8964
0.861628568391 -0.034410913553 8965
0.754828206683 0.101855677914 8966
0.550929776862 0.065269691090 8967
0.897627456080 -0.025392963604 8968
0.881341608563 0.034295622235 8969
0.855614059137 0.117724822499 8970
0.342792237938 0.070471568528 8971
0.406270530706 -0.067205712037 8972
0.396200165235 -0.065561346534 8973
0.689920920136 0.041071513584 8974
0.085975523765 0.053239828854 8975
0.955559629346 -0.058549317273 8976
0.167720781975 -0.082036530184 8977
0.254834476719 -0.064119878677 8978
0.367469150564 -0.606706760781 8979
0.981073893492 -0.229029405958 8980
0.247851676249 -0.072997506082 8981
0.620503893665 0.055185749917 8982
0.968269472193 -0.013924405881 8983
0.828681666841 0.026295884414 8984
0.786309779285 -0.091727785986 8985
0.798327211062 -0.090490562071 8986
0.075556830958 0.045320978431 8987
0.924764847931 -0.018186361390 8988
0.713065291948 -0.039887207868 8989
-5.140074772782 -19.110462674953 8990
0.108441788446 -0.057552469134 8991
0.719093443402 0.043287916356 8992
0.179012570561 -0.077438477325 8993
0.716773066645 -0.063727756006 8994
0.422259953931 0.060375400714 8995
0.522394323306 0.054843139783 8996
-29.830205862101 19.393542738707 8997
0.313900440449 -0.063316458665 8998
0.809953233094 -0.030187836515 8999
0.823319742842 -0.031375127825 9000
0.054339279301 -0.040037614796 9001
0.754634446754 0.043888343811 9002
0.774232812439 0.038807757010 9003
0.556916895223 -0.057042330839 9004
0.287832338403 -0.072850645735 9005
0.284649683136 -0.075112758424 9006
0.897020454186 0.033480445471 9007
-22.606984776309 -11.052102766292 9008
0.519567425225 0.054793884872 9009
-13.719695607402 11.852476009104 9010
0.665640833165 0.655433996935 9011
0.885032453600 0.032536505118 9012
0.967846812780 -0.008922631179 9013
0.196983625630 0.058344544906 9014
0.275831879718 -0.067833275448 9015
0.093949982934 0.046797220008 9016
0.379373042521 -0.066219170269 9017
0.894628671162 -0.018950074325 9018
0.311115164974 -0.063176676718 9019
0.670282264355 0.040334859927 9020
0.788183772779 -0.039870379153 9021
0.338624261717 -0.070316267998 9022
0.245809610509 -0.063891515807 9023
0.117117276223 -0.077589454801 9024
0.607934064913 0.090895826997 9025
-38.641069153912 -62.789374751599 9026
-0.595665058795 10.092854994142 9027
0.520792809183 0.052612697404 9028
1.002236267711 1.976844521398 9029
0.333535214833 -0.084979342880 9030
0.330867991261 0.064176264702 9031
0.971019713210 -0.010635765395 9032
0.091152958433 0.046401471752 9033
-2.545570296381 12.712667599065 9034
0.324111478599 -0.063604804428 9035
0.702048299731 0.045869394832 9036
0.242173405022 0.075717602010 9037
0.982398092119 -0.006874558730 9038
0.037497342928 -0.052364161696 9039
-0.217387999320 0.365217393100 9040
0.575419286268 0.058930842885 9041
0.358476565881 -0.070373338553 9042
0.668487166336 0.044158713383 9043
0.515008248708 -0.055639189634 9044
0.912302089733 -0.023153729539 9045
0.250960545793 0.060573009481 9046
0.542781841700 -0.064710146679 9047
-0.000450114799 -0.006524782961 9048
0.617521208801 -0.123270511810 9049
0.321758660849 -0.063672724672 9050
-3.671371628826 -6.126034447440 9051
-15.162851884370 7.081149405125 9052
0.867023669249 0.022506175839 9053
0.671824098245 -0.247263683584 9054
0.902222051749 0.306019907576 9055
0.994970048919 -0.001782322096 9056
0.150205988250 -0.061046449589 9057
0.236801131750 -0.063626584320 9058
0.522588133368 -0.055374918154 9059
-89.520423085902 0.458609848228 9060
0.658110685900 0.045195043471 9061
0.517778940520 -0.052764891586 9062
0.880487110470 0.025203717843 9063
0.425562158289 -0.073682808151 9064
0.553857593437 0.054673252388 9065
0.224576926626 0.449743068393 9066
1.174764699766 0.781918137247 9067
21.452004467629 -3.346929949035 9068
0.625477681185 -0.044413597394 9069
0.231964960826 -0.063446463843 9070
0.017421961958 0.028522064720 9071
0.133970314869 -0.079451101825 9072
0.036792194215 -1.596408997928 9073
13.005750872662 6.548486469117 9074
0.815582071919 0.035823817004 9075
0.462484857536 0.085962769639 9076
0.541859221625 -0.078405553803 9077
0.688916898494 0.051450360622 9078
0.084108960687 -0.055608052781 9079
5.495853013891 13.309685243629 9080
0.623659148820 0.123845794920 9081
0.949020403880 -0.010012531753 9082
0.432510797580 -0.065328578055 9083
0.426179061515 -0.063291632653 9084
0.459185515828 0.143776011862 9085
0.380056097410 -0.062953273427 9086
0.316112234147 -0.069510052327 9087
0.701231111384 -0.043074650230 9088
0.877027945501 0.062400724403 9089
0.433943512393 0.059695067642 9090
0.396867111285 0.062410934978 9091
0.729319580840 0.043482161515 9092
0.789497399654 -0.031800429812 9093
0.686749481359 0.038689233232 9094
0.469940744241 -0.079637321939 9095
0.684175974987 0.063987365314 9096
0.494436345081 -0.064976513407 9097
0.653838793184 -0.041920599685 9098
0.656840018223 -0.041574203676 9099
-0.226644630316 0.807225950296 9100
0.125338634064 -0.052000502784 9101
0.215021901856 0.061320270060 9102
0.377270601191 -0.065668878967 9103
-17.859116785565 68.854064175207 9104
22.456439611984 -7.530352594593 9105
0.652882919272 0.106521017075 9106
0.441939278396 -0.125665418675 9107
0.333742360163 -0.068316780772 9108
0.540423348158 0.053485364110 9109
0.840773527994 0.028492602755 9110
0.972243864648 -0.176539106304 9111
0.229623160306 -0.072672999651 9112
0.807061919176 -0.037851233892 9113
0.585123451633 0.077691667431 9114
15.651642577197 33.903237688113 9115
0.552630832714 0.126076266954 9116
0.945801737038 -0.014752875910 9117
0.700149205909 -0.037444923022 9118
4.853289651098 -0.331187143282 9119
0.206008674412 0.060904205113 9120
0.339121213376 0.064003527566 9121
0.456081496565 0.167302457329 9122
0.830862730237 -0.026905517495 9123
0.708225639808 -0.050233801359 9124
-4.090502821173 18.722274812630 9125
0.606931493549 0.066572157801 9126
0.174092658928 -0.064847239478 9127
0.936327995485 -0.024661367505 9128
0.817965870413 -0.024785719952 9129
0.336821929275 0.064160871067 9130
0.606295248922 -0.048677644655 9131
0.956377512830 -0.025560754356 9132
0.946349345917 -0.010407393386 9133
0.399226592966 0.062235330710 9134
0.208701020388 0.061064793412 9135
1.065923461847 0.144494483364 9136
0.619159431715 -0.999941518340 9137
0.774675748910 0.033052739188 9138
0.885534855747 -3.728414042760 9139
0.877693656659 -0.022644379028 9140
0.473391607707 0.066435560854 9141
0.473446473303 0.077703328751 9142
0.772568462942 0.331604513594 9143
0.423564267129 -0.068261070996 9144
0.769646156084 0.033566285120 9145
0.608983967655 -0.045767455777 9146
1.382254137060 -0.409764723893 9147
0.949232689898 0.019356439148 9148
0.774790018624 -0.037491331171 9149
0.530174333186 0.055072516355 9150
0.462700229581 -0.058264176029 9151
0.740379138936 0.036851690285 9152
0.888390320477 0.027079329024 9153
0.137075651583 0.055239945876 9154
0.896859808949 0.015094429171 9155
0.648018245629 -0.050823181776 9156
0.252881701735 -0.100032180753 9157
0.770408111509 0.141282936438 9158
0.139825889980 0.055656624511 9159
0.260879561891 -0.116166580217 9160
0.742057741286 0.056989175218 9161
0.405566431759 0.061106251311 9162
0.731507369079 -0.044047553096 9163
0.984946648812 0.011197174989 9164
0.586028083972 -0.051400923490 9165
0.859559443458 -0.103164670546 9166
0.813066336550 -0.041581194883 9167
-0.563634616264 -7.580643757912 9168
0.321430158483 -0.068887974708 9169
0.450592920954 -0.059759166802 9170
0.292187711196 -0.131008291033 9171
0.432570745183 0.066333673650 9172
2.174309692447 -0.265716643040 9173
0.678672586626 -0.053497631037 9174
0.279436652960 0.061072853316 9175
0.646953952500 -0.425007913051 9176
0.937212669272 0.012124376011 9177
0.428177922820 0.066555827392 9178
0.729484144092 0.073897338339 9179
0.127661534804 0.057788447065 9180
36.635527124611 -37.589876261100 9181
0.649495764970 -0.044951800477 9182
0.612864562482 -0.061810491057 9183
0.523460045595 0.094088788982 9184
-4.157140875656 -4.021993704787 9185
-5.743776138632 8.723142778430 9186
0.856172331120 -0.025166342507 9187
0.617623994995 -0.099407728234 9188
-10.430644892956 56.705113492953 9189
0.527686523790 -0.067909000062 9190
-20.786248084333 13.791225462714 9191
0.145971519568 0.056336595536 9192
0.383007696110 0.062184421051 9193
0.433530207525 0.070019423716 9194
0.763490802779 -0.055968172787 9195
0.869517894976 0.025196574258 9196
0.453535657842 -0.058354395501 9197
0.374118074614 0.062395374978 9198
0.913516202719 0.015719285576 9199
0.697925065651 0.047942885408 9200
-0.954826601856 -0.214141548847 9201
0.429451597708 0.057862140614 9202
0.432446004259 0.057731420398 9203
0.107363789186 -0.049251310892 9204
0.844275218831 0.057692998511 9205
0.843152994033 0.062991468258 9206
0.706124927711 0.041258904263 9207
0.608161397875 -0.227660359761 9208
0.619052906985 -0.154153378555 9209
0.312474712999 -0.061083274120 9210
0.880178309441 -0.026850834306 9211
0.817791771994 0.045371308359 9212
-3.566849288620 1.349926267265 9213
0.738077872696 0.042989812983 9214
0.392683293504 -0.068492171512 9215
0.122227381355 -0.057185835718 9216
0.528838036173 -0.056331937536 9217
0.421285291183 0.064274809378 9218
1.847324638913 -1.778766568717 9219
0.839552479041 -1.929874607310 9220
0.583255667424 0.068468777837 9221
-22.314231270580 -59.413816801647 9222
0.418074879056 -0.139964301770 9223
0.809773107293 0.035576470572 9224
0.104400946747 -0.048774653220 9225
0.138087677296 0.077936176898 9226
0.643552311726 -0.047178638084 9227
-1.465295413230 2.115885907305 9228
-1.091802452680 2.546758463644 9229
7.506350789164 -91.493811937817 9230
0.358698791808 0.063602898072 9231
0.650102110157 -0.106767367584 9232
0.491015141074 -0.056663143925 9233
-0.157206229843 0.019112846787 9234
0.806423481355 0.181457306510 9235
0.659181120722 -0.053413102425 9236
0.767727896681 0.033001352655 9237
0.473644644437 0.058592981475 9238
0.247300783024 -0.082115632126 9239
-1.429007110991 -1.713532644105 9240
0.506914683875 -0.071121146232 9241
0.445996980107 -0.057105246985 9242
0.747831413023 0.056129779809 9243
0.959737956107 0.018208485385 9244
0.870065463080 0.044642067877 9245
0.498191700862 -0.073342373476 9246
0.594708256693 -0.115334759294 9247
0.875036417201 -0.026578267054 9248
0.338108598338 -0.078217610500 9249
0.189812808591 0.152582292299 9250
0.318568414214 -0.098592149539 9251
0.211653442527 0.081737134539 9252
0.236369177068 0.072787125337 9253
0.819040849955 -0.030176293321 9254
0.061482109733 0.050714019867 9255
0.167873490542 -0.098346413258 9256
-0.706095416690 27.708218250791 9257
0.258697382511 0.063904717324 9258
0.384383155672 -0.070752004004 9259
0.891994188933 0.035255246832 9260
0.804352211630 -0.036017547789 9261
0.347868083804 0.143842143897 9262
0.750870203434 -0.032254999317 9263
0.659067276211 -0.177843161186 9264
0.905795120880 0.014052202059 9265
0.308991874213 0.071058378171 9266
0.722547762120 -0.040528521585 9267
0.967743740580 0.014810354395 9268
3.110738686028 1.895379923934 9269
0.949346148992 -0.022055382417 9270
0.730377721419 -0.036315235772 9271
0.506610626366 -0.107324673029 9272
0.790824489008 0.049713199839 9273
0.785819856452 0.037459366396 9274
0.901355769456 0.016466041562 9275
0.650277118909 -0.061384684306 9276
0.801506081805 -0.026458388994 9277
0.685542671635 0.040854637619 9278
0.353751475100 0.073545484738 9279
0.346951532567 -0.125249525380 9280
0.510160815907 0.058764277106 9281
0.430193495153 -0.118144381737 9282
0.436849252968 -0.063496512179 9283
0.765637900167 -0.036046174350 9284
0.635358692404 0.093487351729 9285
0.736222668789 -0.041995165947 9286
0.520641468421 -0.061371509792 9287
0.955530382313 0.091530091856 9288
0.148809968705 0.056648035252 9289
0.930625205849 -0.015704868958 9290
0.577850691717 -0.051206666998 9291
0.195746416850 0.069186060186 9292
0.878484204793 0.076971558860 9293
0.944663313424 0.010918263303 9294
45.707456699602 18.468916736731 9295
0.778406359733 -0.069545648265 9296
0.781811648385 -0.076083606656 9297
0.365219889855 -0.079875353281 9298
0.381677656773 0.207640274554 9299
0.366818300000 0.239138003133 9300
0.772230817786 -0.243071905353 9301
0.183699566579 -0.080694374947 9302
0.398184852214 -0.060922307159 9303
0.592848751322 -0.050047829413 9304
0.722898344594 0.037907784665 9305
0.653440177614 0.049398896770 9306
6.281021884674 1.033350784486 9307
0.215208389642 -0.567079262193 9308
0.217716636697 0.061651677712 9309
0.758612924604 -0.034153827479 9310
0.936639319426 -0.249917967359 9311
0.999909087656 -0.036036423809 9312
0.338692333120 0.092670634053 9313
0.143917455416 -0.074813593621 9314
1.522423465356 0.626467160302 9315
0.592898681344 0.050040460230 9316
0.762973377356 -0.047261726363 9317
0.180619829951 -0.073438075605 9318
0.403301301654 0.146326945708 9319
0.122292581410 -0.051289257884 9320
-39.821674649978 31.350615912565 9321
0.443442772262 0.067937641784 9322
0.702648459542 -0.040886071219 9323
0.441264205064 0.060741047987 9324
0.175070723987 0.062079761607 9325
0.707982798250 0.121791506683 9326
0.741861531819 -0.033210277182 9327
0.730717153859 -0.107807006443 9328
0.908418722221 0.022150545158 9329
0.405648257157 -0.061095045762 9330
0.411441691107 0.060543787126 9331
0.055828742981 -0.043595754417 9332
0.734495549608 -0.046826547761 9333
13.881550339777 2.556028976856 9334
0.235505041714 0.065333724776 9335
0.799246768518 0.036496601882 9336
0.858699314906 -0.028421567571 9337
0.889379881668 -0.027868579550 9338
0.408742766814 0.060603849754 9339
0.519285797100 -0.054683150560 9340
0.580791878062 0.050989954836 9341
-77.710709290211 46.000760345153 9342
0.861509386594 0.637353598979 9343
0.170826968660 0.065988307138 9344
0.302714171803 -0.072828291111 9345
0.799888274133 0.089135441801 9346
0.508520153120 0.057007208331 9347
0.481409705670 0.059046087811 9348
0.216441585211 -0.059308497559 9349
0.685286835663 0.089154703741 9350
0.048462228393 0.047243740328 9351
-67.686858511094 -34.114584495664 9352
0.737776455953 -0.036412594589 9353
0.555155539190 -0.071687667912 9354
0.565673830231 0.049281698949 9355
0.209373836121 0.071002536273 9356
0.313732080465 0.077313935623 9357
56.983175801177 11.012397257991 9358
0.841745876284 -0.105917011800 9359
0.779670364545 0.063919068706 9360
0.296278384644 0.074909393017 9361
0.862642345294 0.019435719351 9362
0.410377769406 -0.067644527213 9363
0.364426634683 0.068371521658 9364
-16.945026401682 0.137100324534 9365
0.425148227715 0.059808980673 9366
0.873192128592 0.173348028996 9367
66.304581103059 -21.688530630641 9368
4.929471000751 1.932421939237 9369
0.911596653171 0.025291090035 9370
0.468158156787 0.062219836153 9371
62.329233509420 -44.458134184492 9372
0.937051971719 0.023811214398 9373
0.878148756950 0.019513604235 9374
0.968318937091 0.010269744556 9375
0.998020759628 -0.001597522955 9376
0.165811050588 -0.069678482842 9377
0.162595079818 -0.072927547586 9378
0.379939660233 0.061683325778 9379
0.377227696112 0.061726290419 9380
0.790296052458 -0.062679085729 9381
0.732696982151 0.040259522260 9382
0.096342808617 -0.049357379133 9383
0.448676742341 -0.062851235361 9384
0.797730348614 -0.031417643561 9385
0.151214623205 0.091004432126 9386
0.726223510883 0.058789230564 9387
0.826384313967 0.050117398984 9388
0.731940230832 0.036800564662 9389
0.050988962058 -0.041016173889 9390
0.787261685893 0.030293741196 9391
57.573634304109 18.088838051250 9392
0.346003479797 0.069020519847 9393
0.508143478901 -0.063609817217 9394
-6.785539337572 -0.055437196428 9395
0.301451922387 -0.066860575048 9396
0.844312281243 0.359624830118 9397
-14.420690321473 1.367228649305 9398
0.515036878439 -0.088050485900 9399
0.659829112366 0.041293495153 9400
0.499059066888 -0.058460321055 9401
-0.002531486003 -0.053308138903 9402
0.779017403275 -0.032879915423 9403
0.379145168256 -0.070218961488 9404
10.927176395579 -9.265851503512 9405
0.306480174773 0.061102857564 9406
0.348356019097 0.070266787262 9407
0.996338368466 -0.001830858771 9408
0.741015453930 -0.069813336658 9409
-16.931998270175 -27.541882094051 9410
0.854430426130 -0.029809665000 9411
0.983088035956 -0.018767501983 9412
0.792563620996 0.042069621194 9413
0.395144718187 -0.069778284413 9414
1.027297455507 -0.003090969769 9415
0.237270452154 0.062120755124 9416
-1.915410907482 -0.150605885285 9417
0.652653796094 -0.043991086089 9418
0.761311907663 0.031102618748 9419
0.369979338470 -0.109385791902 9420
0.262816852424 -2.051389533356 9421
-2.549036397780 9.509223088409 9422
0.899795568057 0.014721332325 9423
0.940230397819 -0.011543571763 9424
0.776417147837 0.032132882764 9425
0.610560940797 -0.047679585490 9426
0.352751645111 -0.145631421977 9427
0.818504900740 0.034780074717 9428
0.118102355010 0.092608600999 9429
0.143068251043 -0.063768100510 9430
-2.355727114741 -1.105790506523 9431
0.772920152222 0.076629657534 9432
0.602540882016 -0.058888732533 9433
0.981292940521 -0.009632636201 9434
-37.268929818957 46.692522314322 9435
0.168525132560 0.056329052273 9436
0.224852565469 -0.062510520880 9437
0.988700795610 0.008679519746 9438
0.786861670380 -0.035335109112 9439
0.789254201706 -0.036097999225 9440
0.415964442632 -0.060594106758 9441
0.791126474981 -0.027839053671 9442
0.955745006048 0.036716917161 9443
0.806605103177 0.033492267341 9444
0.242148901141 -0.076148382835 9445
1.101577313842 0.004082558971 9446
0.930150011702 0.042839151070 9447
0.227761452508 0.107530664920 9448
1.111068906137 -1.821338658948 9449
0.820447059734 -0.028072289201 9450
0.304742885595 -0.085106768513 9451
0.561442665868 -0.054344695725 9452
0.474902151576 -0.092280202505 9453
0.691837921724 -0.075682940350 9454
0.905837735493 0.019750396885 9455
0.495829454275 -0.082297686387 9456
0.685273993473 0.047643407357 9457
0.117731948148 -0.052799267264 9458
0.144782599088 0.057833899008 9459
0.979847470023 0.007683899719 9460
0.278809784760 0.078325180927 9461
0.664321165944 -0.045054076669 9462
0.710586434528 -0.036400275888 9463
0.510327117082 0.053313160831 9464
0.866292645068 -0.026556384406 9465
-0.168147531564 -0.059723165689 9466
0.867098113291 -0.018910119206 9467
0.480371481884 -0.055167810325 9468
17.056222792022 -6.610725405527 9469
0.860864515815 0.023295491816 9470
-12.483091028755 80.232809862149 9471
-34.507800145160 18.570312929542 9472
9.217245649403 0.561273677756 9473
-3.931445927745 4.035620708252 9474
-2.702275334113 3.113110726549 9475
0.885358608893 0.026807155457 9476
0.193831186343 -0.111277988300 9477
0.252214448581 0.063253088415 9478
0.801002268722 -0.040542542277 9479
0.204829888816 0.062257635540 9480
0.429464572135 0.083762385814 9481
0.897657710953 -0.020714704325 9482
0.111163472682 -0.080999520288 9483
0.544120758287 0.092249969655 9484
0.933180323991 -0.018928927495 9485
0.590473166079 -0.051103622704 9486
0.865375421993 -0.022790778460 9487
0.369291712526 -0.068880208256 9488
3.267353560103 -4.204087987680 9489
0.617775019907 0.048256805272 9490
0.828382302984 -0.023562650715 9491
0.520517853700 0.058307111909 9492
0.426455056906 -0.057997433413 9493
0.660532823769 -0.056390257252 9494
0.612815565508 0.048681858430 9495
0.086759105903 0.050601787602 9496
0.442956239308 -0.057154803139 9497
0.396729977580 0.095768029214 9498
0.882000016683 -0.024028417337 9499
82.253772678127 33.984995692075 9500
0.234618229988 0.061992034709 9501
0.706972134336 0.049515416064 9502
0.041027784625 0.042707043039 9503
0.982559287838 0.010874921700 9504
0.045607573314 -0.039495069140 9505
0.780387886415 0.036992925321 9506
0.852111846026 -0.031904761313 9507
0.842764229543 0.152606988187 9508
0.904353265720 -0.022167198799 9509
0.504105796598 -0.062731236966 9510
0.866038278905 13.325048090387 9511
-1.530442455199 1.523177036609 9512
0.501141297112 -0.059224371581 9513
0.716538656253 -0.052187734031 9514
0.909302049461 0.107615904868 9515
0.357563905701 -0.063261873656 9516
0.209761206010 0.062507411595 9517
0.775973047074 0.110296282734 9518
1.393779599116 5.456478023045 9519
0.290892732587 -0.066795971648 9520
-1.891638636100 0.396042870727 9521
51.242564748495 44.461250242744 9522
0.158067095624 0.055380023245 9523
-3.838142627958 0.379118328548 9524
0.629389936390 0.086008118172 9525
0.706965197745 0.062741952139 9526
13.465184503262 16.043753990306 9527
0.465099081528 -0.058065600334 9528
0.203113208768 -0.098977986011 9529
0.723650382250 0.121788823898 9530
0.928936213364 -0.020367506320 9531
0.271972191960 0.060949907611 9532
0.160185144226 0.079935816846 9533
0.961123846674 0.008773513773 9534
0.772433832656 0.057383570021 9535
0.195054938893 -0.646349400443 9536
-0.481530655114 5.568227018163 9537
0.029344490253 0.038962972515 9538
0.038045788907 0.075849569253 9539
0.580952085868 0.061722665732 9540
0.231866748823 0.069239159297 9541
0.170258808039 -0.061373276665 9542
30.222771326947 15.989323145685 9543
0.430523956790 -0.061414979234 9544
0.196763556809 -0.060287695043 9545
1.787151754600 1.663986455523 9546
0.328064991004 -0.135057895693 9547
12.975710693096 -3.487428439327 9548
0.280388748098 -0.066821339753 9549
0.588098331288 0.047448403204 9550
0.911628831665 -0.016978730027 9551
1.006263915349 -0.020476326343 9552
0.843351142378 -0.028625193402 9553
0.825686859671 -0.031201062456 9554
0.301982838769 -0.061121441588 9555
0.462419322437 0.060240919608 9556
0.220148786567 0.067066554051 9557
0.906717471466 -0.131350712606 9558
0.701962843761 0.043567714576 9559
0.559408038770 -0.055607825591 9560
0.653324538574 -0.076876067342 9561
0.152944362957 0.057784963605 9562
0.732965256222 -0.034045940221 9563
0.798920453374 0.049731064894 9564
-4.446317851092 -65.241585466773 9565
0.522740806371 -0.252299082819 9566
0.772282033850 0.034785880731 9567
-2.903045464794 -5.164655971777 9568
0.404710779000 0.065600012269 9569
0.744862105641 -0.032798804191 9570
0.388587359599 -0.067361000071 9571
0.993581559879 -0.008004420775 9572
0.903947737720 -0.018235051983 9573
0.215788950973 -0.067885284081 9574
0.470618187804 0.127933355141 9575
24.142331068314 10.383720312965 9576
0.707684478097 -0.043997863067 9577
0.181699192360 -0.060164218325 9578
0.949881414342 0.011346788575 9579
0.557071844942 -0.059726991760 9580
3.308608683466 0.343083192537 9581
0.481455368580 0.079131573431 9582
0.373678782441 -0.064396020871 9583
0.451925733750 0.056787000134 9584
0.834430192827 -0.055243403415 9585
0.010244348445 -0.018862346331 9586
1.012484822523 0.033394716976 9587
0.441691467817 -0.059225655780 9588
0.680219649449 1.286989376355 9589
0.319824481032 -0.081475065968 9590
-88.145526189158 14.276856536287 9591
1.001274915639 -0.001481375916 9592
0.722532537738 -0.035184757498 9593
0.797083034982 0.027061146618 9594
-2.804316890854 -2.567976867775 9595
0.000682079688 -0.008622550942 9596
0.580095595403 -0.054052035377 9597
0.888281223924 -0.042664751156 9598
0.194011579524 -0.060092881952 9599
0.701183840609 -0.054524497958 9600
0.014626269566 -0.029549474604 9601
0.862252336997 0.043112692190 9602
0.740207759163 -0.039041017873 9603
0.766875659373 0.036348653610 9604
0.954755437914 0.010687086515 9605
1.015544704331 -0.076382917876 9606
0.934594470749 0.012216259140 9607
0.532784835499 -0.081806382435 9608
-0.060959197641 -0.053409061641 9609
0.311944521975 -0.066843962468 9610
0.468448861294 0.068813471617 9611
0.518844795633 0.056390768761 9612
0.732547652209 0.050911560428 9613
0.137427178876 -0.061519226924 9614
0.359104404745 0.104151571549 9615
1.024239038069 0.312470075222 9616
0.342657190245 -0.073187693333 9617
0.931366369300 -0.039734119884 9618
13.374873046413 -9.882291372447 9619
-3.985856694418 -11.962759857700 9620
0.706688730154 0.056361153761 9621
1.003392466889 -0.025571676934 9622
1.004228863951 -0.031837882832 9623
0.996040398038 0.014567532594 9624
0.569077755689 -0.122091203096 9625
0.262730135606 -0.071399051695 9626
0.476675964288 -0.059004702953 9627
0.743120019546 -0.050619368488 9628
0.608512798995 0.144947869161 9629
0.478879818987 0.071493458442 9630
0.726763473006 -1.537973976580 9631
-10.367329920213 -0.643842626273 9632
0.820438089062 0.149047379527 9633
0.458531213495 0.070332723253 9634
0.830386879776 0.029747662912 9635
0.206763055348 -0.061584639274 9636
0.877124677468 -0.031479935576 9637
-32.693690920810 -71.495118373974 9638
0.926642312843 -0.022489585052 9639
0.559336925196 0.058630839519 9640
0.069420596204 0.047892592969 9641
0.972324694292 -0.008766563497 9642
0.063195028217 0.040331479375 9643
0.986470411638 0.005979625361 9644
0.204827797536 -0.061556541835 9645
0.848021330006 -0.023379931708 9646
0.309363668167 0.063319155678 9647
0.019045272109 0.060874213519 9648
0.009954699670 0.056377011845 9649
0.301557888173 0.063851330661 9650
0.622167363959 0.052612364653 9651
0.815409122340 -0.050882687439 9652
0.117408647785 0.066124719406 9653
0.449922343255 0.119085821654 9654
0.007408795188 0.024351633934 9655
0.716231851617 -0.042448934737 9656
0.079014049157 0.046275168806 9657
0.498346689719 0.054102981390 9658
0.178747769940 -0.059117669741 9659
0.299301925214 0.063948996282 9660
0.734262287761 -0.064001610387 9661
1.132622894896 0.450006686820 9662
0.176091808575 -0.058989896288 9663
0.175029045454 -0.060567044032 9664
0.499883776081 0.077398655495 9665
51.900915835267 -56.507554906713 9666
0.643405526367 -0.079585004417 9667
1.008577413833 0.020020732333 9668
0.514477607405 0.060543715504 9669
0.664166904887 0.048185295715 9670
0.674283629216 0.047745855725 9671
0.842586922127 0.024880737833 9672
0.430313107629 -0.065758829773 9673
1.001403648857 -0.068208470783 9674
0.123382098585 0.166815044016 9675
0.388240694014 0.070967445158 9676
4.715598263534 0.611276410835 9677
0.535766894107 -0.051541329945 9678
12.109369991519 1.127406591105 9679
0.894330811355 0.058004710460 9680
0.910441414349 -0.032284489306 9681
0.746402402024 -0.034585144046 9682
2.344071153269 -5.033239907532 9683
0.276573639433 -0.263024023588 9684
0.310584967422 -0.096414666435 9685
0.367032080452 0.073705295211 9686
0.583230876485 -0.117055841814 9687
0.918278184959 0.027981410634 9688
0.638769261513 -0.053285435254 9689
0.922452567591 -0.014012787356 9690
0.149531920870 0.058247555821 9691
0.499097731080 0.059543142924 9692
0.641013120534 0.052816672150 9693
1.031875130698 -2.878913253682 9694
0.801522230160 0.030177497957 9695
0.612178906890 -0.054371706647 9696
2.693478480980 6.177245733403 9697
0.482379944534 0.168058113505 9698
0.200231072796 -0.071125708044 9699
0.364970781560 -0.070668348095 9700
0.907585140069 -0.025721175933 9701
0.375304441251 -0.147345233215 9702
0.734501183816 -0.035890432282 9703
0.619527535808 0.047594017796 9704
0.280796942103 0.063098165376 9705
0.613646211792 0.053611357725 9706
79.956234728158 -44.287587133150 9707
0.863172308961 -0.037289303244 9708
6.642079502630 91.969164361393 9709
19.245958966595 1.592721132824 9710
1.036041279893 -0.980548722593 9711
0.579304655171 0.054409126813 9712
0.267387989527 0.069680662436 9713
0.920847642155 0.014146813311 9714
1.005035573864 0.606558739953 9715
0.699028867943 -0.063885876632 9716
0.518500239514 -55.397440902011 9717
0.196162078077 -0.079780139949 9718
0.964063254916 -0.009171993109 9719
0.928976240854 0.035732543127 9720
-3.637799845196 14.521299923628 9721
0.740159022271 -0.044798419368 9722
0.547740420639 -0.107641615826 9723
0.458822698712 0.097982225948 9724
0.780697931197 -0.028976882426 9725
0.780412461578 0.033074687974 9726
0.321198268264 0.075448777092 9727
0.503607693554 -0.060247997016 9728
0.448075836335 0.068704251032 9729
0.964774646742 0.016691675889 9730
0.959400346607 0.015396864534 9731
0.140433622134 -0.057317467403 9732
0.801521935609 -0.128239458853 9733
6.355772153065 2.906096906236 9734
0.765331130842 0.038260913614 9735
8.872869514985 51.558717775670 9736
0.630563598381 -0.061063379643 9737
0.836639712999 0.027866282307 9738
0.310325610928 -0.064763817802 9739
0.001517707355 -0.034490324701 9740
0.833382235499 0.029913647755 9741
0.866875254917 0.055951001013 9742
-84.996989454881 -30.035470376000 9743
15.312001166374 -74.862893220563 9744
0.739343551729 -0.058460309627 9745
0.979031704523 -0.007057894317 9746
0.704377301365 0.042510414382 9747
0.585140975080 0.047705324436 9748
0.929800778735 0.013569058249 9749
0.481029048991 -0.073344516828 9750
0.148987309348 0.066298417016 9751
0.824201334703 -0.110406604913 9752
0.718309903350 0.051874524369 9753
0.643930132729 -0.052661960510 9754
0.951384884196 -0.013576828968 9755
0.540116007166 0.121503807507 9756
0.223013927417 -0.065650969009 9757
0.772818077773 -0.091945923576 9758
31.380399221759 9.431500833727 9759
0.674890019672 -0.042134095932 9760
-1.674613862235 -6.936118508331 9761
-22.527014134702 8.532046839873 9762
0.595308329040 0.067277173871 9763
0.063508513165 -0.058677986253 9764
0.917478025928 -0.019522037018 9765
0.255140180148 0.064087797463 9766
0.777819833869 0.050406810667 9767
0.736289510730 -0.663099028363 9768
0.559699200859 0.049789244515 9769
0.018103708483 2.246826637344 9770
0.349610519304 -0.073132744279 9771
0.767562411206 -0.036650591906 9772
0.503984680162 -0.078623826023 9773
0.913237528541 -0.013055802397 9774
0.618962823982 -0.073027777283 9775
0.566437701702 0.063229543487 9776
0.394907849657 0.183194921886 9777
0.633558966152 0.052169058070 9778
0.633034138664 0.057348606366 9779
0.128878410286 -0.055244593362 9780
0.225773897413 0.062998978035 9781
0.402272183101 -0.081544037093 9782
0.735954207307 0.033769127932 9783
0.801808648241 -0.047741754088 9784
0.803981042538 -0.028108113493 9785
0.949622145970 0.117858105645 9786
25.685862565460 -0.758538105019 9787
-59.588367221372 54.328863160338 9788
0.281582326105 -0.072772296250 9789
0.835828809732 0.022613214177 9790
0.299864016165 -0.064855653128 9791
0.548182716712 -0.059621778827 9792
0.369078184281 -0.077406249135 9793
0.200944407022 -0.062012782818 9794
0.195609613168 0.064044728199 9795
0.596237452186 -0.077923565084 9796
0.982858160620 0.055560754325 9797
0.456363084034 -0.067271787694 9798
0.278816432796 0.074417249789 9799
0.793119310466 0.053894663431 9800
0.694392615327 0.045425605977 9801
0.374035537203 0.074068238054 9802
0.652267083504 0.058825849810 9803
0.501398592143 0.241682263958 9804
0.573551129390 -0.055997434910 9805
0.635930491737 -0.043464108224 9806
0.396247728770 -0.182842017431 9807
1.038725569906 -0.102387743775 9808
0.099768815775 -0.050082815310 9809
0.098644466034 -0.051586643078 9810
0.081609989294 0.046852898815 9811
0.082185438326 0.048687464807 9812
0.543895865831 0.070110836084 9813
0.525167753425 -0.061109281052 9814
0.635671597957 0.058350883220 9815
-28.776547215464 -46.967142274161 9816
-45.069159234820 28.034154082202 9817
-77.255555288322 16.392880760978 9818
0.784226711880 0.034919934224 9819
0.609116950476 0.054755514356 9820
0.197726144911 0.061011527198 9821
28.225601340055 -70.503127882480 9822
0.228004439075 0.063097879605 9823
0.734024471868 0.063435646112 9824
0.257924706046 -0.067879121833 9825
0.031220328477 -0.176519067104 9826
0.472493787916 0.087298182971 9827
1.032624691761 -1.250178898409 9828
0.281242647475 -0.124460151040 9829
0.724220140886 -0.053212601441 9830
0.249945923974 -0.070748076791 9831
0.660846800351 -0.043693617256 9832
0.715073303689 0.035911983272 9833
1.051570241226 -0.201978583294 9834
0.278976114475 -0.064727096199 9835
0.050702257306 -0.039226055479 9836
0.826815238483 0.032479232304 9837
6.513207419335 -0.003141214192 9838
0.326004907273 0.062560157609 9839
0.316245526112 0.140469538653 9840
1.407404861400 7.136825248231 9841
0.303822982100 0.070043548578 9842
-9.623906805572 -28.315918210313 9843
0.149485408742 -0.183034790954 9844
0.606032876406 0.046060558885 9845
0.292799138596 0.069580972209 9846
0.151274997707 -0.099230557430 9847
0.188593114317 -0.061968871677 9848
0.189657352875 -0.063901882812 9849
0.469998079722 0.057924069216 9850
0.258799466628 0.299839740722 9851
0.491160433394 -0.114083256927 9852
0.833915886282 -0.029356097576 9853
0.983789240234 0.034314914738 9854
0.811356050607 1.064819177593 9855
0.566640187668 -0.055314981068 9856
0.809109330961 -0.072196840785 9857
0.920327788250 0.035020919388 9858
1.444580425673 0.785811806177 9859
0.210702688716 -0.079287278806 9860
0.606446137190 -0.090303121656 9861
0.571686603320 -0.057721403200 9862
11.473526310016 7.832331756212 9863
0.532370656289 -0.058494830573 9864
1.270509334939 -0.051444628547 9865
0.959726499152 -0.043588123845 9866
0.108424917377 0.065887131657 9867
0.694219129983 -0.052652756827 9868
-3.684942439846 11.033128013416 9869
0.527324261134 0.066082318893 9870
0.543453035426 -0.053165946171 9871
0.538458900171 0.054506410482 9872
0.584000885484 0.049729735977 9873
2.069136252524 -6.181669306878 9874
0.958255610755 0.048661553149 9875
0.463861165965 -0.064074218653 9876
0.392116350509 -0.088127355796 9877
0.872802568794 0.024285129972 9878
1.011060923402 0.243821981034 9879
0.697166483464 0.037714939681 9880
0.408248817152 -0.060715507074 9881
0.743707061187 -0.044877662747 9882
-66.015035727035 62.252300926547 9883
0.373497342933 -0.072575482403 9884
0.570166031549 -0.048963539606 9885
0.866939972003 0.026328352444 9886
0.083709961783 -0.045020771712 9887
0.229706846145 0.071344613548 9888
0.940674935725 0.378011811793 9889
0.140546166092 0.057271791097 9890
0.135821818430 0.056513170238 9891
0.654485312343 -0.049952271692 9892
0.533540488841 0.054927133224 9893
0.380848402416 -0.098123778507 9894
0.838814360072 -0.022316825151 9895
0.750409678387 0.040316510426 9896
0.338108985301 -0.063043851993 9897
0.602580285988 0.061606155300 9898
0.397278581143 0.065979217312 9899
0.689594297031 -0.048978607864 9900
0.591723329243 -0.064613399985 9901
0.746196876146 0.038456287104 9902
0.914192908817 0.131435729432 9903
-0.213454219791 2.935407273670 9904
0.307813409421 0.084100342335 9905
0.424544022599 -0.080750818106 9906
0.984178993008 0.007156093608 9907
0.186349621039 -0.101364976149 9908
0.390312872699 -0.061371777798 9909
0.662804168423 0.057422318027 9910
-5.459375907566 -0.112010548282 9911
0.343876411612 -0.113537396745 9912
6.082520988197 8.190417310304 9913
0.116793393513 -0.054604014553 9914
0.578304513962 -0.091861672440 9915
0.526583804128 0.218612560515 9916
0.854944092805 -0.023789047627 9917
0.507316892447 -0.053485216031 9918
0.277393763141 0.062598566320 9919
0.804392412168 -0.174338848026 9920
0.734996000531 0.234602891942 9921
0.248745974642 -0.067710480022 9922
0.265892204927 -0.063446854876 9923
0.404251783330 -0.118736267605 9924
0.688059390317 0.081975415377 9925
0.590110647433 0.173758583371 9926
0.594280351732 -0.072298667796 9927
0.544743459717 0.050897082674 9928
0.361542620932 -0.096550004839 9929
0.407883690207 0.077533027803 9930
0.977152431177 0.004372400399 9931
-4.412746299483 3.079986980413 9932
0.942975290371 -0.015123660061 9933
0.075151784543 0.093047968708 9934
-34.398432747866 68.170915981577 9935
0.474354382315 -0.076396722280 9936
0.584389906885 0.131708436900 9937
0.835046104813 0.055037425376 9938
0.060246549512 0.854239790444 9939
-18.086275311049 -76.891380843461 9940
0.360264913903 0.066217774423 9941
0.077917057779 -0.063071577760 9942
0.683962183337 -0.075613970354 9943
0.633989102932 -0.051787690248 9944
0.563834713479 0.053083253180 9945
0.460070938335 0.064713283238 9946
0.622758817767 -0.052439355888 9947
0.760700873674 0.121652474128 9948
0.159380981805 0.057771020315 9949
0.156379253609 0.057685021368 9950
0.674652017766 0.043537220341 9951
0.680820021384 0.045376597759 9952
0.093352927967 0.071630770767 9953
0.258538063592 0.163465238811 9954
0.968907804600 0.045391747474 9955
1.883519150550 1.191437654215 9956
-8.664105841545 36.250670629379 9957
0.364985175209 -0.060201473925 9958
0.646117636421 -0.201144270453 9959
0.256909192792 -0.063195820221 9960
0.709015368163 0.079852544732 9961
0.869155629379 0.032389730040 9962
0.249388469999 0.063026247501 9963
0.239738209594 -0.067424133961 9964
0.652163832280 -0.066978330704 9965
0.064033916637 -0.082273877271 9966
0.411541593513 -0.065276085459 9967
0.583620787927 -0.047897088113 9968
-1.201790474734 -0.323214158145 9969
0.429364654955 0.060786503502 9970
3.546478096045 2.257615380384 9971
0.283788652643 0.114891497720 9972
0.723048936962 0.104381407383 9973
0.295206808452 -0.074908973745 9974
0.457986193438 -0.060408944151 9975
0.881937455719 0.016757351913 9976
0.144296443068 -0.056014219734 9977
0.517822014092 4.713354196348 9978
0.552605049710 -0.119124731529 9979
0.084907176718 -0.093799415159 9980
0.289552704883 -0.064797089220 9981
0.338220341458 -0.187526463895 9982
0.141607244480 -0.055769814541 9983
0.228072961679 -0.063368026328 9984
0.574652732083 0.048604553967 9985
0.802300279648 -0.059782502163 9986
0.413227361667 -0.061196301004 9987
0.174541089321 0.056729931461 9988
0.667351846128 -0.060390945163 9989
0.598561325009 -0.046673488228 9990
0.361360123353 -0.082084324012 9991
0.083446715030 0.065558216302 9992
0.369472033044 -0.066694899958 9993
0.230964399422 -0.067304842221 9994
1.066391285160 0.499187042260 9995
0.056501912302 -0.251888279318 9996
0.000176652193 -0.023596487554 9997
0.549529834076 0.052274463043 9998
0.853011657352 -0.027440793626 9999
0.290952776628 0.099522618686 10000
5.461488496386 -76.985888882227 10001
0.323109801256 0.063922023111 10002
20.109860074217 -37.784412362584 10003
0.629002565838 -0.069054529851 10004
0.956558135110 0.009837387112 10005
0.382154761465 -0.088937974711 10006
0.612618457594 0.071990827305 10007
0.948322854371 -0.013110405894 10008
0.929381017202 -0.014341365866 10009
0.264697339316 -0.084470188437 10010
0.819496609045 0.024341668744 10011
0.683660820158 0.075369231279 10012
0.247894652001 -0.062981644958 10013
0.188468816536 -0.076410551843 10014
0.126367480535 -0.071873064099 10015
0.864233208726 -1.402423969522 10016
0.790058624414 -0.156835575498 10017
0.593409516405 -0.089795765290 10018
0.395212210919 -0.061932902277 10019
0.135300917314 -0.055304942144 10020
0.690843051462 -0.044256728482 10021
16.745747005583 4.381779271377 10022
0.270478374318 -0.060909717362 10023
0.482611937309 -0.058468201576 10024
0.805887360385 0.030141380555 10025
-1.537980106381 -0.988822893686 10026
0.608653558716 -0.077357227744 10027
0.764277219598 -0.030767764141 10028
0.076499409588 -0.043509740367 10029
0.362086314565 0.063221447151 10030
0.198258764059 -0.064341155658 10031
0.200484888409 -0.064755802461 10032
0.213350487745 -0.061943914714 10033
0.793656937660 0.068773840202 10034
1.320074184985 0.260976136733 10035
0.614654428824 0.066694578705 10036
0.169702427639 0.058861750703 10037
0.615465471438 0.050310847608 10038
0.828642287147 0.086570060676 10039
0.796858968290 -0.045320618791 10040
0.238882797743 -0.062722385189 10041
0.800056258390 -0.026657286450 10042
0.166819599729 0.058642265451 10043
0.056034490378 0.038497057148 10044
0.563986376966 -0.055025991330 10045
0.918121775591 0.049883751510 10046
0.114663617029 0.053678374860 10047
0.878597067847 -0.020819995348 10048
1.226283080553 -0.617878873600 10049
0.133245482927 0.072767369933 10050
0.134172682860 -0.052847783992 10051
0.229927728193 0.087313392128 10052
0.132397094802 -0.055170473401 10053
0.647087478013 0.160031848548 10054
0.028491009557 -0.039864801537 10055
0.753758021981 -0.038435094193 10056
0.384931548709 -0.320647447521 10057
-62.420181322411 -48.652867291178 10058
0.269113435174 0.062994395762 10059
0.531721386619 0.054557157198 10060
0.789141943977 0.035323024691 10061
0.069794425178 -0.060966050433 10062
0.661185336495 0.066379882341 10063
0.493277416248 -0.098326290770 10064
0.777591549211 0.040000145950 10065
0.956342820241 -0.007264672571 10066
0.651841503425 -0.050475494558 10067
0.819722125170 0.039725829296 10068
0.554217444977 0.056403400513 10069
0.900311653593 -0.020993148403 10070
0.904833782866 6.295962905154 10071
0.232054615481 -0.070424086009 10072
0.643067184934 0.111019901241 10073
0.398080393768 0.107211404197 10074
0.220832037548 -0.062526752681 10075
-1.082678347044 -2.050077304928 10076
0.758425234154 -0.080112028916 10077
0.217184815916 0.296263598114 10078
0.975846231812 0.012836123307 10079
0.851105459639 0.030866357086 10080
0.790892553851 -0.050987234945 10081
0.485028186449 0.057654866616 10082
0.540794150673 0.057391287477 10083
0.417597100245 0.295911445120 10084
0.883386271517 0.020136834692 10085
0.032337300942 -0.035049580987 10086
0.896848966152 -0.015149870866 10087
0.847271799929 0.029521299502 10088
0.858086017135 -0.034130556818 10089
0.511339900875 -0.060679909668 10090
0.746099136098 -0.083271432378 10091
-10.120969029805 64.338083444788 10092
0.147211715246 -0.057156562740 10093
0.893490803438 -0.020767665496 10094
0.894771960991 -0.269487431364 10095
0.294633461654 -0.083854988160 10096
0.585618122923 0.055118560588 10097
0.567013908108 0.060158674647 10098
0.371859105843 -0.065560721669 10099
-9.004508479203 -76.324575214842 10100
38.348039931320 40.903239918809 10101
0.996370144754 0.035226705437 10102
-44.880342962284 79.923741711224 10103
0.387479966035 0.059540772624 10104
0.646775638642 0.060367723068 10105
0.345225469421 0.308101511479 10106
0.877511135700 0.033496220932 10107
0.856261108823 -0.060777034955 10108
10.619532073466 -6.864411090940 10109
0.760735163029 -0.036631562601 10110
0.284337641257 0.063956198504 10111
0.811558808068 0.033320955911 10112
1.208397333812 -1.587731052379 10113
14.622956334870 11.268159360566 10114
0.517564351263 0.070497394823 10115
0.969700552588 -0.005374503290 10116
1.424455065181 -0.563031593299 10117
0.369477644926 0.060081518936 10118
0.433070139396 -0.063225827063 10119
0.060983448276 0.044793042755 10120
-35.706711480043 14.447173061641 10121
0.291626416344 0.088382600564 10122
0.621741972490 -0.048309229395 10123
-30.486885408305 86.700270849938 10124
0.991984003983 0.002253253738 10125
17.878233887545 44.743787031713 10126
0.984559610556 -0.003315815987 10127
0.009403013379 0.027762874264 10128
0.687347644639 0.046124664639 10129
0.117006512639 0.054105239471 10130
0.542203882889 -0.058281654209 10131
-0.075604694816 0.118954398626 10132
0.761494783931 0.039263755446 10133
0.038660908587 -0.033005563162 10134
0.636835587241 -0.095496868846 10135
-13.370632929454 -7.248256676605 10136
0.467839065493 -0.068280411355 10137
0.120392732664 -0.053098698621 10138
0.482316895788 0.063096136061 10139
0.754506393661 -0.042723691373 10140
0.439336913716 -0.222496589186 10141
0.818831971087 0.027969476322 10142
0.186119961332 0.073534613108 10143
0.483481700802 0.111186789719 10144
3.808081881726 -4.705981122517 10145
0.840007608682 -0.037592471009 10146
0.069766334709 -0.051656171551 10147
-89.063253698221 -20.110117759839 10148
-10.049521615184 -13.305199419799 10149
1.128885733016 0.165519147679 10150
0.216474794784 0.059332671964 10151
0.432479468040 -0.107845151242 10152
0.850861808923 -0.023621326870 10153
0.797477964097 -0.041380203042 10154
0.691627637023 0.044518306131 10155
-1.352368894511 3.134664799085 10156
0.332227567336 0.095899118581 10157
0.257138196891 0.076298640696 10158
0.927492204984 -0.018014327995 10159
0.424590680350 -0.061500234971 10160
0.672164060351 0.049801480020 10161
0.478876746148 0.055252797408 10162
0.904301940454 0.020956146931 10163
1.184043315397 0.138852413195 10164
0.932091744726 0.017308627897 10165
0.162207761612 -0.057675850257 10166
23.750247695826 61.637989550973 10167
0.430204346638 -0.094930556106 10168
0.261465388333 -0.060746552290 10169
0.631877204255 -0.046593155037 10170
-0.052615220169 0.175869631857 10171
0.422678260016 0.108437962779 10172
0.314132776084 -0.070892081954 10173
0.438449105821 0.057433853457 10174
0.464190257773 0.065571582785 10175
0.952565139111 0.012846638693 10176
0.545887208591 -0.052686350490 10177
0.415063009678 -0.088419013490 10178
0.891776344719 0.023697282474 10179
0.775811192555 0.089676595238 10180
-2.412711967685 -28.863613219592 10181
0.546175917224 -0.407357655915 10182
0.082944370541 0.052840512225 10183
0.797626571939 0.032275977352 10184
0.941476287046 0.009192244582 10185
0.828256923216 0.028909884984 10186
0.869329269507 0.106572926119 10187
0.797105655231 -0.026995020988 10188
0.420798727957 0.080358181405 10189
0.711787916623 0.042118956937 10190
6.618270975380 4.025684794141 10191
0.736389668742 0.038960253043 10192
0.252464038725 -0.060555252880 10193
0.440627077062 0.073015452448 10194
0.159557473944 -0.057459267183 10195
0.355990837160 0.060420807413 10196
0.670436058263 0.075605433835 10197
0.697865554373 0.042934718935 10198
0.672148061221 -0.075111350830 10199
0.957802534422 -0.017371258062 10200
0.684594387780 -0.047177545147 10201
0.675910031863 0.066183062406 10202
0.550967080634 0.058847310603 10203
0.243463527512 -0.060318498995 10204
0.217775825698 -0.061418528383 10205
0.515263015601 -0.322266632199 10206
0.316989132187 0.061035361172 10207
0.234457165967 -0.060029825255 10208
0.724244052906 -0.043742308923 10209
-31.400484978813 27.289155836907 10210
0.557095563130 -0.052566704933 10211
0.965398890467 -0.030318834065 10212
35.379518303090 -18.549107760778 10213
0.348269512878 -0.067834198457 10214
0.615965853020 -0.051044559870 10215
0.289970974934 0.061089339607 10216
0.400958261557 -0.058943729525 10217
0.676884386585 -0.097441249349 10218
0.758367443113 0.038156295489 10219
1.261334501745 0.424187070625 10220
0.999446436743 -0.001227137525 10221
0.001966016267 -0.019368720717 10222
-19.573434458295 -88.003337510758 10223
0.624921518012 -0.054073140361 10224
0.598772413019 -0.051949822636 10225
0.446861971077 0.133372728889 10226
0.888485397849 0.023318932492 10227
0.240483079994 -0.131687398143 10228
0.925297770029 -0.014220297566 10229
0.553168497802 -0.054272404257 10230
0.696503766388 -0.041405043618 10231
1.288129987261 0.582657465715 10232
0.873859561891 -0.033219482526 10233
0.293478390363 -0.066422168468 10234
0.996783319883 -0.011206166381 10235
0.941107901277 0.059519827350 10236
0.459323101200 -0.066552455030 10237
0.840415605896 0.088472889799 10238
0.163857616071 -0.283409491139 10239
0.207468732222 0.058875333011 10240
0.915114988317 -0.074363340336 10241
0.717076576573 0.044971931032 10242
0.442002123093 -4.586598282312 10243
0.829423934693 0.047576613957 10244
0.227278729181 -0.129711845031 10245
0.894403236862 0.017823852390 10246
0.608697720855 -0.057839313691 10247
0.305648190773 -0.068412933478 10248
0.099507363755 -0.107178319129 10249
0.816450930744 0.050399144282 10250
0.652398009099 0.043853878404 10251
-0.043658136698 0.064588925651 10252
0.886450301977 0.100713671168 10253
-20.712673137568 -27.029846213262 10254
-0.472132589132 -0.628317557113 10255
0.933400573108 0.169663996675 10256
0.932671129399 -0.024589738667 10257
0.602655654179 -0.053707465004 10258
0.098459975483 0.052548808864 10259
14.537371793955 -7.395635237287 10260
0.080781152975 0.044359945688 10261
0.147615995798 0.054322221168 10262
0.665586534257 0.077564805022 10263
-18.745477660392 -20.342657116333 10264
0.165404527882 -0.058565264134 10265
-0.071265135562 -0.467806023000 10266
0.536241212098 0.074413329537 10267
0.125805075703 0.067974567309 10268
0.481114721878 -0.091681786268 10269
56.080931832014 -74.539865655256 10270
0.696882060735 -0.159999418969 10271
0.108841971395 0.052706081654 10272
0.093715800417 -0.085427846493 10273
0.705440732266 0.154936547046 10274
31.918223380442 24.457533339390 10275
-1.783102867313 0.814743039679 10276
-0.034774461607 -0.101355437358 10277
0.524628945844 0.060168172794 10278
0.522935476808 0.062441525070 10279
0.744710852447 0.036845998178 10280
0.373138112910 0.070779528192 10281
0.475469838964 0.062183935464 10282
0.586652880565 -0.056463058283 10283
2.685909289032 9.095918737205 10284
5.249202833739 -22.081432056932 10285
0.180062884130 0.070148367543 10286
0.937016863289 -0.009791101130 10287
0.950714270918 -0.028905388239 10288
70.723607344838 -29.401799304888 10289
0.474551218429 -0.062115100692 10290
0.665001422130 -0.084762298476 10291
0.726586928430 -0.042333002834 10292
0.757380543028 0.056944782688 10293
1.050246197656 0.182206135593 10294
0.822818964421 0.032145466038 10295
43.051762519829 29.765335817905 10296
0.811811177801 0.029188940351 10297
0.569427248785 0.096862612989 10298
-18.225126185948 88.695320737305 10299
0.425377993390 0.066544621104 10300
0.894541425850 0.048499234808 10301
0.305094597872 0.063114549022 10302
0.562928906782 -0.061964264567 10303
0.385666229839 -0.066060064638 10304
-15.759122236060 42.826270472843 10305
38.345445477603 -69.119190982223 10306
0.615188659638 -0.069583279170 10307
0.628694476639 0.046103173766 10308
0.661307600189 -0.040975397082 10309
0.697462051424 -0.045383784573 10310
0.664283112723 -0.040786947294 10311
26.703329409946 27.280137353608 10312
0.877105003450 -0.095948510839 10313
0.823541162596 -0.056886626928 10314
0.949621895866 0.261613168143 10315
0.316561407675 -0.132492471449 10316
0.145823968846 -0.070438185930 10317
0.890598280542 0.019597832672 10318
0.282932217308 -0.066514381721 10319
0.710160603469 -0.045874137088 10320
0.278313885389 -0.096961452264 10321
0.854225415165 0.095498609209 10322
0.866216060681 -0.050804404156 10323
0.914854173391 0.035933864937 10324
-33.530092256724 52.178776810064 10325
-2.006997272593 -1.802164201856 10326
0.239254779533 -0.210738738946 10327
0.785222341216 -0.031330858631 10328
0.651199709191 0.050782388094 10329
0.363790209418 -0.221947395226 10330
-0.557773343679 3.768867093707 10331
0.273637712804 0.242560093888 10332
0.629111863578 0.061730686102 10333
15.575376493051 90.075168495022 10334
0.786678047944 0.059735867638 10335
0.457896491170 -0.056316117701 10336
0.813243814504 0.116195135790 10337
0.454904010426 -0.056541484958 10338
0.834947985522 -0.025580843498 10339
0.972228497649 -0.049179150395 10340
0.681020829636 0.047959284135 10341
0.393760941553 0.070642460945 10342
0.342481397375 -0.060679905991 10343
1.281921676807 1.112040775613 10344
0.609773853183 -0.053191079095 10345
-9.250896564550 -90.880902876316 10346
0.815415467176 0.083789760557 10347
0.605229471659 -0.052353349317 10348
0.592840867051 0.056858207054 10349
0.531552518542 -0.054355865846 10350
0.402502348290 -1.777334002898 10351
0.513949837200 -0.059294138136 10352
3.175469878290 1.293284904665 10353
3.628286274624 1.135124490941 10354
0.861111668584 -0.022910351173 10355
0.629349433162 -0.051574188875 10356
0.111069705177 0.053012332829 10357
0.640508962868 -0.045555104516 10358
0.626957404536 0.043957817765 10359
1.014711105961 10.575348843554 10360
0.378399483813 -0.062297186478 10361
0.897025957023 0.017470393901 10362
0.722092532516 0.047470009828 10363
86.060391061286 -28.658436077180 10364
0.670283394072 -0.040282747267 10365
0.844771433933 -0.043615421470 10366
0.858959340155 0.024718637939 10367
62.865682473540 -8.489499265792 10368
0.749555515400 -0.039170295512 10369
0.861870323559 0.467431743942 10370
-21.670200902721 28.897839696290 10371
0.102494583839 -0.050480372648 10372
0.681732184471 0.060455521993 10373
0.410506126584 0.063233149182 10374
-8.266779898463 -15.952463290030 10375
0.486177714651 0.061144726295 10376
0.976710246822 0.234480672416 10377
0.139184465226 0.064350316872 10378
15.577420622084 6.835550113524 10379
-24.939801969767 45.798947949210 10380
0.636441387058 0.045893272933 10381
1.147365920518 -0.514986905173 10382
0.553691321590 0.050145928794 10383
0.571692362372 0.056343899317 10384
0.814646482005 0.032281123091 10385
-13.439679516964 3.172380923117 10386
0.550702819656 0.050385798596 10387
0.711970452982 -0.055325512711 10388
0.138660822974 0.053330357064 10389
0.294971831496 -0.068494113907 10390
0.651237751584 0.046847140150 10391
0.257980842226 0.084649889257 10392
0.626230008184 0.047625962896 10393
0.661491525466 0.049861750256 10394
0.903712353378 0.038184202835 10395
4.795781605257 6.548263000519 10396
0.384776272919 -0.062588868552 10397
0.924172622947 0.013501562771 10398
0.259243399667 -0.071126371551 10399
0.436769278720 -0.066153110973 10400
0.873639286510 0.028247480266 10401
0.342608367668 0.062955835429 10402
0.471113880743 -0.061691071124 10403
-2.006226470798 -3.972650582697 10404
0.501206189986 0.069894422475 10405
0.665355645298 -0.047471053589 10406
0.720813132309 -0.038783303433 10407
0.809019079915 -0.025704957270 10408
0.683782445258 -0.039034612980 10409
0.811963916513 -0.025475657793 10410
0.828958706375 0.024830738230 10411
0.262984391330 0.063756518243 10412
0.501900894370 0.106978510321 10413
0.595319034236 0.050602342148 10414
2.091423287233 -0.812305802884 10415
0.631400066048 0.045804289458 10416
0.292798600719 -0.070701601202 10417
0.524153631888 -0.054751046536 10418
0.507481130254 -0.058750188152 10419
-2.177447626664 4.689384188688 10420
0.641336045225 0.088690433890 10421
0.606442686302 0.057043773213 10422
0.217899321202 0.238531903981 10423
0.962620342836 0.074709707672 10424
0.603289073188 0.069563696819 10425
0.770255058330 -0.030000103406 10426
48.191975309911 62.755319818052 10427
30.261549637915 -40.245431975612 10428
0.664302131867 0.044293478400 10429
0.974246710266 0.011020183021 10430
0.489442202309 -0.063848632930 10431
37.647973276808 3.363339961136 10432
0.273937382380 -0.082386021634 10433
0.845926709714 0.068643099813 10434
0.328922849267 -0.060929112997 10435
2.171196283307 0.475425810105 10436
0.712044206693 0.062399876379 10437
0.006403872976 -0.050518454417 10438
0.298810598404 0.068844455453 10439
0.113271591014 0.061723759826 10440
0.646768405966 0.050573429322 10441
0.379040441009 0.064331073776 10442
0.393664051488 -0.065982130758 10443
0.177282869363 0.058975628525 10444
0.392230679690 0.061076591913 10445
0.711620085876 0.055697480682 10446
1.140632517945 0.272875694536 10447
0.380420465460 0.165542109733 10448
0.538775487419 -0.061248909013 10449
0.450351596721 -0.066780717115 10450
0.529000925319 0.062785132965 10451
0.713334165548 -0.082865539473 10452
0.442805826548 0.111275850603 10453
0.273372181960 0.062904885040 10454
-13.793475366325 9.327111404838 10455
1.130973259800 -0.015272190731 10456
1.141207635153 -0.052731241399 10457
0.757601752054 0.034769291479 10458
0.521030578356 0.071050014386 10459
0.581197645832 0.049467750905 10460
0.822360093563 0.024278405925 10461
0.569956763092 -0.068822994242 10462
0.208491811952 -0.067048051795 10463
0.568091021386 0.055622240748 10464
0.924121258357 0.046865844927 10465
0.536104823423 0.056373326016 10466
0.126479973963 0.646039876059 10467
0.774600544349 0.036743402855 10468
0.089231880950 0.047956149265 10469
0.909175049692 0.064764510541 10470
0.902786749974 -0.014224372365 10471
0.714549837948 -0.043811446611 10472
0.452550171884 0.062137406528 10473
-48.561228440456 -40.746187770833 10474
0.324165055852 -0.071447907707 10475
0.303668743565 -0.183298714286 10476
0.735830318371 0.075495346217 10477
0.852323305129 0.028537611276 10478
0.567695889717 0.073631839824 10479
0.562370998379 -0.074898234296 10480
0.957808661419 0.010030562667 10481
0.947349916580 -0.075348391609 10482
0.363507531513 -0.091454944016 10483
0.151600684140 1.677419695519 10484
0.829163661790 0.185247946021 10485
0.616009934735 0.059257436562 10486
0.885043392942 0.123990598633 10487
0.439914013027 -0.106145536979 10488
0.000262472751 0.206275843315 10489
0.108039691955 0.101871547239 10490
0.698516619081 0.210760477636 10491
9.680563565544 -11.047332808456 10492
0.715350800116 0.040824602477 10493
0.327480134866 0.060755952998 10494
0.442938097510 0.062539588477 10495
0.479380031054 0.060577203804 10496
0.047935863618 -0.038339949265 10497
0.793621780239 -0.069082166615 10498
0.346983164160 0.060588701214 10499
0.711339313784 -0.261000328068 10500
0.138408042526 -0.056474391907 10501
-2.662394852491 -0.474400877462 10502
0.519524956221 0.060083714985 10503
0.659545336974 -0.045220141996 10504
0.677297343675 0.045841582607 10505
1.053762813296 0.020402287120 10506
0.650030052347 -0.043455548891 10507
-5.164883661906 -1.953710221346 10508
0.942524220825 0.027115291736 10509
0.930773831854 0.010749756334 10510
1.147520009081 3.546641741269 10511
0.315794710410 -0.075769474972 10512
0.669737087698 -0.050396078417 10513
0.467185220176 0.058474827547 10514
0.983869968827 -0.083654458695 10515
0.389858855701 -0.226729433771 10516
0.397886255690 -0.256756583477 10517
0.768848574601 0.036132912199 10518
0.958549976546 -0.032782656688 10519
0.867510966970 -0.032544672772 10520
0.755872765148 0.065965298598 10521
0.492326677781 0.054352708174 10522
0.775218059056 -0.042800973276 10523
0.489362420172 0.054496653279 10524
0.472212945663 -0.148568450304 10525
0.419876659368 0.066275568578 10526
0.803955063425 -0.043104530712 10527
0.284507368839 -0.068347916000 10528
0.468881058249 -0.237596940160 10529
0.938076723855 -0.027991336071 10530
0.147733134067 -0.080657289034 10531
0.322446161371 -0.066896250300 10532
0.292339994381 0.133839042806 10533
0.425137976004 0.129189158921 10534
-40.530736069065 -16.324372551728 10535
0.920142458594 0.016639216844 10536
0.737172204345 -0.035048454048 10537
0.575271406163 0.053851573355 10538
0.152429110031 0.061707904437 10539
0.601205469542 0.058184996588 10540
0.426136604288 0.062647047957 10541
-0.707123046210 -1.022158634279 10542
0.412054507656 0.063967213658 10543
0.358899816237 -0.066772860760 10544
0.252503598208 0.071623140060 10545
0.405118291885 0.068268755033 10546
0.588177775449 -0.065810183529 10547
0.832192747968 0.033697699826 10548
0.667694266740 -0.046836161570 10549
1.838601524329 -1.146331103223 10550
0.606556789959 0.051259225295 10551
0.546699543254 0.060711148371 10552
0.526101991727 0.080350249156 10553
0.353542626750 0.436565567727 10554
0.443791744943 -0.371973414118 10555
0.165301023815 0.084075737428 10556
0.256713604075 0.065294749576 10557
0.444585631410 0.059735518803 10558
0.634124500883 -0.143710038328 10559
0.184919913438 0.059183634862 10560
11.073938289486 -22.501374454228 10561
6.359722797665 -56.567427158443 10562
0.555202914136 0.373163314338 10563
0.976699291327 -0.008155953560 10564
1.330617695669 -0.807733672439 10565
0.876028033664 -0.017737193343 10566
0.214001557209 -0.113021710020 10567
0.224783941994 -0.116465386060 10568
0.642156261197 0.296641853376 10569
0.509113772027 0.077391895764 10570
0.903203124954 0.119823348086 10571
0.548227653812 -0.142762798161 10572
0.647418890713 0.043841612610 10573
0.968947133288 -0.062465558665 10574
0.784465952835 -0.036342880568 10575
0.409990333365 -0.942099199524 10576
0.692507931469 0.070582988349 10577
0.122076240723 0.052909890392 10578
0.669193202235 0.047656826025 10579
0.775789208415 0.035309028917 10580
0.980595276998 0.011862380891 10581
0.289945819128 -0.550419922628 10582
0.866064190462 0.031809499188 10583
8.755016489513 10.268055857668 10584
0.542373362999 0.059175103753 10585
0.777254914995 0.058286359602 10586
0.340362634464 0.081301600647 10587
0.999491178665 -0.007028136166 10588
0.692294228205 -0.133263782912 10589
0.035615881400 0.049637001778 10590
0.170068027210 -1.002637112112 10591
-39.303780403834 -81.328454134537 10592
5.306123051716 4.512532015448 10593
1.418882073119 0.387037006880 10594
0.895516267503 -0.031441135599 10595
51.745813337071 21.818325446019 10596
0.463885291787 -0.056095977680 10597
1.007032912693 0.050698530149 10598
0.569911921922 -0.102904359921 10599
0.773284003713 -0.031678346389 10600
-15.499103952434 -2.749158825370 10601
0.437452671061 -0.070706193214 10602
0.411772641067 -0.058643023963 10603
1.016471880422 -0.048730823545 10604
0.993927395413 -0.463111017439 10605
0.788149938277 0.028034570116 10606
0.647856300080 -0.044705815079 10607
0.471617678099 -0.098540379112 10608
0.659681173607 -0.074399895250 10609
0.074080022939 -0.101600758604 10610
-2.021075916462 2.220350861384 10611
0.211853603784 0.061769587909 10612
0.125318346722 -0.055555166131 10613
0.351483480839 -0.060432806058 10614
0.160765111459 -0.077678274094 10615
0.240270922353 0.072508949868 10616
0.783191673832 -0.044191135862 10617
0.946876766710 -0.017007531828 10618
0.393783770770 -0.059333757813 10619
0.581924738314 0.073204782640 10620
0.186327601146 -0.059760553917 10621
0.750683490507 0.035952635567 10622
0.280017581846 -0.114673542902 10623
0.966317277583 -0.017484498215 10624
0.471577046358 -0.111790217127 10625
0.244201628161 0.068721422976 10626
0.562711580298 -0.069638191898 10627
0.110940156195 -0.053148792041 10628
0.634967097968 0.049344627705 10629
0.129278995751 0.054341715271 10630
0.380702095549 0.065108421519 10631
NMARK= 2
MARKER_TAG= airfoil
MARKER_ELEMS= 1360
3 0 5
3 5 6
3 6 7
3 7 8
3 8 9
3 9 10
3 10 11
3 11 12
3 12 13
3 13 14
3 14 15
3 15 16
3 16 17
3 17 18
3 18 19
3 19 20
3 20 21
3 21 22
3 22 23
3 23 24
3 24 25
3 25 26
3 26 27
3 27 28
3 28 29
3 29 30
3 30 31
3 31 32
3 32 33
3 33 34
3 34 35
3 35 36
3 36 37
3 37 38
3 38 39
3 39 40
3 40 41
3 41 42
3 42 43
3 43 44
3 44 45
3 45 46
3 46 47
3 47 48
3 48 49
3 49 50
3 50 51
3 51 52
3 52 53
3 53 54
3 54 55
3 55 56
3 56 57
3 57 58
3 58 59
3 59 60
3 60 61
3 61 62
3 62 63
3 63 64
3 64 65
3 65 66
3 66 67
3 67 68
3 68 69
3 69 70
3 70 71
3 71 72
3 72 73
3 73 74
3 74 75
3 75 76
3 76 77
3 77 78
3 78 79
3 79 80
3 80 81
3 81 82
3 82 83
3 83 84
3 84 85
3 85 86
3 86 87
3 87 88
3 88 89
3 89 90
3 90 91
3 91 92
3 92 93
3 93 94
3 94 95
3 95 96
3 96 97
3 97 98
3 98 99
3 99 100
3 100 101
3 101 102
3 102 103
3 103 104
3 104 105
3 105 106
3 106 107
3 107 108
3 108 109
3 109 110
3 110 111
3 111 112
3 112 113
3 113 114
3 114 115
3 115 116
3 116 117
3 117 118
3 118 119
3 119 120
3 120 121
3 121 122
3 122 123
3 123 124
3 124 125
3 125 126
3 126 127
3 127 128
3 128 129
3 129 130
3 130 131
3 131 132
3 132 133
3 133 134
3 134 135
3 135 136
3 136 137
3 137 138
3 138 139
3 139 140
3 140 141
3 141 142
3 142 143
3 143 144
3 144 145
3 145 146
3 146 147
3 147 148
3 148 149
3 149 150
3 150 151
3 151 152
3 152 153
3 153 154
3 154 155
3 155 156
3 156 157
3 157 158
3 158 159
3 159 160
3 160 161
3 161 162
3 162 163
3 163 164
3 164 165
3 165 166
3 166 167
3 167 168
3 168 169
3 169 170
3 170 171
3 171 172
3 172 173
3 173 174
3 174 175
3 175 176
3 176 177
3 177 178
3 178 179
3 179 180
3 180 181
3 181 182
3 182 183
3 183 184
3 184 185
3 185 186
3 186 187
3 187 188
3 188 189
3 189 190
3 190 191
3 191 192
3 192 193
3 193 194
3 194 195
3 195 196
3 196 197
3 197 198
3 198 199
3 199 200
3 200 201
3 201 202
3 202 203
3 203 204
3 204 205
3 205 206
3 206 207
3 207 208
3 208 209
3 209 210
3 210 211
3 211 212
3 212 213
3 213 214
3 214 215
3 215 216
3 216 217
3 217 218
3 218 219
3 219 220
3 220 221
3 221 222
3 222 223
3 223 224
3 224 225
3 225 226
3 226 227
3 227 228
3 228 229
3 229 230
3 230 231
3 231 232
3 232 233
3 233 234
3 234 235
3 235 236
3 236 237
3 237 238
3 238 239
3 239 240
3 240 241
3 241 242
3 242 243
3 243 244
3 244 245
3 245 246
3 246 247
3 247 248
3 248 249
3 249 250
3 250 251
3 251 252
3 252 253
3 253 254
3 254 255
3 255 256
3 256 257
3 257 258
3 258 259
3 259 260
3 260 261
3 261 262
3 262 263
3 263 264
3 264 265
3 265 266
3 266 267
3 267 268
3 268 269
3 269 270
3 270 271
3 271 272
3 272 273
3 273 274
3 274 275
3 275 276
3 276 277
3 277 278
3 278 279
3 279 280
3 280 281
3 281 282
3 282 283
3 283 284
3 284 285
3 285 286
3 286 287
3 287 288
3 288 289
3 289 290
3 290 291
3 291 292
3 292 293
3 293 294
3 294 295
3 295 296
3 296 297
3 297 298
3 298 299
3 299 300
3 300 301
3 301 302
3 302 303
3 303 304
3 304 305
3 305 306
3 306 307
3 307 308
3 308 309
3 309 310
3 310 311
3 311 312
3 312 313
3 313 314
3 314 315
3 315 316
3 316 317
3 317 318
3 318 319
3 319 320
3 320 321
3 321 322
3 322 323
3 323 324
3 324 325
3 325 326
3 326 327
3 327 328
3 328 329
3 329 330
3 330 331
3 331 332
3 332 333
3 333 334
3 334 335
3 335 336
3 336 337
3 337 338
3 338 339
3 339 340
3 340 341
3 341 342
3 342 343
3 343 344
3 344 345
3 345 346
3 346 347
3 347 348
3 348 349
3 349 350
3 350 351
3 351 352
3 352 353
3 353 354
3 354 355
3 355 356
3 356 357
3 357 358
3 358 359
3 359 360
3 360 361
3 361 362
3 362 363
3 363 364
3 364 365
3 365 366
3 366 367
3 367 368
3 368 369
3 369 370
3 370 371
3 371 372
3 372 373
3 373 374
3 374 375
3 375 376
3 376 377
3 377 378
3 378 379
3 379 380
3 380 381
3 381 382
3 382 383
3 383 384
3 384 385
3 385 386
3 386 387
3 387 388
3 388 389
3 389 390
3 390 391
3 391 392
3 392 393
3 393 394
3 394 395
3 395 396
3 396 397
3 397 398
3 398 399
3 399 400
3 400 401
3 401 402
3 402 403
3 403 404
3 404 405
3 405 406
3 406 407
3 407 408
3 408 409
3 409 410
3 410 411
3 411 412
3 412 413
3 413 414
3 414 415
3 415 416
3 416 417
3 417 418
3 418 419
3 419 420
3 420 421
3 421 422
3 422 423
3 423 424
3 424 425
3 425 426
3 426 427
3 427 428
3 428 429
3 429 430
3 430 431
3 431 432
3 432 433
3 433 434
3 434 435
3 435 436
3 436 437
3 437 438
3 438 439
3 439 440
3 440 441
3 441 442
3 442 443
3 443 444
3 444 445
3 445 446
3 446 447
3 447 448
3 448 449
3 449 450
3 450 451
3 451 452
3 452 453
3 453 454
3 454 455
3 455 456
3 456 457
3 457 458
3 458 459
3 459 460
3 460 461
3 461 462
3 462 463
3 463 464
3 464 465
3 465 466
3 466 467
3 467 468
3 468 469
3 469 470
3 470 471
3 471 472
3 472 473
3 473 474
3 474 475
3 475 476
3 476 477
3 477 478
3 478 479
3 479 480
3 480 481
3 481 482
3 482 483
3 483 484
3 484 485
3 485 486
3 486 487
3 487 488
3 488 489
3 489 490
3 490 491
3 491 492
3 492 493
3 493 494
3 494 495
3 495 496
3 496 497
3 497 498
3 498 499
3 499 500
3 500 501
3 501 502
3 502 503
3 503 504
3 504 505
3 505 506
3 506 507
3 507 508
3 508 509
3 509 510
3 510 511
3 511 512
3 512 513
3 513 514
3 514 515
3 515 516
3 516 517
3 517 518
3 518 519
3 519 520
3 520 521
3 521 522
3 522 523
3 523 524
3 524 525
3 525 526
3 526 527
3 527 528
3 528 529
3 529 530
3 530 531
3 531 532
3 532 533
3 533 534
3 534 535
3 535 536
3 536 537
3 537 538
3 538 539
3 539 540
3 540 541
3 541 542
3 542 543
3 543 544
3 544 545
3 545 546
3 546 547
3 547 548
3 548 549
3 549 550
3 550 551
3 551 552
3 552 553
3 553 554
3 554 555
3 555 556
3 556 557
3 557 558
3 558 559
3 559 560
3 560 561
3 561 562
3 562 563
3 563 564
3 564 565
3 565 566
3 566 567
3 567 568
3 568 569
3 569 570
3 570 571
3 571 572
3 572 573
3 573 574
3 574 575
3 575 576
3 576 577
3 577 578
3 578 579
3 579 580
3 580 581
3 581 582
3 582 583
3 583 584
3 584 585
3 585 586
3 586 587
3 587 588
3 588 589
3 589 590
3 590 591
3 591 592
3 592 593
3 593 594
3 594 595
3 595 596
3 596 597
3 597 598
3 598 599
3 599 600
3 600 601
3 601 602
3 602 603
3 603 604
3 604 605
3 605 606
3 606 607
3 607 608
3 608 609
3 609 610
3 610 611
3 611 612
3 612 613
3 613 614
3 614 615
3 615 616
3 616 617
3 617 618
3 618 619
3 619 620
3 620 621
3 621 622
3 622 623
3 623 624
3 624 625
3 625 626
3 626 627
3 627 628
3 628 629
3 629 630
3 630 631
3 631 632
3 632 633
3 633 634
3 634 635
3 635 636
3 636 637
3 637 638
3 638 639
3 639 640
3 640 641
3 641 642
3 642 643
3 643 644
3 644 645
3 645 646
3 646 647
3 647 648
3 648 649
3 649 650
3 650 651
3 651 652
3 652 653
3 653 654
3 654 655
3 655 656
3 656 657
3 657 658
3 658 659
3 659 660
3 660 661
3 661 662
3 662 663
3 663 664
3 664 665
3 665 666
3 666 667
3 667 668
3 668 669
3 669 670
3 670 671
3 671 672
3 672 673
3 673 674
3 674 675
3 675 676
3 676 677
3 677 678
3 678 679
3 679 680
3 680 681
3 681 682
3 682 683
3 683 684
3 684 685
3 685 686
3 686 687
3 687 688
3 688 689
3 689 690
3 690 691
3 691 692
3 692 693
3 693 694
3 694 695
3 695 696
3 696 697
3 697 698
3 698 699
3 699 700
3 700 701
3 701 702
3 702 703
3 703 704
3 704 705
3 705 706
3 706 707
3 707 708
3 708 709
3 709 710
3 710 711
3 711 712
3 712 713
3 713 714
3 714 715
3 715 716
3 716 717
3 717 718
3 718 719
3 719 720
3 720 721
3 721 722
3 722 723
3 723 724
3 724 725
3 725 726
3 726 727
3 727 728
3 728 729
3 729 730
3 730 731
3 731 732
3 732 733
3 733 734
3 734 735
3 735 736
3 736 737
3 737 738
3 738 739
3 739 740
3 740 741
3 741 742
3 742 743
3 743 744
3 744 745
3 745 746
3 746 747
3 747 748
3 748 749
3 749 750
3 750 751
3 751 752
3 752 753
3 753 754
3 754 755
3 755 756
3 756 757
3 757 758
3 758 759
3 759 760
3 760 761
3 761 762
3 762 763
3 763 764
3 764 765
3 765 766
3 766 767
3 767 768
3 768 769
3 769 770
3 770 771
3 771 772
3 772 773
3 773 774
3 774 775
3 775 776
3 776 777
3 777 778
3 778 779
3 779 780
3 780 781
3 781 782
3 782 783
3 783 784
3 784 785
3 785 786
3 786 787
3 787 788
3 788 789
3 789 790
3 790 791
3 791 792
3 792 793
3 793 794
3 794 795
3 795 796
3 796 797
3 797 798
3 798 799
3 799 800
3 800 801
3 801 802
3 802 803
3 803 804
3 804 805
3 805 806
3 806 807
3 807 808
3 808 809
3 809 810
3 810 811
3 811 812
3 812 813
3 813 814
3 814 815
3 815 816
3 816 817
3 817 818
3 818 819
3 819 820
3 820 821
3 821 822
3 822 823
3 823 824
3 824 825
3 825 826
3 826 827
3 827 828
3 828 829
3 829 830
3 830 831
3 831 832
3 832 833
3 833 834
3 834 835
3 835 836
3 836 837
3 837 838
3 838 839
3 839 840
3 840 841
3 841 842
3 842 843
3 843 844
3 844 845
3 845 846
3 846 847
3 847 848
3 848 849
3 849 850
3 850 851
3 851 852
3 852 853
3 853 854
3 854 855
3 855 856
3 856 857
3 857 858
3 858 859
3 859 860
3 860 861
3 861 862
3 862 863
3 863 864
3 864 865
3 865 866
3 866 867
3 867 868
3 868 869
3 869 870
3 870 871
3 871 872
3 872 873
3 873 874
3 874 875
3 875 876
3 876 877
3 877 878
3 878 879
3 879 880
3 880 881
3 881 882
3 882 883
3 883 884
3 884 885
3 885 886
3 886 887
3 887 888
3 888 889
3 889 890
3 890 891
3 891 892
3 892 893
3 893 894
3 894 895
3 895 896
3 896 897
3 897 898
3 898 899
3 899 900
3 900 901
3 901 902
3 902 903
3 903 904
3 904 905
3 905 906
3 906 907
3 907 908
3 908 909
3 909 910
3 910 911
3 911 912
3 912 913
3 913 914
3 914 915
3 915 916
3 916 917
3 917 918
3 918 919
3 919 920
3 920 921
3 921 922
3 922 923
3 923 924
3 924 925
3 925 926
3 926 927
3 927 928
3 928 929
3 929 930
3 930 931
3 931 932
3 932 933
3 933 934
3 934 935
3 935 936
3 936 937
3 937 938
3 938 939
3 939 940
3 940 941
3 941 942
3 942 943
3 943 944
3 944 945
3 945 946
3 946 947
3 947 948
3 948 949
3 949 950
3 950 951
3 951 952
3 952 953
3 953 954
3 954 955
3 955 956
3 956 957
3 957 958
3 958 959
3 959 960
3 960 961
3 961 962
3 962 963
3 963 964
3 964 965
3 965 966
3 966 967
3 967 968
3 968 969
3 969 970
3 970 971
3 971 972
3 972 973
3 973 974
3 974 975
3 975 976
3 976 977
3 977 978
3 978 979
3 979 980
3 980 981
3 981 982
3 982 983
3 983 984
3 984 985
3 985 986
3 986 987
3 987 988
3 988 989
3 989 990
3 990 991
3 991 992
3 992 993
3 993 994
3 994 995
3 995 996
3 996 997
3 997 998
3 998 999
3 999 1000
3 1000 1001
3 1001 1002
3 1002 1003
3 1003 1004
3 1004 1005
3 1005 1006
3 1006 1007
3 1007 1008
3 1008 1009
3 1009 1010
3 1010 1011
3 1011 1012
3 1012 1013
3 1013 1014
3 1014 1015
3 1015 1016
3 1016 1017
3 1017 1018
3 1018 1019
3 1019 1020
3 1020 1021
3 1021 1022
3 1022 1023
3 1023 1024
3 1024 1025
3 1025 1026
3 1026 1027
3 1027 1028
3 1028 1029
3 1029 1030
3 1030 1031
3 1031 1032
3 1032 1033
3 1033 1034
3 1034 1035
3 1035 1036
3 1036 1037
3 1037 1038
3 1038 1039
3 1039 1040
3 1040 1041
3 1041 1042
3 1042 1043
3 1043 1044
3 1044 1045
3 1045 1046
3 1046 1047
3 1047 1048
3 1048 1049
3 1049 1050
3 1050 1051
3 1051 1052
3 1052 1053
3 1053 1054
3 1054 1055
3 1055 1056
3 1056 1057
3 1057 1058
3 1058 1059
3 1059 1060
3 1060 1061
3 1061 1062
3 1062 1063
3 1063 1064
3 1064 1065
3 1065 1066
3 1066 1067
3 1067 1068
3 1068 1069
3 1069 1070
3 1070 1071
3 1071 1072
3 1072 1073
3 1073 1074
3 1074 1075
3 1075 1076
3 1076 1077
3 1077 1078
3 1078 1079
3 1079 1080
3 1080 1081
3 1081 1082
3 1082 1083
3 1083 1084
3 1084 1085
3 1085 1086
3 1086 1087
3 1087 1088
3 1088 1089
3 1089 1090
3 1090 1091
3 1091 1092
3 1092 1093
3 1093 1094
3 1094 1095
3 1095 1096
3 1096 1097
3 1097 1098
3 1098 1099
3 1099 1100
3 1100 1101
3 1101 1102
3 1102 1103
3 1103 1104
3 1104 1105
3 1105 1106
3 1106 1107
3 1107 1108
3 1108 1109
3 1109 1110
3 1110 1111
3 1111 1112
3 1112 1113
3 1113 1114
3 1114 1115
3 1115 1116
3 1116 1117
3 1117 1118
3 1118 1119
3 1119 1120
3 1120 1121
3 1121 1122
3 1122 1123
3 1123 1124
3 1124 1125
3 1125 1126
3 1126 1127
3 1127 1128
3 1128 1129
3 1129 1130
3 1130 1131
3 1131 1132
3 1132 1133
3 1133 1134
3 1134 1135
3 1135 1136
3 1136 1137
3 1137 1138
3 1138 1139
3 1139 1140
3 1140 1141
3 1141 1142
3 1142 1143
3 1143 1144
3 1144 1145
3 1145 1146
3 1146 1147
3 1147 1148
3 1148 1149
3 1149 1150
3 1150 1151
3 1151 1152
3 1152 1153
3 1153 1154
3 1154 1155
3 1155 1156
3 1156 1157
3 1157 1158
3 1158 1159
3 1159 1160
3 1160 1161
3 1161 1162
3 1162 1163
3 1163 1164
3 1164 1165
3 1165 1166
3 1166 1167
3 1167 1168
3 1168 1169
3 1169 1170
3 1170 1171
3 1171 1172
3 1172 1173
3 1173 1174
3 1174 1175
3 1175 1176
3 1176 1177
3 1177 1178
3 1178 1179
3 1179 1180
3 1180 1181
3 1181 1182
3 1182 1183
3 1183 1184
3 1184 1185
3 1185 1186
3 1186 1187
3 1187 1188
3 1188 1189
3 1189 1190
3 1190 1191
3 1191 1192
3 1192 1193
3 1193 1194
3 1194 1195
3 1195 1196
3 1196 1197
3 1197 1198
3 1198 1199
3 1199 1200
3 1200 1201
3 1201 1202
3 1202 1203
3 1203 1204
3 1204 1205
3 1205 1206
3 1206 1207
3 1207 1208
3 1208 1209
3 1209 1210
3 1210 1211
3 1211 1212
3 1212 1213
3 1213 1214
3 1214 1215
3 1215 1216
3 1216 1217
3 1217 1218
3 1218 1219
3 1219 1220
3 1220 1221
3 1221 1222
3 1222 1223
3 1223 1224
3 1224 1225
3 1225 1226
3 1226 1227
3 1227 1228
3 1228 1229
3 1229 1230
3 1230 1231
3 1231 1232
3 1232 1233
3 1233 1234
3 1234 1235
3 1235 1236
3 1236 1237
3 1237 1238
3 1238 1239
3 1239 1240
3 1240 1241
3 1241 1242
3 1242 1243
3 1243 1244
3 1244 1245
3 1245 1246
3 1246 1247
3 1247 1248
3 1248 1249
3 1249 1250
3 1250 1251
3 1251 1252
3 1252 1253
3 1253 1254
3 1254 1255
3 1255 1256
3 1256 1257
3 1257 1258
3 1258 1259
3 1259 1260
3 1260 1261
3 1261 1262
3 1262 1263
3 1263 1264
3 1264 1265
3 1265 1266
3 1266 1267
3 1267 1268
3 1268 1269
3 1269 1270
3 1270 1271
3 1271 1272
3 1272 1273
3 1273 1274
3 1274 1275
3 1275 1276
3 1276 1277
3 1277 1278
3 1278 1279
3 1279 1280
3 1280 1281
3 1281 1282
3 1282 1283
3 1283 1284
3 1284 1285
3 1285 1286
3 1286 1287
3 1287 1288
3 1288 1289
3 1289 1290
3 1290 1291
3 1291 1292
3 1292 1293
3 1293 1294
3 1294 1295
3 1295 1296
3 1296 1297
3 1297 1298
3 1298 1299
3 1299 1300
3 1300 1301
3 1301 1302
3 1302 1303
3 1303 1304
3 1304 1305
3 1305 1306
3 1306 1307
3 1307 1308
3 1308 1309
3 1309 1310
3 1310 1311
3 1311 1312
3 1312 1313
3 1313 1314
3 1314 1315
3 1315 1316
3 1316 1317
3 1317 1318
3 1318 1319
3 1319 1320
3 1320 1321
3 1321 1322
3 1322 1323
3 1323 1324
3 1324 1325
3 1325 1326
3 1326 1327
3 1327 1328
3 1328 1329
3 1329 1330
3 1330 1331
3 1331 1332
3 1332 1333
3 1333 1334
3 1334 1335
3 1335 1336
3 1336 1337
3 1337 1338
3 1338 1339
3 1339 1340
3 1340 1341
3 1341 1342
3 1342 1343
3 1343 1344
3 1344 1345
3 1345 1346
3 1346 1347
3 1347 1348
3 1348 1349
3 1349 1350
3 1350 1351
3 1351 1352
3 1352 1353
3 1353 1354
3 1354 1355
3 1355 1356
3 1356 1357
3 1357 1358
3 1358 1359
3 1359 1360
3 1360 1361
3 1361 1362
3 1362 1363
3 1363 0
MARKER_TAG= farfield
MARKER_ELEMS= 44
3 1 1364
3 1364 1365
3 1365 1366
3 1366 1367
3 1367 1368
3 1368 1369
3 1369 1370
3 1370 1371
3 1371 1372
3 1372 1373
3 1373 2
3 2 1374
3 1374 1375
3 1375 1376
3 1376 1377
3 1377 1378
3 1378 1379
3 1379 1380
3 1380 1381
3 1381 1382
3 1382 1383
3 1383 3
3 3 1384
3 1384 1385
3 1385 1386
3 1386 1387
3 1387 1388
3 1388 1389
3 1389 1390
3 1390 1391
3 1391 1392
3 1392 1393
3 1393 4
3 4 1394
3 1394 1395
3 1395 1396
3 1396 1397
3 1397 1398
3 1398 1399
3 1399 1400
3 1400 1401
3 1401 1402
3 1402 1403
3 1403 1
